feature,gain_fraction,splits
radiant_nw_adv,0.26639924105733,235.5
logit_market_p_radiant,0.21720973861989806,383.0
market_radiant_prior,0.09764469587558165,549.2
top3_nw_adv,0.04131631749257062,135.5
radiant_xp_adv,0.03653719267980771,114.4
market_p_radiant,0.033122652778141866,55.4
game_total_5m_radiant_nw_adv,0.032222077736413404,95.6
deaths_dire,0.02649263845466648,151.5
market_vs_prior,0.024642599047070026,156.3
deaths_radiant,0.022240564125490515,142.3
top1_nw_adv,0.020189343762576892,122.0
second,0.017923324415224956,91.4
radiant_top3_nw_ratio,0.017181606540468533,113.7
dire_top1_nw_ratio,0.014491242845670828,99.7
game_change_1m_radiant_nw_adv,0.013817008150801478,55.8
dire_top3_nw_ratio,0.013781572263245431,95.4
radiant_top1_nw_ratio,0.01343377798197953,89.4
game_total_5m_radiant_nw,0.011770325314156829,63.5
dire_nw,0.010624753833421314,65.9
radiant_nw,0.01044395706487645,64.0
game_total_5m_top3_nw_adv,0.010068771613914186,45.5
game_total_5m_dire_nw,0.007943096300025775,53.9
game_total_5m_top1_nw_adv,0.006381523006614055,42.3
game_total_5m_dire_top3_nw_ratio,0.005684588567922928,42.4
game_total_5m_dire_top1_nw_ratio,0.004748170073058204,34.8
game_total_5m_radiant_top1_nw_ratio,0.004597568051304532,32.8
game_total_5m_radiant_top3_nw_ratio,0.004452810064069027,31.1
game_change_1m_dire_nw,0.002552894716032231,10.6
game_total_5m_radiant_xp_adv,0.002366582478388269,13.9
game_change_1m_top3_nw_adv,0.0018610345460573182,10.6
game_change_2m_radiant_nw_adv,0.0018161514689274748,12.7
game_change_1m_radiant_xp_adv,0.000825572938596771,7.3
game_change_1m_radiant_nw,0.0006285122427437598,4.5
game_change_3m_radiant_nw_adv,0.0005564959806042542,3.1
game_change_2m_radiant_nw,0.00042287595872773464,1.5
game_change_5m_radiant_nw,0.00038492878385917916,2.7
game_change_2m_radiant_xp_adv,0.0003035168142494186,2.4
game_change_2m_top3_nw_adv,0.0002199927137775799,2.0
game_change_3m_radiant_nw,0.0002141566300839065,1.3
game_change_2m_dire_nw,0.0001901443470928483,1.3
game_change_3m_top1_nw_adv,0.00014517172963825168,0.7
game_change_5m_radiant_nw_adv,0.00014218387605070931,1.2
game_change_2m_dire_top3_nw_ratio,0.00013723313520250664,0.8
game_change_2m_top1_nw_adv,0.00012356066001275592,1.0
game_change_1m_radiant_top1_nw_ratio,0.0001235161683523814,1.1
game_change_1m_radiant_top3_nw_ratio,0.0001232310844338834,1.0
game_change_2m_dire_top1_nw_ratio,0.00011297610001740989,0.9
game_change_3m_radiant_top1_nw_ratio,0.00010568577070121174,0.9
game_change_3m_top3_nw_adv,0.00010271546231068008,0.8
game_change_3m_dire_top3_nw_ratio,0.00010031563158525778,0.8
game_change_3m_dire_nw,8.198331925648525e-05,0.7
game_change_5m_top3_nw_adv,8.013220012752345e-05,0.7
game_change_4m_radiant_top3_nw_ratio,7.187710812063708e-05,0.6
game_change_4m_dire_nw,6.917790619526896e-05,0.6
game_change_1m_dire_top1_nw_ratio,6.766924153899871e-05,0.6
game_change_5m_radiant_top3_nw_ratio,6.380259269234745e-05,0.5
game_change_5m_top1_nw_adv,6.354239887112029e-05,0.6
game_change_4m_top1_nw_adv,6.176501711663255e-05,0.6
game_change_1m_top1_nw_adv,5.818438081456968e-05,0.5
game_change_2m_radiant_top1_nw_ratio,4.965961476113793e-05,0.5
game_change_5m_dire_nw,4.892405535609698e-05,0.3
game_change_4m_top3_nw_adv,4.2241241467420634e-05,0.4
game_change_3m_dire_top1_nw_ratio,4.004549992722355e-05,0.4
game_change_4m_radiant_top1_nw_ratio,3.812699618748544e-05,0.4
game_change_5m_dire_top3_nw_ratio,3.750257839191934e-05,0.3
game_change_5m_radiant_top1_nw_ratio,3.5818988730809426e-05,0.3
game_change_4m_radiant_xp_adv,3.5063095675737745e-05,0.2
game_change_1m_dire_top3_nw_ratio,2.753360737828385e-05,0.3
game_change_2m_radiant_top3_nw_ratio,2.5092153262721842e-05,0.3
game_change_4m_dire_top1_nw_ratio,2.4778412389364562e-05,0.2
game_change_4m_dire_top3_nw_ratio,2.2545042611015487e-05,0.2
game_change_4m_radiant_nw,1.817884356446839e-05,0.2
game_change_4m_radiant_nw_adv,8.13289785878683e-06,0.1
game_change_3m_radiant_top3_nw_ratio,7.6158539568575595e-06,0.1
game_change_5m_dire_top1_nw_ratio,0.0,0.0
game_change_5m_radiant_xp_adv,0.0,0.0
game_change_3m_radiant_xp_adv,0.0,0.0
