match_id,slug,horn,delta,delta_engine,net_a,net_b,series
8837869969,dota2-aur1-ty-2026-06-04-game1,2026-06-04T09:17:47.612000+00:00,4.433423728333288,5.36113333333329,31.487944736666652,27.054521008333364,dota2-aur1-ty-2026-06-04
8837957019,dota2-aur1-ty-2026-06-04-game2,2026-06-04T11:05:49.570000+00:00,41.22506992583336,42.586033333333354,-31.54586699249998,-72.77093691833333,dota2-aur1-ty-2026-06-04
8838056564,dota2-flc-liquid-2026-06-04-game1,2026-06-04T12:43:48.535000+00:00,1.4003083083333259,2.2545333333333257,1.4811000033333335,0.08079169500000775,dota2-flc-liquid-2026-06-04
8838170936,dota2-flc-liquid-2026-06-04-game2,2026-06-04T14:05:12.636000+00:00,18.67011491696458,17.36780406666658,5.7013135589386765,-12.968801358025901,dota2-flc-liquid-2026-06-04
8838396820,dota2-lgd-ty-2026-06-04-game2,2026-06-04T16:48:28.531000+00:00,-6.471878088488964,-6.4924336199999635,-7.977522283669987,-1.5056441951810224,dota2-lgd-ty-2026-06-04
8838480778,dota2-lgd-ty-2026-06-04,2026-06-04T17:57:47.377000+00:00,-5.753662278333324,-6.618533333333327,-27.308659244751755,-21.55499696641843,dota2-lgd-ty-2026-06-04
8839123109,dota2-flc-bb4-2026-06-05-game1,2026-06-05T09:16:39.267000+00:00,49.56022648440802,50.27041672000002,-7.908761311666666,-57.468987796074686,dota2-flc-bb4-2026-06-05
8839193447,dota2-flc-bb4-2026-06-05-game2,2026-06-05T10:38:10.594000+00:00,-6.864027103986075,-6.392043523333325,12.975638097070473,19.83966520105655,dota2-flc-bb4-2026-06-05
8839366504,dota2-lgd-liquid-2026-06-05-game2,2026-06-05T13:21:18.066000+00:00,-16.16892590663331,-16.11596693333331,-38.662676068543995,-22.493750161910683,dota2-lgd-liquid-2026-06-05
8839494962,dota2-flc-aur1-2026-06-05-game1,2026-06-05T14:52:18.684000+00:00,7.648525046130906,7.736131096666656,24.49817341446428,16.849648368333376,dota2-flc-aur1-2026-06-05
8839625815,dota2-flc-aur1-2026-06-05-game2,2026-06-05T16:13:53.150000+00:00,9.055300245000012,8.547000000000011,12.553259334362677,3.497959089362665,dota2-flc-aur1-2026-06-05
8839717574,dota2-flc-aur1-2026-06-05,2026-06-05T17:21:15.591000+00:00,-4.94829864523163,-3.0401783833333815,5.230476241300989,10.17877488653262,dota2-flc-aur1-2026-06-05
8840635639,dota2-ty-bb4-2026-06-06-game1,2026-06-06T10:47:49.658000+00:00,-1.4280919366666938,-1.187466666666694,5.421263505938131,6.849355442604825,dota2-ty-bb4-2026-06-06
8840704374,dota2-ty-bb4-2026-06-06-game2,2026-06-06T11:51:44.485000+00:00,11.416805907499969,14.20969999999997,-5.26020325266884,-16.677009160168808,dota2-ty-bb4-2026-06-06
8840821227,dota2-ty-bb4-2026-06-06,2026-06-06T13:12:37.368000+00:00,15.036281934166611,14.989766666666611,46.626282989529784,31.59000105536317,dota2-ty-bb4-2026-06-06
8840984097,dota2-aur1-lgd-2026-06-06-game1,2026-06-06T15:05:33.978000+00:00,0.754557955833421,0.7758333333334212,2.07990467194179,1.3253467161083694,dota2-aur1-lgd-2026-06-06
8841114801,dota2-aur1-lgd-2026-06-06-game2,2026-06-06T16:30:29.855000+00:00,22.510232850173633,22.914433586666632,16.22083799649298,-6.289394853680657,dota2-aur1-lgd-2026-06-06
8842052142,dota2-bb4-lgd-2026-06-07-game1,2026-06-07T09:18:04.694000+00:00,-16.23704120325853,-16.38543358000003,29.795602195149645,46.032643398408176,dota2-bb4-lgd-2026-06-07
8842134886,dota2-bb4-lgd-2026-06-07-game2,2026-06-07T10:28:41.168000+00:00,28.16390420416667,29.35596666666667,13.538191761775645,-14.62571244239102,dota2-bb4-lgd-2026-06-07
8842245726,dota2-bb4-lgd-2026-06-07,2026-06-07T11:59:53.564000+00:00,-13.54779353833334,-13.308533333333338,-13.888547045275933,-0.3407535069425934,dota2-bb4-lgd-2026-06-07
8842468101,dota2-ty-lgd-2026-06-07-game1,2026-06-07T14:21:40.854000+00:00,-8.335185924136573,-8.612504543333316,-44.4877069181724,-36.15252099403583,dota2-ty-lgd-2026-06-07
8842596730,dota2-ty-lgd-2026-06-07-game2,2026-06-07T15:49:20.066000+00:00,3.851322930833312,4.134033333333311,-5.577975390638666,-9.429298321471977,dota2-ty-lgd-2026-06-07
8842722527,dota2-ty-lgd-2026-06-07-game3,2026-06-07T17:12:22.566000+00:00,-17.767433339166743,-16.891566666666744,29.521541500174564,47.28897483934131,dota2-ty-lgd-2026-06-07
8842845018,dota2-ty-lgd-2026-06-07-game4,2026-06-07T18:51:58.999000+00:00,0.0,0.0,0.7941302583333347,0.7941302583333347,dota2-ty-lgd-2026-06-07
8843465364,dota2-4iki-nande4-2026-06-08-game1,2026-06-08T09:15:08.776000+00:00,0.4288211750000022,0.32400000000000206,-18.63830220079017,-19.06712337579017,dota2-4iki-nande4-2026-06-08
8843512570,dota2-4iki-nande4-2026-06-08-game2,2026-06-08T10:09:45.609000+00:00,17.444050080541903,18.035300496666654,1.1090250699999993,-16.3350250105419,dota2-4iki-nande4-2026-06-08
8843560379,dota2-4iki-nande4-2026-06-08,2026-06-08T11:10:54.138000+00:00,6.393122968333319,7.0007333333333195,-8.033070499081564,-14.426193467414883,dota2-4iki-nande4-2026-06-08
8843760302,dota2-vpp-balu-2026-06-08-game2,2026-06-08T13:42:26.324000+00:00,-0.03414969833332945,-0.03313333333332954,3.0441329683333307,3.07828266666666,dota2-vpp-balu-2026-06-08
8844054970,dota2-z10-sb5-2026-06-08-game2,2026-06-08T17:08:41.204000+00:00,-3.0740719450000014,-3.0198,23.57363857333334,26.64771051833334,dota2-z10-sb5-2026-06-08
8844132483,dota2-vpp-z10-2026-06-08-game1,2026-06-08T18:23:01.210000+00:00,0.0,0.0,0.0,0.0,dota2-vpp-z10-2026-06-08
8844244719,dota2-vpp-z10-2026-06-08-game2,2026-06-08T19:45:42.908000+00:00,4.6786859124999856,4.663499999999986,17.412772803333326,12.73408689083334,dota2-vpp-z10-2026-06-08
8844308689,dota2-vpp-z10-2026-06-08,2026-06-08T20:50:38.757000+00:00,26.219465915833315,26.302033333333313,114.69652500583332,88.47705909000001,dota2-vpp-z10-2026-06-08
8850534819,dota2-ill-pr1-2026-06-13-game2,2026-06-13T17:10:42.502000+00:00,3.9527679720580022,4.095318640000002,-1.1255628404346503,-5.078330812492653,dota2-ill-pr1-2026-06-13
8850593633,dota2-ill-pr1-2026-06-13,2026-06-13T18:00:57.551000+00:00,0.0,0.0,0.0,0.0,dota2-ill-pr1-2026-06-13
8851984783,dota2-4iki-pr1-2026-06-14-game2,2026-06-14T16:46:25.798000+00:00,1.2179025108333439,2.0360333333333442,-3.2681727850000075,-4.486075295833351,dota2-4iki-pr1-2026-06-14
8852055373,dota2-4iki-pr1-2026-06-14,2026-06-14T17:46:02.690000+00:00,-18.496205858333322,-19.534133333333326,-22.679912108333323,-4.183706249999998,dota2-4iki-pr1-2026-06-14
8854443395,dota2-fla-spirit1-2026-06-16-game1,2026-06-16T16:31:44.570000+00:00,-7.288640092499993,-7.426099999999994,-9.506459236666663,-2.217819144166669,dota2-fla-spirit1-2026-06-16
8885183102,dota2-flc-bb4-2026-07-07-game1,2026-07-07T09:47:24.433000+00:00,13.185867589895816,13.278820833333318,-13.037918700229406,-26.223786290125222,dota2-flc-bb4-2026-07-07
8885195986,dota2-re-xtreme-2026-07-07-game1,2026-07-07T09:55:03.037000+00:00,-8.666098475833381,-7.855033333333384,8.312469771907972,16.978568247741357,dota2-re-xtreme-2026-07-07
8885252329,dota2-flc-bb4-2026-07-07-game2,2026-07-07T11:01:59.599000+00:00,3.906640603333267,5.841333333333267,-4.36628551752093,-8.272926120854196,dota2-flc-bb4-2026-07-07
8885275216,dota2-re-xtreme-2026-07-07-game2,2026-07-07T11:16:11.813000+00:00,5.1399999441666475,6.336766666666648,-1.554132458958321,-6.694132403124969,dota2-re-xtreme-2026-07-07
8885365825,dota2-l1ga-ngx-2026-07-07-game1,2026-07-07T12:34:49.112000+00:00,-12.778131573333331,-12.698133333333331,4.799414133333335,17.577545706666665,dota2-l1ga-ngx-2026-07-07
8885380529,dota2-liquid-playti-2026-07-07-game1,2026-07-07T12:43:07.045000+00:00,-2.216925336666668,-3.0102666666666686,-2.1307720033333344,0.08615333333333401,dota2-liquid-playti-2026-07-07
8885411801,dota2-lvlup1-aur1-2026-07-07-game1,2026-07-07T13:06:28.530000+00:00,2.6119030441666578,2.6903666666666575,-4.12036011583333,-6.732263159999988,dota2-lvlup1-aur1-2026-07-07
8885470551,dota2-l1ga-ngx-2026-07-07-game2,2026-07-07T13:39:34.570000+00:00,-0.3887474166667098,0.09173333333329008,12.639499301458315,13.028246718125027,dota2-l1ga-ngx-2026-07-07
8885473599,dota2-liquid-playti-2026-07-07-game2,2026-07-07T13:52:27.923000+00:00,-17.570704422551987,-15.183418439999988,16.56873365505149,34.13943807760348,dota2-liquid-playti-2026-07-07
8885529711,dota2-lvlup1-aur1-2026-07-07-game2,2026-07-07T14:23:52.590000+00:00,-1.9779466508333599,-1.97583333333336,8.647527466561638,10.625474117394996,dota2-lvlup1-aur1-2026-07-07
8885633666,dota2-ts8-mouz-2026-07-07-game1,2026-07-07T15:33:28.678000+00:00,-4.035387118879323,-2.863511613333325,64.81645289362068,68.8518400125,dota2-ts8-mouz-2026-07-07
8885665054,dota2-nem-pari-2026-07-07-game1,2026-07-07T15:41:38.548000+00:00,-1.7370151891666492,-1.2933666666666497,25.995792748091674,27.732807937258325,dota2-nem-pari-2026-07-07
8885784652,dota2-ts8-mouz-2026-07-07-game2,2026-07-07T17:16:32.961000+00:00,3.333519763333354,4.2429333333333545,-11.872007494939998,-15.20552725827335,dota2-ts8-mouz-2026-07-07
8885871759,dota2-ic-1win-2026-07-07-game1,2026-07-07T18:31:07.999000+00:00,0.0,0.0,0.13201991666666693,0.13201991666666693,dota2-ic-1win-2026-07-07
8885928262,dota2-ty-og-2026-07-07-game1,2026-07-07T19:03:44.444000+00:00,-55.3493326025,-54.983900000000006,17.273836837500003,72.62316944,dota2-ty-og-2026-07-07
8885974297,dota2-ic-1win-2026-07-07-game2,2026-07-07T19:32:14.446000+00:00,0.0,0.0,0.0,0.0,dota2-ic-1win-2026-07-07
8886005043,dota2-ty-og-2026-07-07-game2,2026-07-07T20:03:05.981000+00:00,2.9992990933333292,3.174533333333329,-1.6646471166666632,-4.663946209999993,dota2-ty-og-2026-07-07
8886576019,dota2-poorra-bb4-2026-07-08-game1,2026-07-08T09:20:01.472000+00:00,12.88133333333334,13.333333333333337,-5.292873831666668,-18.17420716500001,dota2-poorra-bb4-2026-07-08
8886572854,dota2-gl-xtreme-2026-07-08-game1,2026-07-08T09:27:27.007000+00:00,28.444366517500026,29.440700000000025,-31.386096882499974,-59.830463400000006,dota2-gl-xtreme-2026-07-08
8886638110,dota2-poorra-bb4-2026-07-08-game2,2026-07-08T10:36:00.005000+00:00,0.3700316666666632,0.3266666666666633,1.6225842449999954,1.2525525783333322,dota2-poorra-bb4-2026-07-08
8886640910,dota2-flc-re-2026-07-08-game2,2026-07-08T10:39:41.623000+00:00,-12.485476343085919,-12.293344356666665,3.682804613919243,16.168280957005162,dota2-flc-re-2026-07-08
8886641793,dota2-gl-xtreme-2026-07-08-game2,2026-07-08T10:45:04.782000+00:00,-55.45060704158775,-56.48456637000001,-10.142657888491193,45.30794915309656,dota2-gl-xtreme-2026-07-08
8886728756,dota2-l1ga-playti-2026-07-08-game1,2026-07-08T12:02:19.795000+00:00,22.81001447719997,25.229707599999973,9.955619226366672,-12.8543952508333,dota2-l1ga-playti-2026-07-08
8886736772,dota2-liquid-lvlup1-2026-07-08-game1,2026-07-08T12:08:59.488000+00:00,-4.9050392400000264,-4.651200000000027,2.452519619999999,7.357558860000026,dota2-liquid-lvlup1-2026-07-08
8886788497,dota2-ngx-aur1-2026-07-08-game1,2026-07-08T12:47:30.744000+00:00,-3.9048357667518165,-3.601805073333317,0.9281817771185062,4.833017543870323,dota2-ngx-aur1-2026-07-08
8886815251,dota2-l1ga-playti-2026-07-08-game2,2026-07-08T13:04:20.712000+00:00,-36.48003162333332,-35.72933333333332,22.578916888333353,59.05894851166667,dota2-l1ga-playti-2026-07-08
8886862310,dota2-liquid-lvlup1-2026-07-08-game2,2026-07-08T13:37:25.898000+00:00,-17.93702432249999,-17.570699999999988,11.541215171666678,29.47823949416666,dota2-liquid-lvlup1-2026-07-08
8886994890,dota2-ts8-nem-2026-07-08-game1,2026-07-08T14:59:11.781000+00:00,0.0,0.0,-0.02041083333333321,-0.02041083333333321,dota2-ts8-nem-2026-07-08
8887114313,dota2-ts8-nem-2026-07-08-game2,2026-07-08T16:15:19.583000+00:00,8.248720405196307,8.449930253333306,-18.644913497499996,-26.893633902696298,dota2-ts8-nem-2026-07-08
8887100676,dota2-vg-pari-2026-07-08-game1,2026-07-08T16:18:23.954000+00:00,-0.38916780416668123,-0.3621666666666812,0.4990021120999954,0.8881699162666766,dota2-vg-pari-2026-07-08
8887197358,dota2-vg-pari-2026-07-08-game2,2026-07-08T17:23:00.102000+00:00,3.667456154999934,3.6383999999999332,-10.689765195833393,-14.357221350833328,dota2-vg-pari-2026-07-08
8887218598,dota2-lgd-og-2026-07-08-game1,2026-07-08T17:27:41.870000+00:00,1.5219326875000008,1.394100000000001,2.1884201875000016,0.6664875000000005,dota2-lgd-og-2026-07-08
8887260104,dota2-ty-ic-2026-07-08-game1,2026-07-08T17:58:24.214000+00:00,0.0,0.0,0.10969806249999996,0.10969806249999996,dota2-ty-ic-2026-07-08
8887314193,dota2-lgd-og-2026-07-08-game2,2026-07-08T18:40:30.736000+00:00,8.60792693750002,8.075300000000018,-39.19762097995863,-47.80554791745865,dota2-lgd-og-2026-07-08
8887325211,dota2-vp-1win-2026-07-08-game1,2026-07-08T18:51:24.334000+00:00,14.56818060333328,14.926133333333283,-31.900593503850008,-46.46877410718329,dota2-vp-1win-2026-07-08
8887337672,dota2-ty-ic-2026-07-08-game2,2026-07-08T19:01:29.872000+00:00,-0.8851550958333227,-0.7398333333333227,0.47478132083333335,1.359936416666656,dota2-ty-ic-2026-07-08
8887432754,dota2-vp-1win-2026-07-08-game2,2026-07-08T20:20:02.742000+00:00,-34.18101503834969,-33.98246398666669,34.50505228165033,68.68606732000002,dota2-vp-1win-2026-07-08
8887986392,dota2-poorra-xtreme-2026-07-09-game1,2026-07-09T09:21:30.237000+00:00,1.0009428508333638,0.8670333333333625,-23.494435516564565,-24.49537836739793,dota2-poorra-xtreme-2026-07-09
8887998750,dota2-bb4-re-2026-07-09-game1,2026-07-09T09:29:32.198000+00:00,-10.052185668404519,-10.835433780000017,-12.473149001737857,-2.420963333333338,dota2-bb4-re-2026-07-09
8888056358,dota2-poorra-xtreme-2026-07-09-game2,2026-07-09T10:34:44.979000+00:00,8.931578219166731,9.23056666666673,-8.48676470916668,-17.418342928333413,dota2-poorra-xtreme-2026-07-09
8888066684,dota2-bb4-re-2026-07-09-game2,2026-07-09T10:43:25.275000+00:00,9.116873303863992,9.536065919999992,-6.8318537913639945,-15.948727095227985,dota2-bb4-re-2026-07-09
8888083694,dota2-gl-flc-2026-07-09-game2,2026-07-09T11:11:32.224000+00:00,-26.010778628958352,-24.691044333333352,18.191992729418,44.20277135837636,dota2-gl-flc-2026-07-09
8888160657,dota2-l1ga-aur1-2026-07-09-game1,2026-07-09T12:09:38.901000+00:00,-0.47036810712402133,-0.7755353600000218,5.519088571333313,5.989456678457334,dota2-l1ga-aur1-2026-07-09
8888173515,dota2-playti-lvlup1-2026-07-09-game1,2026-07-09T12:20:27.216000+00:00,-19.125883052499983,-18.665499999999984,9.752358557500012,28.878241609999993,dota2-playti-lvlup1-2026-07-09
8888217771,dota2-ngx-liquid-2026-07-09-game1,2026-07-09T12:52:14.212000+00:00,-15.179252709493307,-14.214651733333307,10.310994765000014,25.49024747449332,dota2-ngx-liquid-2026-07-09
8888260336,dota2-l1ga-aur1-2026-07-09-game2,2026-07-09T13:20:05.771000+00:00,7.286846756666686,7.061666666666686,-6.405201767499993,-13.69204852416668,dota2-l1ga-aur1-2026-07-09
8888279558,dota2-playti-lvlup1-2026-07-09-game2,2026-07-09T13:33:23.111000+00:00,-26.407648808333324,-26.022333333333325,14.194917278333348,40.60256608666668,dota2-playti-lvlup1-2026-07-09
8888318197,dota2-ngx-liquid-2026-07-09-game2,2026-07-09T14:04:08.888000+00:00,-1.9383298026366909,-1.257876066666692,7.570481503333287,9.508811305969978,dota2-ngx-liquid-2026-07-09
8888405761,dota2-mouz-nem-2026-07-09-game1,2026-07-09T14:48:45.816000+00:00,-7.699091400000015,-7.2072000000000145,3.849688133333333,11.548779533333347,dota2-mouz-nem-2026-07-09
8888425887,dota2-rnx-pari-2026-07-09-game1,2026-07-09T15:02:02.148000+00:00,-0.17072028333333597,0.01326666666666417,3.0587458316666556,3.229466114999991,dota2-rnx-pari-2026-07-09
8888489297,dota2-vg-ts8-2026-07-09-game1,2026-07-09T15:42:43.149000+00:00,44.55839711000001,45.71440000000001,-20.151980669999983,-64.71037777999999,dota2-vg-ts8-2026-07-09
8888555097,dota2-mouz-nem-2026-07-09-game2,2026-07-09T16:24:34.308000+00:00,20.121487269999946,21.31279999999995,-18.21942889416667,-38.340916164166615,dota2-mouz-nem-2026-07-09
8888554919,dota2-rnx-pari-2026-07-09-game2,2026-07-09T16:26:10.054000+00:00,0.0,0.0,0.0,0.0,dota2-rnx-pari-2026-07-09
8888592426,dota2-vg-ts8-2026-07-09-game2,2026-07-09T16:59:54.115000+00:00,4.143226822500032,4.793700000000031,-2.645630147499998,-6.788856970000029,dota2-vg-ts8-2026-07-09
8888682602,dota2-og-ic-2026-07-09-game1,2026-07-09T17:53:01.981000+00:00,56.58262756866818,58.80638160666668,-27.15540862418384,-83.73803619285202,dota2-og-ic-2026-07-09
8888693655,dota2-vp-ty-2026-07-09-game1,2026-07-09T18:07:57.629000+00:00,-0.23999711999999995,0.0,0.12000383999999999,0.36000096,dota2-vp-ty-2026-07-09
8888731478,dota2-lgd-1win-2026-07-09-game1,2026-07-09T18:35:20.326000+00:00,-4.9301889754953985,-4.084885716666647,1.4860744998094149,6.416263475304813,dota2-lgd-1win-2026-07-09
8888771711,dota2-og-ic-2026-07-09-game2,2026-07-09T19:04:50.495000+00:00,-0.20849949999999975,-0.21999999999999975,-0.20849949999999975,0.0,dota2-og-ic-2026-07-09
8888819433,dota2-lgd-1win-2026-07-09-game2,2026-07-09T19:41:02.532000+00:00,19.75454621018343,18.51946419666668,21.502432277827257,1.747886067643826,dota2-lgd-1win-2026-07-09
8889452921,dota2-re-gl-2026-07-10-game1,2026-07-10T09:17:34.068000+00:00,-20.282310544999955,-19.682399999999955,57.77091660194608,78.05322714694603,dota2-re-gl-2026-07-10
8889468264,dota2-xtreme-bb4-2026-07-10-game1,2026-07-10T09:26:30.741000+00:00,-17.72366818749993,-18.546099999999928,-22.825102527499933,-5.101434340000003,dota2-xtreme-bb4-2026-07-10
8889513730,dota2-poorra-flc-2026-07-10-game2,2026-07-10T10:17:36.842000+00:00,-0.08715446249999566,-0.07349999999999568,1.395064287500004,1.4822187500000001,dota2-poorra-flc-2026-07-10
8889524021,dota2-xtreme-bb4-2026-07-10-game2,2026-07-10T10:37:39.793000+00:00,1.5375433825000195,2.0207000000000193,1.7033091049096807,0.16576572240966103,dota2-xtreme-bb4-2026-07-10
8889538949,dota2-re-gl-2026-07-10-game2,2026-07-10T10:40:57.402000+00:00,18.71127562583338,19.23083333333338,-13.500679466666634,-32.21195509250001,dota2-re-gl-2026-07-10
8889615310,dota2-l1ga-liquid-2026-07-10-game1,2026-07-10T11:48:20.990000+00:00,-6.120532237632996,-5.566735319999995,1.9276087841488245,8.048141021781818,dota2-l1ga-liquid-2026-07-10
8889621582,dota2-aur1-playti-2026-07-10-game1,2026-07-10T11:57:42.116000+00:00,42.634008972499984,43.596899999999984,-35.68558267531865,-78.31959164781864,dota2-aur1-playti-2026-07-10
8889699098,dota2-l1ga-liquid-2026-07-10-game2,2026-07-10T12:46:15.831000+00:00,0.0,0.0,0.0,0.0,dota2-l1ga-liquid-2026-07-10
8889733840,dota2-aur1-playti-2026-07-10-game2,2026-07-10T13:14:22.837000+00:00,70.11296157583337,72.80823333333336,-35.057014106666664,-105.16997568250002,dota2-aur1-playti-2026-07-10
8889871314,dota2-nem-vg-2026-07-10-game1,2026-07-10T14:27:52.631000+00:00,-24.509232059937663,-24.007146786666663,7.850818541666668,32.360050601604335,dota2-nem-vg-2026-07-10
8889914618,dota2-pari-mouz-2026-07-10-game1,2026-07-10T14:59:49.254000+00:00,8.72624589175481,8.98080931333331,-1.8913085660893245,-10.617554457844134,dota2-pari-mouz-2026-07-10
8889944251,dota2-rnx-ts8-2026-07-10-game1,2026-07-10T15:15:29.857000+00:00,-7.735304822499951,-7.561899999999952,8.433932405833326,16.169237228333277,dota2-rnx-ts8-2026-07-10
8890008812,dota2-nem-vg-2026-07-10-game2,2026-07-10T15:49:04.827000+00:00,-36.29874240083331,-35.57963333333331,20.18216434583333,56.48090674666664,dota2-nem-vg-2026-07-10
8890036748,dota2-pari-mouz-2026-07-10-game2,2026-07-10T16:15:07.698000+00:00,-0.6896645208333378,-0.6540333333333379,4.370093708333333,5.059758229166671,dota2-pari-mouz-2026-07-10
8890074597,dota2-rnx-ts8-2026-07-10-game2,2026-07-10T16:28:42.555000+00:00,0.0,0.0,0.0,0.0,dota2-rnx-ts8-2026-07-10
8890179830,dota2-lgd-ty-2026-07-10-game1,2026-07-10T17:38:53.401000+00:00,32.217275568333356,31.998333333333353,55.13797713583333,22.920701567499975,dota2-lgd-ty-2026-07-10
8890270555,dota2-1win-og-2026-07-10-game2,2026-07-10T18:36:26.467000+00:00,0.0,0.0,0.0,0.0,dota2-1win-og-2026-07-10
8890268632,dota2-lgd-ty-2026-07-10-game2,2026-07-10T18:43:14.663000+00:00,15.481351408984345,16.045521613333346,-15.914444660000003,-31.395796068984342,dota2-lgd-ty-2026-07-10
8890301402,dota2-ic-vp-2026-07-10-game2,2026-07-10T18:52:09.717000+00:00,0.0,0.0,0.0,0.0,dota2-ic-vp-2026-07-10
8891108843,dota2-poorra-re-2026-07-11-game1,2026-07-11T09:15:44.932000+00:00,5.1851097624999944,5.172699999999993,40.72997611583334,35.54486635333334,dota2-poorra-re-2026-07-11
8891108985,dota2-bb4-gl-2026-07-11-game1,2026-07-11T09:17:06.187000+00:00,-0.8460621125000231,-0.2497000000000232,0.551439595233326,1.3975017077333494,dota2-bb4-gl-2026-07-11
8891145641,dota2-xtreme-flc-2026-07-11-game1,2026-07-11T09:30:07.111000+00:00,0.0,0.0,0.0,0.0,dota2-xtreme-flc-2026-07-11
8891217710,dota2-poorra-re-2026-07-11-game2,2026-07-11T10:44:50.172000+00:00,45.23566256666664,46.59766666666663,-45.58743077159585,-90.82309333826248,dota2-poorra-re-2026-07-11
8891240327,dota2-xtreme-flc-2026-07-11-game2,2026-07-11T11:01:14.698000+00:00,-4.612991687500012,-3.4935000000000103,4.946948087545835,9.559939775045848,dota2-xtreme-flc-2026-07-11
8891325877,dota2-l1ga-lvlup1-2026-07-11-game1,2026-07-11T12:09:46.181000+00:00,4.560239051249986,5.283133999999985,-18.04321663166667,-22.603455682916657,dota2-l1ga-lvlup1-2026-07-11
8891349244,dota2-playti-ngx-2026-07-11-game1,2026-07-11T12:27:52.369000+00:00,-23.048729936666643,-20.04066666666664,15.412536594999992,38.46126653166663,dota2-playti-ngx-2026-07-11
8891371442,dota2-aur1-liquid-2026-07-11-game1,2026-07-11T12:43:19.319000+00:00,4.080092304166661,4.006166666666661,5.709503763541665,1.6294114593750046,dota2-aur1-liquid-2026-07-11
8891438996,dota2-l1ga-lvlup1-2026-07-11-game2,2026-07-11T13:19:40.554000+00:00,-18.006581988333348,-17.165533333333347,16.38868283833332,34.39526482666667,dota2-l1ga-lvlup1-2026-07-11
8891497910,dota2-aur1-liquid-2026-07-11-game2,2026-07-11T13:53:37.287000+00:00,-23.642260362499968,-23.245299999999972,19.38561231666667,43.02787267916664,dota2-aur1-liquid-2026-07-11
8891519142,dota2-playti-ngx-2026-07-11-game2,2026-07-11T14:08:43.754000+00:00,21.0792117008333,21.566033333333298,-33.91652333416664,-54.99573503499994,dota2-playti-ngx-2026-07-11
8892829232,dota2-mouz-vg-2026-07-12-game1,2026-07-12T09:15:57.248000+00:00,-93.3693009735623,-94.42612823333332,-108.61431484356233,-15.245013870000015,dota2-mouz-vg-2026-07-12
8892835652,dota2-rnx-nem-2026-07-12-game1,2026-07-12T09:19:01.546000+00:00,6.863780399999996,7.843199999999996,-2.0050095333333453,-8.86878993333334,dota2-rnx-nem-2026-07-12
8892836635,dota2-pari-ts8-2026-07-12-game1,2026-07-12T09:26:06.808000+00:00,11.825588515000021,13.890200000000021,-10.410323913333272,-22.235912428333293,dota2-pari-ts8-2026-07-12
8892923329,dota2-mouz-vg-2026-07-12-game2,2026-07-12T10:25:59.512000+00:00,2.686665064089515,3.127574700000016,-36.54522622963234,-39.23189129372186,dota2-mouz-vg-2026-07-12
8892914077,dota2-pari-ts8-2026-07-12-game2,2026-07-12T10:31:28.406000+00:00,-5.995190738496777,-6.1475292700000255,-1.4354149892533634,4.559775749243413,dota2-pari-ts8-2026-07-12
8892958964,dota2-rnx-nem-2026-07-12-game2,2026-07-12T10:53:08.655000+00:00,34.358676670000015,35.032800000000016,-58.36009232500004,-92.71876899500005,dota2-rnx-nem-2026-07-12
8893070561,dota2-1win-ty-2026-07-12-game1,2026-07-12T12:14:45.162000+00:00,5.383039626925256,5.156849813333257,11.442198482925713,6.059158856000457,dota2-1win-ty-2026-07-12
8893106015,dota2-og-vp-2026-07-12-game1,2026-07-12T12:36:42.440000+00:00,5.237278891666667,5.0506666666666655,6.375294434999994,1.1380155433333279,dota2-og-vp-2026-07-12
8893165071,dota2-1win-ty-2026-07-12-game2,2026-07-12T13:18:20.777000+00:00,17.109075187499954,17.63549999999995,-29.164365093214684,-46.273440280714645,dota2-1win-ty-2026-07-12
8893253595,dota2-og-vp-2026-07-12-game2,2026-07-12T13:56:28.498000+00:00,-1.448074954399995,-1.938297599999995,-0.20659446068599516,1.2414804937139998,dota2-og-vp-2026-07-12
8896139222,dota2-re-vp-2026-07-14-game1,2026-07-14T11:15:10.363000+00:00,-16.15964751916666,-14.689566666666662,8.343802300000004,24.50344981916666,dota2-re-vp-2026-07-14
8896140998,dota2-liquid-xtreme-2026-07-14-game1,2026-07-14T11:24:31.795000+00:00,21.351142881695356,22.48551805333336,-7.787586577788018,-29.138729459483375,dota2-liquid-xtreme-2026-07-14
8896234088,dota2-re-vp-2026-07-14-game2,2026-07-14T12:30:48.003000+00:00,12.03495424250003,12.50990000000003,-8.247489309166676,-20.282443551666706,dota2-re-vp-2026-07-14
8896267691,dota2-liquid-xtreme-2026-07-14-game2,2026-07-14T13:05:08.216000+00:00,-13.400818425799969,-13.88917759999997,-20.627447836384487,-7.226629410584516,dota2-liquid-xtreme-2026-07-14
8896380183,dota2-re-vp-2026-07-14,2026-07-14T14:02:34.965000+00:00,12.486900096666643,12.598466666666646,-52.55001845333339,-65.03691855000002,dota2-re-vp-2026-07-14
8896486914,dota2-liquid-xtreme-2026-07-14,2026-07-14T15:13:00.049000+00:00,4.225551774271331,4.886393093333331,-1.4499934136283434,-5.675545187899675,dota2-liquid-xtreme-2026-07-14
8896645659,dota2-lgd-mouz-2026-07-14-game1,2026-07-14T16:55:49.823000+00:00,0.0,0.0,0.12257110666666667,0.12257110666666667,dota2-lgd-mouz-2026-07-14
8896731473,dota2-lgd-mouz-2026-07-14-game2,2026-07-14T18:02:11.857000+00:00,10.894496405000032,11.28520000000003,-19.257983109999994,-30.152479515000024,dota2-lgd-mouz-2026-07-14
8897585705,dota2-aur1-re-2026-07-15-game1,2026-07-15T11:19:40.513000+00:00,16.18401129750002,16.410100000000018,-28.752335008706485,-44.9363463062065,dota2-aur1-re-2026-07-15
8897588873,dota2-ts8-liquid-2026-07-15-game1,2026-07-15T11:25:30.473000+00:00,3.6662127474499346,4.991106016666685,-9.884513793423423,-13.550726540873358,dota2-ts8-liquid-2026-07-15
8897695379,dota2-aur1-re-2026-07-15-game2,2026-07-15T12:41:48.340000+00:00,6.3140902225000035,6.568900000000004,-1.104093888333332,-7.418184110833336,dota2-aur1-re-2026-07-15
8897696869,dota2-ts8-liquid-2026-07-15-game2,2026-07-15T12:54:25.976000+00:00,-8.12900790428511,-4.80317460333336,17.32768452974824,25.456692434033346,dota2-ts8-liquid-2026-07-15
8897831774,dota2-ts8-liquid-2026-07-15,2026-07-15T14:13:24.528000+00:00,-2.9675046153336933,-2.606995426666694,0.39224194513216654,3.3597465604658603,dota2-ts8-liquid-2026-07-15
8897841991,dota2-1win-vg-2026-07-15-game1,2026-07-15T14:22:22.284000+00:00,-4.271739179999989,-3.555599999999989,1.9697771416666778,6.2415163216666665,dota2-1win-vg-2026-07-15
8897971312,dota2-1win-vg-2026-07-15-game2,2026-07-15T15:33:39.656000+00:00,-13.147001509166623,-11.753166666666624,5.6300216845440145,18.777023193710637,dota2-1win-vg-2026-07-15
8898003442,dota2-bb4-lgd-2026-07-15-game1,2026-07-15T15:56:58.589000+00:00,3.0863382514229207,2.0947649166666706,2.260990334756254,-0.8253479166666667,dota2-bb4-lgd-2026-07-15
8898084910,dota2-1win-vg-2026-07-15,2026-07-15T16:49:08.935000+00:00,-13.052942392865326,-13.163240293333326,-4.717679332555315,8.33526306031001,dota2-1win-vg-2026-07-15
8898117600,dota2-bb4-lgd-2026-07-15-game2,2026-07-15T17:15:52.403000+00:00,-19.32724319999997,-18.627599999999973,9.512677271274184,28.839920471274155,dota2-bb4-lgd-2026-07-15
8899028080,dota2-ty-ts8-2026-07-17-game1,2026-07-16T11:25:22.617000+00:00,11.741253120000044,12.353200000000044,8.151358337500007,-3.589894782500037,dota2-ty-ts8-2026-07-17
8899120700,dota2-ty-ts8-2026-07-17-game2,2026-07-16T12:44:26.752000+00:00,2.9535732209999837,3.7224219999999852,-41.789514305743985,-44.74308752674397,dota2-ty-ts8-2026-07-17
8899307453,dota2-pari-re-2026-07-17-game1,2026-07-16T14:36:23.407000+00:00,-0.8413372022139258,-0.6602438566666766,1.4163480398737447,2.2576852420876707,dota2-pari-re-2026-07-17
8899420575,dota2-pari-re-2026-07-17-game2,2026-07-16T15:46:28.167000+00:00,-4.169528550000039,-4.469600000000039,-10.393861268333369,-6.224332718333329,dota2-pari-re-2026-07-17
8900508749,dota2-flc-vg-2026-07-16-game1,2026-07-17T11:21:46.405000+00:00,38.11015733722668,38.906800266666686,-16.645062487499978,-54.75521982472666,dota2-flc-vg-2026-07-16
8900623530,dota2-flc-vg-2026-07-16-game2,2026-07-17T12:54:30.551000+00:00,-6.02399041935341,-6.796469436666659,-10.612473668879716,-4.5884832495263055,dota2-flc-vg-2026-07-16
8900771154,dota2-ngx-bb4-2026-07-16-game1,2026-07-17T14:28:08.196000+00:00,-0.8548934441666791,0.13903333333332077,1.903358032500009,2.7582514766666884,dota2-ngx-bb4-2026-07-16
8900882416,dota2-ngx-bb4-2026-07-16-game2,2026-07-17T15:33:10.588000+00:00,-0.5679852091666586,-0.6481666666666589,-2.0284768758333254,-1.4604916666666667,dota2-ngx-bb4-2026-07-16
8902107148,dota2-bb4-vg-2026-07-18-game1,2026-07-18T11:22:02.020000+00:00,0.0,0.0,1.29148125,1.29148125,dota2-bb4-vg-2026-07-18
8902173969,dota2-bb4-vg-2026-07-18-game2,2026-07-18T12:21:15.910000+00:00,-12.116714952499999,-12.0041,-4.4568601042907225,7.659854848209278,dota2-bb4-vg-2026-07-18
8902338515,dota2-ty-pari-2026-07-18-game1,2026-07-18T14:06:38.308000+00:00,-6.232027464166703,-4.735566666666704,-4.2474962049845075,1.9845312591821969,dota2-ty-pari-2026-07-18
8902431810,dota2-ty-pari-2026-07-18-game2,2026-07-18T15:09:37.865000+00:00,-3.012328794583351,-1.0781543333333516,21.011039788333317,24.023368582916664,dota2-ty-pari-2026-07-18
8902610619,dota2-ty-pari-2026-07-18,2026-07-18T16:48:06.686000+00:00,-15.640334639999983,-13.25939999999998,33.85558618536667,49.495920825366646,dota2-ty-pari-2026-07-18
8903705555,dota2-vg-ty-2026-07-19-game1,2026-07-19T10:24:33.152000+00:00,-0.9613111691666697,-0.9263666666666666,42.60768974249999,43.56900091166667,dota2-vg-ty-2026-07-19
8903789784,dota2-vg-ty-2026-07-19-game2,2026-07-19T11:31:19.185000+00:00,4.7744998566666785,4.721266666666679,10.746835273333346,5.972335416666667,dota2-vg-ty-2026-07-19
8904012666,dota2-bb4-pari-2026-07-19-game1,2026-07-19T13:57:51.853000+00:00,-18.06693124083333,-16.732633333333325,47.63373999833332,65.70067123916665,dota2-bb4-pari-2026-07-19
8904157676,dota2-bb4-pari-2026-07-19-game2,2026-07-19T15:17:11.337000+00:00,-3.250901237499983,-1.1468999999999834,-13.97035816196879,-10.719456924468808,dota2-bb4-pari-2026-07-19
8904322271,dota2-bb4-pari-2026-07-19-game3,2026-07-19T16:52:33.960000+00:00,2.7073314416642056,4.096920566666706,5.88378556166666,3.176454120002455,dota2-bb4-pari-2026-07-19
8904419709,dota2-bb4-pari-2026-07-19-game4,2026-07-19T18:05:14.511000+00:00,-2.871160232500003,-2.295900000000003,-1.3193044066666628,1.5518558258333404,dota2-bb4-pari-2026-07-19
8905035315,dota2-stx-lynx-2026-07-20-game1,2026-07-20T07:25:19.610000+00:00,-2.2851393995,-1.8864393999999998,0.6655490833333358,2.9506884828333355,dota2-stx-lynx-2026-07-20
8905093611,dota2-stx-lynx-2026-07-20-game2,2026-07-20T08:36:36.644000+00:00,42.140614209982,40.85283288,58.13776977809906,15.997155568117067,dota2-stx-lynx-2026-07-20
8905164476,dota2-stx-lynx-2026-07-20,2026-07-20T10:04:24.370000+00:00,98.66492829102337,97.64053247000011,136.9495355851113,38.28460729408795,dota2-stx-lynx-2026-07-20
8905233934,dota2-lynx-pckcp-2026-07-20-game1,2026-07-20T11:15:17.947000+00:00,36.827125340865344,36.20558149333334,83.67367636327818,46.84655102241283,dota2-lynx-pckcp-2026-07-20
8905359313,dota2-lynx-pckcp-2026-07-20-game2,2026-07-20T12:49:30.119000+00:00,-3.769180401755254,-3.6343846500000043,-4.7060135983453515,-0.9368331965900977,dota2-lynx-pckcp-2026-07-20
8905490238,dota2-z10-nemiga-2026-07-20-game1,2026-07-20T14:13:02.081000+00:00,-4.725482990841004,-4.6077331400000014,-22.439167902413505,-17.713684911572503,dota2-z10-nemiga-2026-07-20
8905612460,dota2-z10-nemiga-2026-07-20-game2,2026-07-20T15:25:40.567000+00:00,-3.139312884166667,-2.639566666666667,7.60795465500001,10.747267539166677,dota2-z10-nemiga-2026-07-20
8905741721,dota2-spirit1-jenz-2026-07-20-game1,2026-07-20T16:55:30.580000+00:00,5.018355027499935,5.012899999999935,17.77805255833327,12.759697530833336,dota2-spirit1-jenz-2026-07-20
8905885788,dota2-spirit1-jenz-2026-07-20-game2,2026-07-20T18:35:45.253000+00:00,9.592150957500001,9.4445,10.697299351666667,1.1051483941666678,dota2-spirit1-jenz-2026-07-20
8905975768,dota2-lvlup1-ill-2026-07-20-game1,2026-07-20T19:45:16.612000+00:00,-13.781725221374955,-14.041772999999955,-13.367153464260001,0.41457175711495114,dota2-lvlup1-ill-2026-07-20
8906069414,dota2-lvlup1-ill-2026-07-20-game2,2026-07-20T20:59:36.536000+00:00,26.020977638333346,26.72573333333334,2.9247187433333415,-23.096258895000005,dota2-lvlup1-ill-2026-07-20
8906479441,dota2-nemiga-dan-2026-07-21-game1,2026-07-21T07:24:02.590000+00:00,1.1258503983333614,1.3825333333333607,29.335268478285027,28.209418079951664,dota2-nemiga-dan-2026-07-21
8906547471,dota2-nemiga-dan-2026-07-21-game2,2026-07-21T08:48:51.736000+00:00,-9.368725537499989,-8.89529999999999,11.360616858333335,20.729342395833324,dota2-nemiga-dan-2026-07-21
8906626852,dota2-pckcp-stx-2026-07-21-game1,2026-07-21T10:17:03.931000+00:00,-4.429244715723996,-3.852809359999997,8.977345114166665,13.406589829890658,dota2-pckcp-stx-2026-07-21
8906706819,dota2-pckcp-stx-2026-07-21-game2,2026-07-21T11:28:10.072000+00:00,-4.6088958716666495,-3.933266666666649,2.406769158333331,7.0156650299999805,dota2-pckcp-stx-2026-07-21
8906814740,dota2-pckcp-stx-2026-07-21,2026-07-21T12:50:32.182000+00:00,1.48724459999997,1.3707999999999696,-8.077098494294985,-9.564343094294957,dota2-pckcp-stx-2026-07-21
8906911697,dota2-lynx-spirit1-2026-07-21-game1,2026-07-21T14:01:22.509000+00:00,0.9144811275000085,1.1259000000000086,-0.30825531249999844,-1.222736440000007,dota2-lynx-spirit1-2026-07-21
8907021823,dota2-lynx-spirit1-2026-07-21-game2,2026-07-21T14:54:33.550000+00:00,19.566192389999937,20.660199999999936,-26.227098641223026,-45.793291031222964,dota2-lynx-spirit1-2026-07-21
8907114935,dota2-lynx-spirit1-2026-07-21,2026-07-21T15:55:17.448000+00:00,3.4360269408333424,2.3752333333333424,-2.564163522064663,-6.000190462898005,dota2-lynx-spirit1-2026-07-21
8907236730,dota2-jenz-lynx-2026-07-21-game1,2026-07-21T17:22:36.365000+00:00,0.0,0.0,0.0,0.0,dota2-jenz-lynx-2026-07-21
8907319204,dota2-jenz-lynx-2026-07-21-game2,2026-07-21T18:19:16.673000+00:00,20.21609833500006,20.65260000000006,-38.436672777797476,-58.65277111279753,dota2-jenz-lynx-2026-07-21
8907510684,dota2-z10-aion-2026-07-21-game2,2026-07-21T20:45:41.820000+00:00,0.0,0.0,0.0,0.0,dota2-z10-aion-2026-07-21
8907942033,dota2-ill-dan-2026-07-22-game1,2026-07-22T07:18:07.776000+00:00,0.0,0.0,0.0,0.0,dota2-ill-dan-2026-07-22
8907997366,dota2-ill-dan-2026-07-22-game2,2026-07-22T08:30:21.640000+00:00,-9.59184834036308,-9.308626003333332,7.481292035,17.07314037536308,dota2-ill-dan-2026-07-22
8908178087,dota2-nemiga-aion-2026-07-22-game2,2026-07-22T11:35:02.272000+00:00,13.14240986835666,12.97450386666666,13.64676453502333,0.5043546666666665,dota2-nemiga-aion-2026-07-22
8908313996,dota2-stx-spirit1-2026-07-22-game1,2026-07-22T13:26:43.307000+00:00,0.26999837999999654,-3.552713678800501e-15,0.1324260259633315,-0.13757235403666504,dota2-stx-spirit1-2026-07-22
8908486051,dota2-stx-spirit1-2026-07-22-game2,2026-07-22T15:03:55.390000+00:00,26.66100922000004,26.187400000000036,56.84941855520361,30.188409335203584,dota2-stx-spirit1-2026-07-22
8908612824,dota2-stx-spirit1-2026-07-22,2026-07-22T16:27:56.948000+00:00,-4.026642831252089,-5.226442523333339,12.736891751607132,16.76353458285922,dota2-stx-spirit1-2026-07-22
8908710300,dota2-z10-lvlup1-2026-07-22-game1,2026-07-22T17:40:32.974000+00:00,18.821556362499987,19.61089999999999,-28.13857305258438,-46.960129415084374,dota2-z10-lvlup1-2026-07-22
8908926344,dota2-z10-lvlup1-2026-07-22,2026-07-22T20:21:42.790000+00:00,-9.672646084166647,-8.54716666666665,13.848739950516764,23.521386034683413,dota2-z10-lvlup1-2026-07-22
8909388284,dota2-dan-z10-2026-07-23-game1,2026-07-23T07:17:23.633000+00:00,0.0,0.0,0.9058375000000004,0.9058375000000004,dota2-dan-z10-2026-07-23
8909443684,dota2-dan-z10-2026-07-23-game2,2026-07-23T08:24:14.078000+00:00,-4.8764916016666655,-4.504466666666666,-4.609145911643336,0.26734569002332975,dota2-dan-z10-2026-07-23
8909498494,dota2-dan-z10-2026-07-23,2026-07-23T09:35:42.112000+00:00,-0.28554859999999854,-0.3103999999999985,-1.5285808433333294,-1.2430322433333307,dota2-dan-z10-2026-07-23
8909658828,dota2-spirit1-pckcp-2026-07-23-game2,2026-07-23T11:56:35.158000+00:00,0.9001324849999834,0.9001999999999839,-6.7910965982400056,-7.691229083239989,dota2-spirit1-pckcp-2026-07-23
8909780227,dota2-spirit1-pckcp-2026-07-23,2026-07-23T13:29:29.880000+00:00,-3.3570943789199927,-2.5459967999999926,7.462023476666656,10.819117855586647,dota2-spirit1-pckcp-2026-07-23
8910104556,dota2-jenz-kw1-2026-07-23-game2,2026-07-23T16:47:57.620000+00:00,-1.1271704916666687,-1.0230666666666686,0.7473637124999991,1.8745342041666675,dota2-jenz-kw1-2026-07-23
8910216725,dota2-jenz-kw1-2026-07-23,2026-07-23T18:09:02.529000+00:00,-1.0982235716666722,-0.8564666666666719,0.6245999016666705,1.7228234733333425,dota2-jenz-kw1-2026-07-23
8910344715,dota2-lvlup1-aion-2026-07-23-game1,2026-07-23T19:45:58.831000+00:00,0.0,0.0,0.0,0.0,dota2-lvlup1-aion-2026-07-23
8910461593,dota2-lvlup1-aion-2026-07-23-game2,2026-07-23T21:18:59.726000+00:00,0.0,0.0,-2.8426088566666663,-2.8426088566666663,dota2-lvlup1-aion-2026-07-23
8910535715,dota2-lvlup1-aion-2026-07-23,2026-07-23T22:37:28.157000+00:00,21.50284337176899,21.230789279999986,13.508954805142812,-7.993888566626175,dota2-lvlup1-aion-2026-07-23
8910589445,dota2-nemiga-ill-2026-07-23-game1,2026-07-23T23:33:41.369000+00:00,-13.432718413717588,-10.895471423333339,8.394830554166667,21.827548967884255,dota2-nemiga-ill-2026-07-23
8910670427,dota2-nemiga-ill-2026-07-23,2026-07-24T01:26:47.762000+00:00,1.0156106149999953,2.4653999999999954,2.358355585633929,1.3427449706339336,dota2-nemiga-ill-2026-07-23
8910982575,dota2-aion-dan-2026-07-24-game2,2026-07-24T08:39:31.809000+00:00,0.0,0.0,0.0,0.0,dota2-aion-dan-2026-07-24
8911277378,dota2-kw1-stx-2026-07-24-game2,2026-07-24T13:08:23.857000+00:00,-2.179883661640648,-0.9742259066666487,26.00025206776667,28.180135729407322,dota2-kw1-stx-2026-07-24
8911784562,dota2-z10-ill-2026-07-24-game1,2026-07-24T18:00:21.302000+00:00,-12.488958050559994,-12.456533599999995,-15.183400497153324,-2.694442446593331,dota2-z10-ill-2026-07-24
8911916389,dota2-z10-ill-2026-07-24-game2,2026-07-24T19:32:36.981000+00:00,-4.974144476581515,-5.080867180000014,4.479562166751825,9.453706643333339,dota2-z10-ill-2026-07-24
8912045230,dota2-nemiga-lvlup1-2026-07-24-game1,2026-07-24T21:05:49.488000+00:00,2.288099701666678,2.3500666666666774,-4.384891010833374,-6.672990712500051,dota2-nemiga-lvlup1-2026-07-24
8912123729,dota2-nemiga-lvlup1-2026-07-24-game2,2026-07-24T22:15:39.296000+00:00,0.0,0.0,0.0,0.0,dota2-nemiga-lvlup1-2026-07-24
8912551235,dota2-ill-aion-2026-07-25-game1,2026-07-25T07:19:52.253000+00:00,0.08656916666666836,0.08666666666666838,0.666929180833333,0.5803600141666646,dota2-ill-aion-2026-07-25
8912622476,dota2-ill-aion-2026-07-25-game2,2026-07-25T08:27:06.996000+00:00,-2.4621018585526717,-2.219394826666672,4.832117812606344,7.2942196711590155,dota2-ill-aion-2026-07-25
8912758286,dota2-pckcp-jenz-2026-07-22-game1,2026-07-25T10:25:45.605000+00:00,4.022378872277337,4.004933013333338,-14.108720388555986,-18.131099260833324,dota2-pckcp-jenz-2026-07-22
8912831712,dota2-pckcp-jenz-2026-07-22-game2,2026-07-25T11:23:26.682000+00:00,2.049690795000003,2.832000000000003,3.6532295058333375,1.6035387108333345,dota2-pckcp-jenz-2026-07-22
8912974141,dota2-pckcp-jenz-2026-07-22,2026-07-25T13:02:19.241000+00:00,3.1413328374999847,2.419899999999984,-18.228429762598207,-21.369762600098195,dota2-pckcp-jenz-2026-07-22
8913307206,dota2-kw1-pckcp-2026-07-25-game1,2026-07-25T16:28:48.834000+00:00,-1.7713522816666665,-1.728466666666667,5.368166885000002,7.139519166666669,dota2-kw1-pckcp-2026-07-25
8913598312,dota2-lynx-kw1-2026-07-25-game1,2026-07-25T19:28:05.257000+00:00,4.283412243333342,4.580133333333342,-1.4371638608306754,-5.720576104164018,dota2-lynx-kw1-2026-07-25
8913726962,dota2-lynx-kw1-2026-07-25-game2,2026-07-25T20:57:15.562000+00:00,3.105678812500018,3.5491000000000192,-23.458737489999965,-26.56441630249999,dota2-lynx-kw1-2026-07-25
8913824141,dota2-lynx-kw1-2026-07-25,2026-07-25T22:21:39.642000+00:00,32.34897071260211,33.34059978333337,11.581946335935411,-20.7670243766667,dota2-lynx-kw1-2026-07-25
8914414410,dota2-nemiga-ill-2026-07-26-game1,2026-07-26T09:26:59.644000+00:00,53.54016142916671,54.59316666666671,-21.059781258274665,-74.59994268744137,dota2-nemiga-ill-2026-07-26
8914520562,dota2-nemiga-ill-2026-07-26-game2,2026-07-26T10:41:21.923000+00:00,10.26949744499999,9.72059999999999,-9.704208855000035,-19.97370630000003,dota2-nemiga-ill-2026-07-26
8914637220,dota2-nemiga-ill-2026-07-26,2026-07-26T12:04:18.708000+00:00,-41.44782679750002,-40.21370000000002,21.042484350833323,62.49031114833334,dota2-nemiga-ill-2026-07-26
8914749408,dota2-rearis-pckcp-2026-07-26-game1,2026-07-26T13:19:34.036000+00:00,-0.819871665633371,-0.04504813333337113,0.836392721666666,1.6562643873000369,dota2-rearis-pckcp-2026-07-26
8914885598,dota2-rearis-pckcp-2026-07-26-game2,2026-07-26T14:24:02.001000+00:00,4.048928221666664,4.027266666666662,58.3523696425,54.30344142083334,dota2-rearis-pckcp-2026-07-26
8915002841,dota2-kw1-rearis-2026-07-26-game1,2026-07-26T15:32:54.677000+00:00,14.902553130833331,15.13063333333333,-27.36132561199571,-42.26387874282904,dota2-kw1-rearis-2026-07-26
8915137972,dota2-kw1-rearis-2026-07-26-game2,2026-07-26T16:47:26.165000+00:00,0.07194200000000008,0.08000000000000007,0.38743916666666744,0.3154971666666674,dota2-kw1-rearis-2026-07-26
8915271266,dota2-jenz-stx-2026-07-26-game1,2026-07-26T18:26:53.337000+00:00,2.5248919083333288,2.435733333333328,17.877227859999984,15.352335951666655,dota2-jenz-stx-2026-07-26
8915390117,dota2-jenz-stx-2026-07-26-game2,2026-07-26T19:37:39.362000+00:00,0.0,0.0,0.20605938333333415,0.20605938333333415,dota2-jenz-stx-2026-07-26
8915498965,dota2-jenz-stx-2026-07-26,2026-07-26T20:57:43.107000+00:00,4.345965768333341,4.104333333333341,13.52303964727735,9.17707387894401,dota2-jenz-stx-2026-07-26
8916041863,dota2-lvlup1-pckcp-2026-07-27-game1,2026-07-27T09:21:33.291000+00:00,-4.437913666666668,-4.546666666666667,9.76784714083333,14.205760807499997,dota2-lvlup1-pckcp-2026-07-27
8916102349,dota2-lvlup1-pckcp-2026-07-27-game2,2026-07-27T10:12:46.876000+00:00,-4.277154684999995,-4.055599999999995,1.7911914203740027,6.0683461053739975,dota2-lvlup1-pckcp-2026-07-27
8916245727,dota2-stx-nemiga-2026-07-27-game1,2026-07-27T12:25:46.061000+00:00,9.83738070333333,9.843733333333331,11.166471049322093,1.3290903459887617,dota2-stx-nemiga-2026-07-27
8916384577,dota2-stx-nemiga-2026-07-27-game2,2026-07-27T13:48:29.618000+00:00,-38.6194025025,-34.7147,18.56007302071042,57.17947552321042,dota2-stx-nemiga-2026-07-27
8916474664,dota2-stx-nemiga-2026-07-27,2026-07-27T14:44:54.132000+00:00,1.4151075291666084,1.4471666666666085,-31.001118189819152,-32.416225718985764,dota2-stx-nemiga-2026-07-27
8917611319,dota2-pr1-nemiga-2026-07-28-game2,2026-07-28T10:17:02.190000+00:00,0.0,0.0,6.452125970833337,6.452125970833337,dota2-pr1-nemiga-2026-07-28
8917675823,dota2-pr1-nemiga-2026-07-28,2026-07-28T11:19:25.327000+00:00,13.974899069166673,13.899966666666671,61.571517152500014,47.59661808333334,dota2-pr1-nemiga-2026-07-28
8917738415,dota2-nh-pckcp-2026-07-28-game1,2026-07-28T12:16:10.015000+00:00,0.0,0.0,0.0,0.0,dota2-nh-pckcp-2026-07-28
8917853656,dota2-nh-pckcp-2026-07-28-game2,2026-07-28T13:23:44.955000+00:00,-7.234800354133314,-6.817421533333313,9.381883128511994,16.616683482645307,dota2-nh-pckcp-2026-07-28
8918052500,dota2-pckcp-kw1-2026-07-28-game1,2026-07-28T15:24:46.769000+00:00,-11.384168625000028,-10.857000000000028,2.797548399781338,14.181717024781364,dota2-pckcp-kw1-2026-07-28
8918176547,dota2-pckcp-kw1-2026-07-28-game2,2026-07-28T16:37:04.197000+00:00,-4.9519881750000065,-4.814400000000006,11.35825243763582,16.310240612635827,dota2-pckcp-kw1-2026-07-28
8919264561,dota2-rearis-z10-2026-07-29-game1,2026-07-29T12:23:03.580000+00:00,-3.8247757975000134,-3.3155000000000143,12.367978778721316,16.19275457622133,dota2-rearis-z10-2026-07-29
8919404744,dota2-rearis-z10-2026-07-29-game2,2026-07-29T13:48:28.368000+00:00,-13.36197949272408,-13.959448903333326,-11.726076274537904,1.6359032181861728,dota2-rearis-z10-2026-07-29
8919546613,dota2-amaru-nemiga-2026-07-29-game1,2026-07-29T15:15:30.082000+00:00,-0.5798634533333479,-0.39713333333334805,-14.232168321601337,-13.65230486826799,dota2-amaru-nemiga-2026-07-29
8919685210,dota2-amaru-nemiga-2026-07-29-game2,2026-07-29T16:34:50.427000+00:00,-60.927010320751045,-62.6600762233333,-62.798430698680555,-1.8714203779295044,dota2-amaru-nemiga-2026-07-29
8919803916,dota2-amaru-nemiga-2026-07-29,2026-07-29T18:02:17.532000+00:00,-20.36773606108933,-21.41926065333333,42.297359770585096,62.66509583167442,dota2-amaru-nemiga-2026-07-29
8920655724,dota2-pckcp-z10-2026-07-30-game2,2026-07-30T10:32:16.617000+00:00,0.0,0.0,0.0,0.0,dota2-pckcp-z10-2026-07-30
8920897425,dota2-lvlup1-z10-2026-07-30-game2,2026-07-30T13:37:44.606000+00:00,-5.564940236666679,-4.701866666666679,-33.152820521666676,-27.587880284999994,dota2-lvlup1-z10-2026-07-30
8921002620,dota2-lvlup1-z10-2026-07-30,2026-07-30T14:47:46.063000+00:00,-34.82784746166666,-32.88866666666666,30.326480238333332,65.1543277,dota2-lvlup1-z10-2026-07-30
8921162227,dota2-amaru-pr1-2026-07-30-game1,2026-07-30T16:32:24.441000+00:00,-13.181420249999983,-12.689999999999984,16.140107369166675,29.32152761916666,dota2-amaru-pr1-2026-07-30
8921281044,dota2-amaru-pr1-2026-07-30-game2,2026-07-30T17:34:28.519000+00:00,0.0,0.0,0.0,0.0,dota2-amaru-pr1-2026-07-30
8921949036,dota2-re-midas3-2026-07-31-game1,2026-07-31T06:23:42.906000+00:00,7.61374335666666,8.15346666666666,-2.1398542499999933,-9.753597606666652,dota2-re-midas3-2026-07-31
8922016200,dota2-re-midas3-2026-07-31-game2,2026-07-31T07:39:14.850000+00:00,-18.343065,-17.603999999999996,4.125854870000001,22.468919869999997,dota2-re-midas3-2026-07-31
8922074642,dota2-vg-amaru-2026-07-31-game1,2026-07-31T08:46:41.467000+00:00,19.097178420000002,19.383599999999998,-16.115952763333336,-35.21313118333334,dota2-vg-amaru-2026-07-31
8922137329,dota2-vg-amaru-2026-07-31-game2,2026-07-31T09:48:16.177000+00:00,-0.8273958333333334,-0.8333333333333334,3.5213666666666654,4.3487624999999985,dota2-vg-amaru-2026-07-31
8922133239,dota2-tr7-playti-2026-07-31-game1,2026-07-31T09:57:34.446000+00:00,2.521838424667316,3.063966373333315,16.157087291876508,13.635248867209192,dota2-tr7-playti-2026-07-31
8922186876,dota2-vg-amaru-2026-07-31,2026-07-31T10:40:33.810000+00:00,-10.249696227500019,-9.729300000000018,5.899708480833321,16.14940470833334,dota2-vg-amaru-2026-07-31
8922211678,dota2-tr7-playti-2026-07-31-game2,2026-07-31T11:00:53.806000+00:00,-0.04291821750001704,-0.27770000000001716,3.4221711991666655,3.4650894166666824,dota2-tr7-playti-2026-07-31
8922300474,dota2-enjoy-glyph-2026-07-31-game1,2026-07-31T12:14:29.331000+00:00,14.811514571225688,14.80821680666669,6.095739883407692,-8.715774687817998,dota2-enjoy-glyph-2026-07-31
8922339160,dota2-l1ga-rnx-2026-07-31-game1,2026-07-31T12:44:09.822000+00:00,-0.7893038891743304,-0.6315171933333303,-0.7921823683410114,-0.002878479166681084,dota2-l1ga-rnx-2026-07-31
8922400300,dota2-enjoy-glyph-2026-07-31-game2,2026-07-31T13:24:39.311000+00:00,-14.015134155866669,-12.455933066666669,7.955205571666661,21.97033972753333,dota2-enjoy-glyph-2026-07-31
8922433138,dota2-l1ga-rnx-2026-07-31-game2,2026-07-31T13:42:06.325000+00:00,-0.11214556095018224,-0.4885672466666809,-28.870894667618018,-28.758749106667835,dota2-l1ga-rnx-2026-07-31
8922552315,dota2-l1ga-rnx-2026-07-31,2026-07-31T14:55:23.609000+00:00,-20.412699937283318,-19.152816333333316,10.423477379,30.836177316283315,dota2-l1ga-rnx-2026-07-31
8922602122,dota2-yb1-z10-2026-07-31-game1,2026-07-31T15:28:08.646000+00:00,1.002764191666696,1.8022666666666964,0.5302020808333477,-0.47256211083334837,dota2-yb1-z10-2026-07-31
8922722577,dota2-yb1-z10-2026-07-31-game2,2026-07-31T16:35:25.057000+00:00,0.13813446250000658,0.11350000000000667,-9.558262589166665,-9.69639705166667,dota2-yb1-z10-2026-07-31
8922818221,dota2-xtreme-lgd-2026-07-31-game1,2026-07-31T17:51:24.199000+00:00,12.68999269333329,14.329933333333292,-17.89971482941336,-30.58970752274665,dota2-xtreme-lgd-2026-07-31
8922940920,dota2-xtreme-lgd-2026-07-31-game2,2026-07-31T19:09:48.720000+00:00,-15.865249569166679,-16.631566666666675,-18.88961013420835,-3.024360565041673,dota2-xtreme-lgd-2026-07-31
8923040358,dota2-xtreme-lgd-2026-07-31,2026-07-31T20:28:40.570000+00:00,5.816970728333325,6.096533333333326,-12.410728492500004,-18.22769922083333,dota2-xtreme-lgd-2026-07-31
8923506996,dota2-midas3-tr7-2026-08-01-game1,2026-08-01T05:43:01.223000+00:00,0.0,0.0,0.8626662083333309,0.8626662083333309,dota2-midas3-tr7-2026-08-01
8923579943,dota2-midas3-tr7-2026-08-01-game2,2026-08-01T07:02:32.143000+00:00,40.765260265833305,41.48103333333331,-38.40650985925997,-79.17177012509327,dota2-midas3-tr7-2026-08-01
8923643650,dota2-midas3-tr7-2026-08-01,2026-08-01T08:08:01.087000+00:00,62.188211380000006,63.000800000000005,-14.248314964166662,-76.43652634416667,dota2-midas3-tr7-2026-08-01
8923704450,dota2-yes-vg-2026-08-01-game1,2026-08-01T09:01:56.739000+00:00,1.8465691450000017,2.700400000000002,-0.35334027996041845,-2.19990942496042,dota2-yes-vg-2026-08-01
8923780137,dota2-re-playti-2026-08-01-game1,2026-08-01T10:09:39.721000+00:00,-0.1861361624999942,-0.14969999999999395,-1.4730464541666564,-1.2869102916666622,dota2-re-playti-2026-08-01
8923790600,dota2-yes-vg-2026-08-01-game2,2026-08-01T10:14:11.317000+00:00,-18.19800524999996,-17.77799999999996,8.100470119807357,26.298475369807317,dota2-yes-vg-2026-08-01
8923874259,dota2-re-playti-2026-08-01-game2,2026-08-01T11:26:12.956000+00:00,1.8120523499999874,1.7979999999999876,10.116043418333321,8.303991068333334,dota2-re-playti-2026-08-01
8923899787,dota2-enjoy-yb1-2026-08-01-game1,2026-08-01T11:45:49.553000+00:00,-7.330406268333334,-7.753533333333334,-23.693136268333344,-16.36273000000001,dota2-enjoy-yb1-2026-08-01
8924057168,dota2-l1ga-lgd-2026-08-01-game1,2026-08-01T13:34:16.709000+00:00,3.1686745883333245,3.809533333333325,-1.3119525399999972,-4.480627128333322,dota2-l1ga-lgd-2026-08-01
8924222714,dota2-l1ga-lgd-2026-08-01-game2,2026-08-01T15:02:43.462000+00:00,0.0,0.0,0.0,0.0,dota2-l1ga-lgd-2026-08-01
8924328537,dota2-glyph-z10-2026-08-01-game1,2026-08-01T15:59:42.950000+00:00,-17.307388127573446,-16.268695976666688,-20.306063606386175,-2.9986754788127303,dota2-glyph-z10-2026-08-01
8924367779,dota2-l1ga-lgd-2026-08-01,2026-08-01T16:23:12.450000+00:00,33.10142024491663,33.74302366666664,-15.566030883720325,-48.66745112863696,dota2-l1ga-lgd-2026-08-01
8924468754,dota2-glyph-z10-2026-08-01-game2,2026-08-01T17:25:49.795000+00:00,2.2279271942160164,2.0852329600000146,7.774972425098664,5.547045230882648,dota2-glyph-z10-2026-08-01
8924530036,dota2-rnx-xtreme-2026-08-01-game1,2026-08-01T18:06:50.164000+00:00,-1.0191092137999924,0.10098120000000795,-0.04436614690074762,0.9747430668992448,dota2-rnx-xtreme-2026-08-01
8924616191,dota2-rnx-xtreme-2026-08-01-game2,2026-08-01T19:06:22.446000+00:00,-23.703127996666634,-23.45566666666663,0.0993037050000467,23.802431701666677,dota2-rnx-xtreme-2026-08-01
8925210898,dota2-playti-xctn-2026-08-02-game1,2026-08-02T05:28:20.542000+00:00,0.09097828594882944,-0.39801070666667115,3.5480136209488315,3.4570353350000023,dota2-playti-xctn-2026-08-02
8925308090,dota2-playti-xctn-2026-08-02-game2,2026-08-02T07:03:47.891000+00:00,-0.39150189333334745,-0.061333333333347305,1.2843668799999957,1.6758687733333433,dota2-playti-xctn-2026-08-02
8925543582,dota2-yes-tr7-2026-08-02-game1,2026-08-02T10:44:16.945000+00:00,-3.386529969166657,-3.3697666666666577,0.7233862141666645,4.109916183333322,dota2-yes-tr7-2026-08-02
8925703946,dota2-yes-tr7-2026-08-02-game2,2026-08-02T11:58:57.158000+00:00,-1.9931992516666337,-1.9984666666666346,16.95659611995183,18.949795371618464,dota2-yes-tr7-2026-08-02
8925847726,dota2-yes-tr7-2026-08-02,2026-08-02T13:17:43.701000+00:00,21.032502866666672,21.712866666666674,31.500282572974665,10.467779706307992,dota2-yes-tr7-2026-08-02
8926022375,dota2-rnx-yb1-2026-08-02-game1,2026-08-02T15:09:53.856000+00:00,-24.189747992499985,-21.806099999999986,33.50287847651465,57.69262646901464,dota2-rnx-yb1-2026-08-02
8926232913,dota2-rnx-yb1-2026-08-02-game2,2026-08-02T16:42:19.665000+00:00,-15.680315445833267,-14.711233333333269,7.392408301666663,23.072723747499932,dota2-rnx-yb1-2026-08-02
8926381426,dota2-rnx-yb1-2026-08-02,2026-08-02T18:14:10.009000+00:00,1.5851465797016555,2.2611044666666555,5.576170163333352,3.991023583631696,dota2-rnx-yb1-2026-08-02
8926523280,dota2-z10-lgd-2026-08-02-game1,2026-08-02T19:59:32.068000+00:00,0.0,0.0,0.0,0.0,dota2-z10-lgd-2026-08-02
8926636219,dota2-z10-lgd-2026-08-02-game2,2026-08-02T21:07:31.416000+00:00,8.806534404166667,9.078366666666668,-7.303753379166662,-16.11028778333333,dota2-z10-lgd-2026-08-02
8927063876,dota2-glyph-playti-2026-08-03-game2,2026-08-03T06:55:36.873000+00:00,-61.7832120558333,-60.8774333333333,76.19484422470235,137.97805628053564,dota2-glyph-playti-2026-08-03
8927132943,dota2-glyph-playti-2026-08-03,2026-08-03T08:27:35.152000+00:00,12.792900726666625,13.151266666666624,26.781223096329303,13.988322369662678,dota2-glyph-playti-2026-08-03
8927207054,dota2-xtreme-tr7-2026-08-03-game1,2026-08-03T10:00:05.212000+00:00,-4.771783315370551,-4.141230603333301,11.165376326296082,15.937159641666632,dota2-xtreme-tr7-2026-08-03
8927288399,dota2-xtreme-tr7-2026-08-03-game2,2026-08-03T11:00:48.642000+00:00,-7.58610990868031,-7.244422293333311,-2.1887871270553263,5.397322781624983,dota2-xtreme-tr7-2026-08-03
8927380776,dota2-xtreme-tr7-2026-08-03,2026-08-03T12:15:30.661000+00:00,10.265357399168382,10.663007293333381,22.71188873003985,12.446531330871471,dota2-xtreme-tr7-2026-08-03
8927539264,dota2-vg-yb1-2026-08-03-game1,2026-08-03T14:05:56.825000+00:00,22.743075572907,22.68486234,109.99698750290702,87.25391193000002,dota2-vg-yb1-2026-08-03
8927660975,dota2-vg-yb1-2026-08-03-game2,2026-08-03T15:05:20.968000+00:00,2.2327790178104547,2.0046994166667047,5.721459055625762,3.488680037815308,dota2-vg-yb1-2026-08-03
8927760296,dota2-vg-yb1-2026-08-03,2026-08-03T16:18:19.713000+00:00,13.506214398333364,13.755133333333367,54.49582246768765,40.98960806935428,dota2-vg-yb1-2026-08-03
8927926397,dota2-re-lgd-2026-08-03-game1,2026-08-03T18:09:03.381000+00:00,-2.95838014166666,-2.7854666666666597,4.9667753125466625,7.925155454213322,dota2-re-lgd-2026-08-03
8928050264,dota2-re-lgd-2026-08-03-game2,2026-08-03T19:19:18.313000+00:00,-1.5343228341666635,-1.2357666666666631,2.9462854752170986,4.480608309383762,dota2-re-lgd-2026-08-03
8928163118,dota2-re-lgd-2026-08-03,2026-08-03T20:43:38.722000+00:00,27.420114128333328,29.189533333333326,-19.073909970792,-46.49402409912532,dota2-re-lgd-2026-08-03
8928851109,dota2-playti-tr7-2026-08-04-game1,2026-08-04T11:30:07.829000+00:00,8.015488529031268,8.379150850000018,-1.6059267979794196,-9.621415327010686,dota2-playti-tr7-2026-08-04
8928953683,dota2-playti-tr7-2026-08-04-game2,2026-08-04T12:46:11.879000+00:00,-3.8509966898917676,-4.317828310000018,5.029306776885979,8.880303466777747,dota2-playti-tr7-2026-08-04
8929124210,dota2-yb1-re-2026-08-04-game1,2026-08-04T14:38:55.576000+00:00,-6.443141470000011,-5.62880000000001,5.194336337131759,11.637477807131768,dota2-yb1-re-2026-08-04
8929276426,dota2-yb1-re-2026-08-04-game2,2026-08-04T15:54:25.550000+00:00,11.3598242805367,9.930323866666699,12.36424870801445,1.00442442747775,dota2-yb1-re-2026-08-04
8929365099,dota2-yb1-re-2026-08-04,2026-08-04T16:51:08.308000+00:00,0.3836720983334108,0.29833333333341017,19.098098282287264,18.714426183953854,dota2-yb1-re-2026-08-04
8930200713,dota2-tr7-re-2026-08-05-game1,2026-08-05T08:20:38.811000+00:00,1.8379398049232603,2.4465347300000104,-1.3910083875000006,-3.228948192423261,dota2-tr7-re-2026-08-05
8930258778,dota2-tr7-re-2026-08-05-game2,2026-08-05T09:25:42.941000+00:00,-18.782041407500046,-20.03390000000005,12.722748661715992,31.50479006921604,dota2-tr7-re-2026-08-05
8930398938,dota2-playti-yb1-2026-08-05-game1,2026-08-05T12:24:04.133000+00:00,4.573372947516685,6.265733666666684,6.044075060000001,1.4707021124833173,dota2-playti-yb1-2026-08-05
8930615242,dota2-playti-yb1-2026-08-05-game2,2026-08-05T14:02:56.166000+00:00,-58.95376408916664,-58.49416666666664,113.30683164416666,172.2605957333333,dota2-playti-yb1-2026-08-05
8930736914,dota2-playti-yb1-2026-08-05-game3,2026-08-05T15:09:49.519000+00:00,5.68430760275866,5.05143290666666,6.496260057661661,0.8119524549030008,dota2-playti-yb1-2026-08-05
8931781241,dota2-lvlup1-rearis-2026-08-06-game1,2026-08-06T09:28:03.156000+00:00,0.0,0.0,-1.3890913791095827,-1.3890913791095827,dota2-lvlup1-rearis-2026-08-06
8931852727,dota2-lvlup1-rearis-2026-08-06-game2,2026-08-06T10:30:33.624000+00:00,2.078580223309249,2.09393261,-29.553055723232664,-31.63163594654191,dota2-lvlup1-rearis-2026-08-06
8931981851,dota2-rearis-nh-2026-08-06-game1,2026-08-06T12:26:15.226000+00:00,-6.32016958333332,-6.0933333333333195,8.299182416666666,14.619351999999985,dota2-rearis-nh-2026-08-06
8932085762,dota2-rearis-nh-2026-08-06-game2,2026-08-06T13:20:21.204000+00:00,-5.071513231172751,-5.237234710000002,-2.883016485129753,2.1884967460429983,dota2-rearis-nh-2026-08-06
8932181345,dota2-rearis-nh-2026-08-06,2026-08-06T14:22:22.478000+00:00,-3.145199919759017,-2.932860460000017,2.8476792280533463,5.9928791478123635,dota2-rearis-nh-2026-08-06
8932318084,dota2-nh-lvlup1-2026-08-06-game1,2026-08-06T15:34:15.395000+00:00,-15.446526481666645,-15.863666666666646,-16.953268314999978,-1.5067418333333331,dota2-nh-lvlup1-2026-08-06
8932413808,dota2-nh-lvlup1-2026-08-06-game2,2026-08-06T16:23:29.211000+00:00,-0.017196666666666097,-0.0266666666666661,0.1887709333333343,0.20596760000000044,dota2-nh-lvlup1-2026-08-06
8932523868,dota2-nh-lvlup1-2026-08-06,2026-08-06T17:36:18.454000+00:00,0.17495026333332042,-0.02286666666667969,-5.1728097041666885,-5.34775996750001,dota2-nh-lvlup1-2026-08-06
8932657929,dota2-ill-pr1-2026-08-06-game1,2026-08-06T19:12:10.345000+00:00,-6.430682571885504,-6.298096060000002,-22.396444117366684,-15.965761545481179,dota2-ill-pr1-2026-08-06
8932835800,dota2-ill-pr1-2026-08-06,2026-08-06T21:22:55.783000+00:00,12.230839226212693,12.794967106666695,-9.663634875833326,-21.89447410204602,dota2-ill-pr1-2026-08-06
8933374169,dota2-nh-z10-2026-08-07-game1,2026-08-07T09:29:47.916000+00:00,0.0,0.0,-4.9414919,-4.9414919,dota2-nh-z10-2026-08-07
8933453728,dota2-nh-z10-2026-08-07-game2,2026-08-07T10:40:19.376000+00:00,0.0,0.0,-0.26354464999999944,-0.26354464999999944,dota2-nh-z10-2026-08-07
8933575351,dota2-ill-stx-2026-08-07-game1,2026-08-07T12:33:02.695000+00:00,22.31633235666665,22.872666666666646,-40.308160879999996,-62.624493236666645,dota2-ill-stx-2026-08-07
8933704579,dota2-ill-stx-2026-08-07-game2,2026-08-07T13:44:43.178000+00:00,-7.88437797758401,-8.984910440000009,-7.979353211666678,-0.09497523408266832,dota2-ill-stx-2026-08-07
8933879286,dota2-pr1-jenz-2026-08-07-game1,2026-08-07T15:25:51.002000+00:00,-121.8437690808333,-123.39223333333331,-151.86164458916664,-30.017875508333344,dota2-pr1-jenz-2026-08-07
8933988979,dota2-pr1-jenz-2026-08-07-game2,2026-08-07T16:29:38.697000+00:00,-8.032065723310312,-7.143476573333313,5.725351544716403,13.757417268026716,dota2-pr1-jenz-2026-08-07
8934184387,dota2-jenz-nemiga-2026-08-07-game1,2026-08-07T18:35:03.983000+00:00,-2.217734934999983,-2.018599999999983,1.7340712516666628,3.9518061866666456,dota2-jenz-nemiga-2026-08-07
8934279386,dota2-jenz-nemiga-2026-08-07-game2,2026-08-07T19:33:30.612000+00:00,-0.09399599999999997,0.0,0.14000111999999998,0.23399711999999995,dota2-jenz-nemiga-2026-08-07
8936825643,dota2-pr1-yes-2026-08-09-game1,2026-08-09T09:22:32.992000+00:00,20.505490088002812,20.724816213333312,-0.9279244435011652,-21.433414531503974,dota2-pr1-yes-2026-08-09
8937080738,dota2-pr1-yes-2026-08-09,2026-08-09T12:20:23.208000+00:00,-16.374347500850067,-15.530300003333318,31.751185515139497,48.12553301598957,dota2-pr1-yes-2026-08-09
8937188618,dota2-lvlup1-mouz-2026-08-09-game1,2026-08-09T13:17:49.636000+00:00,-7.742413110576014,-8.315685440000014,-30.381442009742653,-22.639028899166636,dota2-lvlup1-mouz-2026-08-09
8937335830,dota2-lvlup1-mouz-2026-08-09-game2,2026-08-09T14:27:35.299000+00:00,5.564371636666645,6.176866666666645,0.04353861500000752,-5.520833021666637,dota2-lvlup1-mouz-2026-08-09
8937484593,dota2-ill-re-2026-08-09-game1,2026-08-09T15:55:00.679000+00:00,0.17378716666666635,0.16666666666666638,-2.1369340499999994,-2.310721216666666,dota2-ill-re-2026-08-09
8937631882,dota2-ill-re-2026-08-09-game2,2026-08-09T17:12:21.447000+00:00,41.7841906804333,41.3773413333333,42.9408675554333,1.1566768749999998,dota2-ill-re-2026-08-09
8937722788,dota2-z10-navi-2026-08-09-game1,2026-08-09T18:17:16.930000+00:00,-37.600732470888005,-39.49220016,-60.116563406721326,-22.51583093583332,dota2-z10-navi-2026-08-09
8938509987,dota2-pr1-mouz-2026-08-10-game1,2026-08-10T09:24:47.767000+00:00,-6.971168317002674,-6.7288985866666735,10.488478976666675,17.45964729366935,dota2-pr1-mouz-2026-08-10
8938565057,dota2-pr1-mouz-2026-08-10-game2,2026-08-10T10:12:07.159000+00:00,7.332841236773686,7.128322626666686,1.6501806968376975,-5.682660539935988,dota2-pr1-mouz-2026-08-10
8938634026,dota2-pr1-mouz-2026-08-10,2026-08-10T11:15:54.851000+00:00,-1.0975036140194845,-1.042614899999985,-18.57829327343812,-17.480789659418637,dota2-pr1-mouz-2026-08-10
8938716198,dota2-ill-z10-2026-08-10-game1,2026-08-10T12:25:50.383000+00:00,-17.137180210889813,-16.182862873333317,-1.1751092749573313,15.962070935932482,dota2-ill-z10-2026-08-10
8939023869,dota2-yes-lvlup1-2026-08-10-game1,2026-08-10T15:24:37.289000+00:00,-26.75943649750001,-26.027500000000007,14.217890417752002,40.977326915252014,dota2-yes-lvlup1-2026-08-10
8940059913,dota2-lvlup1-navi-2026-08-11-game1,2026-08-11T09:16:02.605000+00:00,-21.544858636626675,-21.069431066666677,16.501907595833316,38.046766232459994,dota2-lvlup1-navi-2026-08-11
8940117837,dota2-lvlup1-navi-2026-08-11-game2,2026-08-11T10:12:11.551000+00:00,-1.5295237630733158,-1.8918635333333167,-9.167506198236307,-7.637982435162989,dota2-lvlup1-navi-2026-08-11
8940266495,dota2-mouz-re-2026-08-11-game1,2026-08-11T12:16:13.042000+00:00,28.669667960955667,28.238705426666673,43.63029776345565,14.960629802499986,dota2-mouz-re-2026-08-11
8940365227,dota2-mouz-re-2026-08-11-game2,2026-08-11T13:12:04.281000+00:00,-15.542177103376313,-16.513057373333314,-13.91399928095776,1.6281778224185537,dota2-mouz-re-2026-08-11
8940487898,dota2-mouz-re-2026-08-11,2026-08-11T14:25:06.999000+00:00,-1.7342461067189916,-3.8595032599999914,1.9927789816630097,3.7270250883820015,dota2-mouz-re-2026-08-11
8940643574,dota2-yes-z10-2026-08-11-game1,2026-08-11T15:45:57.067000+00:00,3.8453814586025223,3.063532900000023,17.778851775538342,13.93347031693582,dota2-yes-z10-2026-08-11
8940756672,dota2-yes-z10-2026-08-11-game2,2026-08-11T16:48:25.758000+00:00,-7.756002646312925,-8.819938616666676,-17.764801462835013,-10.00879881652209,dota2-yes-z10-2026-08-11
8941656460,dota2-lvlup1-re-2026-08-12-game1,2026-08-12T09:19:34.658000+00:00,-21.367827547499985,-20.981299999999983,7.299744227766666,28.66757177526665,dota2-lvlup1-re-2026-08-12
8941733752,dota2-lvlup1-re-2026-08-12-game2,2026-08-12T10:35:42.245000+00:00,-36.00137815603332,-36.21335673333331,8.387787986767242,44.389166142800555,dota2-lvlup1-re-2026-08-12
8941817475,dota2-lvlup1-re-2026-08-12,2026-08-12T11:50:26.039000+00:00,-6.257857221666673,-5.364666666666675,15.148291132500004,21.406148354166678,dota2-lvlup1-re-2026-08-12
8942003788,dota2-navi-lvlup1-2026-08-12-game1,2026-08-12T13:42:36.457000+00:00,-1.7781768333333134,-1.4546333333333135,7.222610430000047,9.00078726333336,dota2-navi-lvlup1-2026-08-12
8942152024,dota2-navi-lvlup1-2026-08-12-game2,2026-08-12T14:50:30.897000+00:00,0.13064584749999883,0.021299999999998914,1.5575308701123276,1.4268850226123286,dota2-navi-lvlup1-2026-08-12
8942262723,dota2-navi-lvlup1-2026-08-12-game3,2026-08-12T15:53:47.795000+00:00,-25.25722444416669,-24.90016666666669,7.9116650255159975,33.16888946968269,dota2-navi-lvlup1-2026-08-12
8962372120,dota2-ic-nemiga-2026-08-24-game1,2026-08-24T07:17:08.649000+00:00,0.0,0.0,0.0,0.0,dota2-ic-nemiga-2026-08-24
8962458373,dota2-ic-nemiga-2026-08-24-game2,2026-08-24T08:26:45.454000+00:00,0.4041283096166704,0.17061072666667046,-0.613766209543995,-1.0178945191606652,dota2-ic-nemiga-2026-08-24
8962592819,dota2-ks-lynx-2026-08-24-game1,2026-08-24T10:19:27.562000+00:00,6.597098688532154,6.9590891666666534,-8.353482033642992,-14.950580722175145,dota2-ks-lynx-2026-08-24
8962736746,dota2-ks-lynx-2026-08-24-game2,2026-08-24T11:33:18.452000+00:00,34.559777947763486,33.28682109999998,42.46210992002498,7.902331972261497,dota2-ks-lynx-2026-08-24
8962964580,dota2-sb5-stx-2026-08-24-game1,2026-08-24T13:25:23.881000+00:00,0.013838713591750077,0.013796290000000008,0.859794450203,0.8459557366112499,dota2-sb5-stx-2026-08-24
8963508714,dota2-rearis-lynx-2026-08-24-game2,2026-08-24T17:37:20.349000+00:00,13.579366143833433,11.593638476666683,9.96530894772535,-3.614057196108085,dota2-rearis-lynx-2026-08-24
8963649188,dota2-dynast1-fts-2026-08-24-game1,2026-08-24T19:15:00.848000+00:00,-17.07983800833331,-16.865933333333317,42.70219408083335,59.782032089166655,dota2-dynast1-fts-2026-08-24
8963790789,dota2-dynast1-fts-2026-08-24-game2,2026-08-24T20:20:45.642000+00:00,0.5521694057916776,0.3771331666666775,0.38909326579167675,-0.16307614000000073,dota2-dynast1-fts-2026-08-24
8964399842,dota2-pckcp-nemiga-2026-08-25-game1,2026-08-25T07:22:10.248000+00:00,0.10482512443999982,0.07281879999999985,-0.3702537971140005,-0.4750789215540004,dota2-pckcp-nemiga-2026-08-25
8964480771,dota2-pckcp-nemiga-2026-08-25-game2,2026-08-25T08:31:41.723000+00:00,2.015450633273313,1.1919326533333152,-9.784615727686758,-11.800066360960072,dota2-pckcp-nemiga-2026-08-25
8964574076,dota2-pckcp-nemiga-2026-08-25,2026-08-25T09:52:05.670000+00:00,-8.774973902500001,-7.996900000000001,-7.7236089025000005,1.0513650000000003,dota2-pckcp-nemiga-2026-08-25
8964657335,dota2-fts-pckcp-2026-08-25-game1,2026-08-25T10:52:11.864000+00:00,-1.2594401798386639,-1.653399306666664,-2.010927388171997,-0.7514872083333329,dota2-fts-pckcp-2026-08-25
8964837315,dota2-fts-pckcp-2026-08-25-game2,2026-08-25T12:34:06.314000+00:00,33.732028213555985,33.70315823666673,0.31644240361007486,-33.41558580994591,dota2-fts-pckcp-2026-08-25
8964962329,dota2-ic-fts-2026-08-25-game1,2026-08-25T13:50:36.471000+00:00,-2.235421235833281,-2.7272333333332788,64.78186883978182,67.01729007561511,dota2-ic-fts-2026-08-25
8965097316,dota2-ic-fts-2026-08-25-game2,2026-08-25T14:41:01.046000+00:00,6.2868946789476,5.925044343333352,-4.228192854303078,-10.515087533250679,dota2-ic-fts-2026-08-25
8964938940,dota2-rearis-spirit1-2026-08-25-game1,2026-08-25T16:23:39.394000+00:00,0.15816333333333404,0.13333333333333405,1.9901303066386706,1.831966973305337,dota2-rearis-spirit1-2026-08-25
8965544741,dota2-rearis-spirit1-2026-08-25,2026-08-25T18:44:21.316000+00:00,-1.5351137602793017,-2.4520383733333007,-8.295844188106017,-6.760730427826716,dota2-rearis-spirit1-2026-08-25
8969842778,dota2-pckcp-ic-2026-08-28-game2,2026-08-28T08:21:21.985000+00:00,6.1515031591667215,6.110366666666721,30.05049305748995,23.898989898323226,dota2-pckcp-ic-2026-08-28
8969978865,dota2-rearis-sb5-2026-08-28-game1,2026-08-28T10:27:01.322000+00:00,-0.6198552756630014,-0.49560026000000157,-4.533477055662996,-3.913621779999995,dota2-rearis-sb5-2026-08-28
8970089224,dota2-rearis-sb5-2026-08-28-game2,2026-08-28T11:41:09.553000+00:00,-1.3138823000000068,-1.1780000000000068,1.2686103333333334,2.5824926333333402,dota2-rearis-sb5-2026-08-28
8970207176,dota2-rearis-sb5-2026-08-28,2026-08-28T12:56:49.576000+00:00,11.293786366458244,10.726112269999994,12.953303587552918,1.6595172210946743,dota2-rearis-sb5-2026-08-28
8970338180,dota2-synaps-nemiga-2026-08-28-game1,2026-08-28T14:09:13.367000+00:00,4.336625665993788,4.447964150000037,12.68874652240809,8.352120856414304,dota2-synaps-nemiga-2026-08-28
8970352005,dota2-dynast1-ic-2026-08-28-game1,2026-08-28T14:10:35.964000+00:00,0.18853357641833468,0.24681923333333464,0.31266369283666756,0.1241301164183329,dota2-dynast1-ic-2026-08-28
8970470057,dota2-synaps-nemiga-2026-08-28-game2,2026-08-28T15:09:53.245000+00:00,65.3351920065906,64.9231017066666,186.565934813471,121.23074280688037,dota2-synaps-nemiga-2026-08-28
8970485789,dota2-dynast1-ic-2026-08-28-game2,2026-08-28T15:14:26.848000+00:00,-10.795489188971404,-11.500816236666653,-33.79670802961518,-23.001218840643777,dota2-dynast1-ic-2026-08-28
8970575970,dota2-synaps-nemiga-2026-08-28,2026-08-28T16:02:11.965000+00:00,3.5287859641163286,3.3960719933333294,-7.483716338941998,-11.012502303058326,dota2-synaps-nemiga-2026-08-28
8970655100,dota2-dynast1-ic-2026-08-28,2026-08-28T16:43:34.585000+00:00,3.276993645000005,3.3092000000000055,-3.5544418056891653,-6.83143545068917,dota2-dynast1-ic-2026-08-28
8970886632,dota2-dynast1-pckcp-2026-08-28-game2,2026-08-28T18:51:22.084000+00:00,28.03933397666668,27.89946666666668,29.935102817636658,1.8957688409699773,dota2-dynast1-pckcp-2026-08-28
8971007454,dota2-ks-rearis-2026-08-28-game1,2026-08-28T20:11:41.712000+00:00,-27.373474320787903,-28.50160541666666,-36.988424447314564,-9.61495012652666,dota2-ks-rearis-2026-08-28
8971016820,dota2-fts-nemiga-2026-08-28-game1,2026-08-28T20:17:43.711000+00:00,0.0,0.0,0.0,0.0,dota2-fts-nemiga-2026-08-28
8971111987,dota2-ks-rearis-2026-08-28-game2,2026-08-28T21:24:47.695000+00:00,0.0,0.0,2.07224877218334,2.07224877218334,dota2-ks-rearis-2026-08-28
8971423978,dota2-db2-satan-2026-08-28-game2,2026-08-29T03:20:55.120000+00:00,-0.8188849999999995,-0.7999999999999995,0.8188849999999995,1.637769999999999,dota2-db2-satan-2026-08-28
8971501630,dota2-nexus-cres-2026-08-28,2026-08-29T04:51:09.441000+00:00,-51.13382325719792,-51.86093341666666,-65.72563189217993,-14.591808634982016,dota2-nexus-cres-2026-08-28
8971519375,dota2-nem-6seven-2026-08-29-game1,2026-08-29T05:14:15.579000+00:00,15.345684675763806,14.92416795333331,27.546542369100468,12.200857693336664,dota2-nem-6seven-2026-08-29
8971586781,dota2-nem-6seven-2026-08-29-game2,2026-08-29T06:13:46.689000+00:00,-5.078071537500015,-5.666700000000016,-6.385763037500015,-1.3076915,dota2-nem-6seven-2026-08-29
8971664649,dota2-nem-6seven-2026-08-29,2026-08-29T07:24:10.704000+00:00,0.5251455211706713,0.4155390266666714,4.250048171569174,3.7249026503985028,dota2-nem-6seven-2026-08-29
8971753986,dota2-icecre-kineti-2026-08-29-game1,2026-08-29T08:38:12.829000+00:00,0.0,0.0,0.0,0.0,dota2-icecre-kineti-2026-08-29
8971849697,dota2-icecre-kineti-2026-08-29-game2,2026-08-29T09:43:14.699000+00:00,0.0,0.0,0.0,0.0,dota2-icecre-kineti-2026-08-29
8971891627,dota2-dynast1-nemiga-2026-08-29-game1,2026-08-29T10:17:49.464000+00:00,-9.727707661666672,-9.534066666666671,9.109559634166683,18.837267295833353,dota2-dynast1-nemiga-2026-08-29
8971964803,dota2-mouz-yes-2026-08-29-game1,2026-08-29T11:13:49.271000+00:00,-5.204619725887208,-5.787967286666709,-21.377077999408954,-16.172458273521745,dota2-mouz-yes-2026-08-29
8971988345,dota2-sb5-lynx-2026-08-29-game1,2026-08-29T11:21:30.742000+00:00,18.321884999163995,18.563418079999995,-1.0573076207359995,-19.379192619899992,dota2-sb5-lynx-2026-08-29
8972103119,dota2-sb5-lynx-2026-08-29-game2,2026-08-29T12:31:54.536000+00:00,7.088043218686994,7.414969459999994,-8.734693654915015,-15.82273687360201,dota2-sb5-lynx-2026-08-29
8972115962,dota2-mouz-yes-2026-08-29-game2,2026-08-29T12:36:59.931000+00:00,-17.729228306233292,-18.20130963333329,-22.27573595409126,-4.5465076478579665,dota2-mouz-yes-2026-08-29
8972289868,dota2-huliga-lynx-2026-08-29-game1,2026-08-29T14:15:10.550000+00:00,-14.689771729809062,-17.071996520000063,-26.00591846662873,-11.316146736819668,dota2-huliga-lynx-2026-08-29
8972502454,dota2-huliga-lynx-2026-08-29-game2,2026-08-29T15:52:19.963000+00:00,23.146886953753846,22.235812553333346,-11.756033687079489,-34.90292064083334,dota2-huliga-lynx-2026-08-29
8972611918,dota2-huliga-lynx-2026-08-29,2026-08-29T16:49:36.587000+00:00,0.7150131558333678,-0.673766666666633,0.7837118583333659,0.06869870249999839,dota2-huliga-lynx-2026-08-29
8972773416,dota2-pi-lvlup1-2026-08-29-game1,2026-08-29T18:17:23.637000+00:00,2.8660190938517,2.851447506666697,-49.38988806737431,-52.25590716122601,dota2-pi-lvlup1-2026-08-29
8972893200,dota2-pi-lvlup1-2026-08-29-game2,2026-08-29T19:20:53.860000+00:00,7.618600094229336,7.769198213333335,-8.006886396114657,-15.625486490343993,dota2-pi-lvlup1-2026-08-29
8973011673,dota2-pi-lvlup1-2026-08-29,2026-08-29T20:33:12.059000+00:00,4.027610908349502,4.648516460000002,8.505561695576256,4.477950787226753,dota2-pi-lvlup1-2026-08-29
8973010298,dota2-ks-spirit1-2026-08-29-game1,2026-08-29T20:38:42.759000+00:00,0.0,0.0,-29.42600850000001,-29.42600850000001,dota2-ks-spirit1-2026-08-29
8973337131,dota2-icecre-xctn-2026-08-30-game1,2026-08-30T02:14:49.254000+00:00,16.78145823916668,17.670366666666677,-2.100666587791666,-18.882124826958343,dota2-icecre-xctn-2026-08-30
8973405568,dota2-icecre-xctn-2026-08-30-game2,2026-08-30T03:19:55.483000+00:00,5.608099827920831,4.902600553333332,3.729010412363826,-1.8790894155570044,dota2-icecre-xctn-2026-08-30
8973462028,dota2-icecre-xctn-2026-08-30,2026-08-30T04:30:11.988000+00:00,2.7806631093736525,1.919486546666653,0.541864606280628,-2.2387985030930246,dota2-icecre-xctn-2026-08-30
8973502629,dota2-clo-yb1-2026-08-30-game1,2026-08-30T05:13:07.837000+00:00,0.0,0.0,0.7550633333333336,0.7550633333333336,dota2-clo-yb1-2026-08-30
8973568453,dota2-clo-yb1-2026-08-30-game2,2026-08-30T06:12:50.377000+00:00,0.0,0.0,-0.680107942448663,-0.680107942448663,dota2-clo-yb1-2026-08-30
8973613420,dota2-clo-yb1-2026-08-30,2026-08-30T07:04:46.677000+00:00,15.924806415147094,15.547971743333344,19.405497528064174,3.4806911129170803,dota2-clo-yb1-2026-08-30
8973707438,dota2-lynx-lvlup1-2026-08-30-game1,2026-08-30T08:16:36.050000+00:00,2.675402465833321,3.5504333333333213,3.95286179749999,1.277459331666669,dota2-lynx-lvlup1-2026-08-30
8973859403,dota2-lynx-lvlup1-2026-08-30-game2,2026-08-30T09:56:31.353000+00:00,7.752608137546008,6.387479443333258,10.03929905984142,2.286690922295414,dota2-lynx-lvlup1-2026-08-30
8973884000,dota2-nem-xctn-2026-08-30-game2,2026-08-30T10:12:32.710000+00:00,-1.404523806829643,-1.8702874066666426,6.48798020886244,7.892504015692083,dota2-nem-xctn-2026-08-30
8973944033,dota2-lynx-lvlup1-2026-08-30,2026-08-30T10:50:43.696000+00:00,57.313425662281155,56.53135180666664,50.50184386728114,-6.81158179500001,dota2-lynx-lvlup1-2026-08-30
8974185539,dota2-navi-mouz-2026-08-30-game2,2026-08-30T13:08:29.090000+00:00,-102.47302119988052,-100.11198642000001,-12.955203266623828,89.5178179332567,dota2-navi-mouz-2026-08-30
8974647733,dota2-lvlup1-pr1-2026-08-30-game1,2026-08-30T17:09:16.077000+00:00,0.663119385666492,-0.2838781200000084,-0.05351832062875772,-0.7166377062952485,dota2-lvlup1-pr1-2026-08-30
8974898633,dota2-lvlup1-pr1-2026-08-30,2026-08-30T19:25:58.777000+00:00,16.365859874111823,17.216568273333326,-8.347586636009744,-24.71344651012157,dota2-lvlup1-pr1-2026-08-30
8975110449,dota2-dynast1-ks-2026-08-30-game2,2026-08-30T21:54:27.706000+00:00,3.6904206833333646,4.026933333333365,-4.328881750833293,-8.019302434166658,dota2-dynast1-ks-2026-08-30
8975871235,dota2-synaps-lynx-2026-08-31-game1,2026-08-31T12:26:44.788000+00:00,3.7104932383765483,2.885099780000049,-19.91803519726296,-23.62852843563951,dota2-synaps-lynx-2026-08-31
8976012755,dota2-synaps-lynx-2026-08-31-game2,2026-08-31T13:41:35.303000+00:00,15.137535335000011,15.12190000000001,4.8181924141666626,-10.319342920833348,dota2-synaps-lynx-2026-08-31
8976166971,dota2-synaps-lynx-2026-08-31,2026-08-31T15:09:07.826000+00:00,14.352650418833734,13.275622769999984,21.069521610639054,6.716871191805321,dota2-synaps-lynx-2026-08-31
8976300473,dota2-4iki-ic-2026-08-31-game1,2026-08-31T16:25:39.940000+00:00,-3.917261873333333,-4.452133333333333,-3.5052707257546643,0.411991147578669,dota2-4iki-ic-2026-08-31
8976441468,dota2-4iki-ic-2026-08-31-game2,2026-08-31T17:43:06.122000+00:00,-65.92235622380569,-65.43722934666668,21.00587552333334,86.92823174713902,dota2-4iki-ic-2026-08-31
8976511215,dota2-4iki-ic-2026-08-31,2026-08-31T18:29:54.020000+00:00,12.038854118511225,11.774722449999976,116.84568811396419,104.80683399545296,dota2-4iki-ic-2026-08-31
8976665322,dota2-spirit1-pi-2026-08-31-game1,2026-08-31T20:26:57.494000+00:00,-1.9372603483333173,-1.6847333333333172,9.9091488001896,11.846409148522916,dota2-spirit1-pi-2026-08-31
8976751962,dota2-spirit1-pi-2026-08-31-game2,2026-08-31T21:40:17.685000+00:00,-3.4626221151206935,-2.8915794666666934,2.4754846836626734,5.938106798783367,dota2-spirit1-pi-2026-08-31
8977325814,dota2-ks-pckcp-2026-09-01-game2,2026-09-01T10:26:27.059000+00:00,4.956060929950144,4.334842966666645,6.731224483204136,1.7751635532539918,dota2-ks-pckcp-2026-09-01
8977476867,dota2-ic-lynx-2026-09-01-game1,2026-09-01T12:26:04.131000+00:00,-24.442028296666717,-23.040466666666717,11.111005734847991,35.553034031514706,dota2-ic-lynx-2026-09-01
8977623650,dota2-ic-lynx-2026-09-01-game2,2026-09-01T13:53:28.128000+00:00,-15.997491518447456,-16.380847536666703,0.5544601081775303,16.551951626624987,dota2-ic-lynx-2026-09-01
8977913355,dota2-synaps-lvlup1-2026-09-01-game2,2026-09-01T16:37:59.217000+00:00,5.748116333333338,5.513333333333338,9.282388791666675,3.534272458333336,dota2-synaps-lvlup1-2026-09-01
8978023576,dota2-synaps-lvlup1-2026-09-01,2026-09-01T17:45:54.185000+00:00,23.466588952781006,24.117375380000002,-8.28056815562609,-31.747157108407094,dota2-synaps-lvlup1-2026-09-01
8978832148,dota2-pr1-ic-2026-09-02-game1,2026-09-02T09:52:32.767000+00:00,-15.099617363333353,-14.952533333333355,52.70894287420879,67.80856023754215,dota2-pr1-ic-2026-09-02
8978916284,dota2-pr1-ic-2026-09-02-game2,2026-09-02T11:19:11.539000+00:00,2.7221539416666722,2.2396666666666722,2.7759697750000054,0.05381583333333321,dota2-pr1-ic-2026-09-02
8978986214,dota2-pr1-ic-2026-09-02,2026-09-02T12:20:55.440000+00:00,1.4677329279658293,1.6768620333333295,-2.1453770875000013,-3.6131100154658307,dota2-pr1-ic-2026-09-02
8979131280,dota2-dynast1-pckcp-2026-09-02-game1,2026-09-02T13:56:13.878000+00:00,0.0,0.0,0.0,0.0,dota2-dynast1-pckcp-2026-09-02
8979241530,dota2-dynast1-pckcp-2026-09-02-game2,2026-09-02T14:56:18.245000+00:00,18.814427330344454,18.06215723999995,22.201070365571372,3.3866430352269195,dota2-dynast1-pckcp-2026-09-02
8979344496,dota2-synaps-4iki-2026-09-02-game1,2026-09-02T15:59:27.587000+00:00,9.312823577500005,9.167900000000005,-2.823221616640333,-12.136045194140337,dota2-synaps-4iki-2026-09-02
8980293569,dota2-z10-ks-2026-09-03-game1,2026-09-03T09:18:42.909000+00:00,0.714945619186702,0.5325075066667019,-2.9009337116744676,-3.6158793308611696,dota2-z10-ks-2026-09-03
8980358113,dota2-z10-ks-2026-09-03-game2,2026-09-03T10:27:20.250000+00:00,0.6390212821801272,-0.2236324766666229,1.6626988118234565,1.0236775296433294,dota2-z10-ks-2026-09-03
8980463789,dota2-pckcp-spirit1-2026-09-03-game1,2026-09-03T12:14:02.762000+00:00,-4.918310978322666,-4.652542026666666,3.4132427183333234,8.33155369665599,dota2-pckcp-spirit1-2026-09-03
8980769413,dota2-pi-dynast1-2026-09-03-game1,2026-09-03T15:17:23.998000+00:00,-7.025755278262331,-6.99635721333333,23.486574211666667,30.512329489929,dota2-pi-dynast1-2026-09-03
