trees,validation_mae_c
1,8.049304003999556
2,8.04650339931915
3,8.043797113398721
4,8.041156258718404
5,8.038508834823393
6,8.035938565887331
7,8.033439693588114
8,8.030759137555709
9,8.02840612339191
10,8.026119236005549
11,8.023674912040264
12,8.02126217931759
13,8.018803424134848
14,8.016397640913503
15,8.01418202437131
16,8.012001376229339
17,8.00985237183156
18,8.007767907588056
19,8.005735728015392
20,8.003651213705028
21,8.001678917323703
22,7.999657234217188
23,7.997445116004583
24,7.995488165933286
25,7.993359719441291
26,7.991390534489976
27,7.9892115752787065
28,7.987356723582868
29,7.985683544585023
30,7.983938737300959
31,7.982086667588007
32,7.980482666065873
33,7.979196167055519
34,7.977668733873772
35,7.976421550837275
36,7.974593779847897
37,7.973232921201275
38,7.9713797678632545
39,7.970222495705795
40,7.968912621953159
41,7.9673224054685505
42,7.965988768436782
43,7.964330964002266
44,7.962826124500733
45,7.961729905805898
46,7.960545561293103
47,7.959039717387524
48,7.9578501377242645
49,7.956440478581561
50,7.955008580662573
51,7.953683017686569
52,7.952318706415943
53,7.951046414720894
54,7.949942148072772
55,7.948862394042347
56,7.947824548253984
57,7.9467280912054115
58,7.945592611928164
59,7.9446112605463455
60,7.943459217608123
61,7.942247115243359
62,7.941414583569129
63,7.94030781889252
64,7.939407687812672
65,7.938377196562447
66,7.937044561601874
67,7.936022005220951
68,7.934759641923242
69,7.9337456324932205
70,7.932772699826017
71,7.931784983254543
72,7.930618557649664
73,7.929677296999787
74,7.928749702553947
75,7.927916312637729
76,7.927094843955887
77,7.925989594684656
78,7.925095342309174
79,7.924282059387471
80,7.923496231371899
81,7.922426143794074
82,7.921688292580393
83,7.920886762668449
84,7.920040366794942
85,7.91919598097775
86,7.918408626300495
87,7.917700812604651
88,7.917149112899659
89,7.916364603498306
90,7.915889110165949
91,7.915057535406141
92,7.914601948224681
93,7.913927989563869
94,7.913496450770273
95,7.913076950066597
96,7.9123215332719
97,7.912016689522897
98,7.911432410851665
99,7.911140051558656
100,7.910496332826374
101,7.910240545858644
102,7.909884587137195
103,7.9093474818177185
104,7.909108998731551
105,7.908440817352391
106,7.908157006967301
107,7.907970265056842
108,7.907698959544786
109,7.907229720184217
110,7.906946460003886
111,7.90630900089386
112,7.905706986784093
113,7.905356430855524
114,7.905055765448546
115,7.904601259209292
116,7.904041662792966
117,7.9038419084294045
118,7.903626333388308
119,7.903243427282297
120,7.903041154479667
121,7.9025711179283515
122,7.902294435535236
123,7.901799394527111
124,7.901537753423482
125,7.901253871990903
126,7.901008064400469
127,7.9005207500003785
128,7.900288942808084
129,7.899994770865379
130,7.8998250291346075
131,7.899585059006394
132,7.899309494521887
133,7.899153768352664
134,7.898918508713415
135,7.898654832346498
136,7.8985216398021905
137,7.898287101047869
138,7.898163838545648
139,7.897924244147987
140,7.897806720131614
141,7.897391109610008
142,7.897287014864286
143,7.897184790492462
144,7.896989973320853
145,7.896902404463714
146,7.896693544336045
147,7.896497424885417
148,7.896350271305007
149,7.896175554263171
150,7.896039436933274
151,7.895878364756739
152,7.8957701793146695
153,7.895694205111658
154,7.895503363318608
155,7.895386669924206
156,7.8951119702831845
157,7.89493924364176
158,7.894686116122193
159,7.894438757535963
160,7.8942770763596695
161,7.894232272957737
162,7.893887519704032
163,7.8937259640338695
164,7.893398450483341
165,7.8932018073264025
166,7.892914223810877
167,7.892799807419594
168,7.892698808790924
169,7.892441061008249
170,7.89218150966387
171,7.8921647914486455
172,7.892038683954909
173,7.89180986847685
174,7.891804577659102
175,7.891435180901311
176,7.891364209977242
177,7.891390520714083
178,7.891348990343484
179,7.891022593731867
180,7.890842993374365
181,7.890884918331363
182,7.890851402970625
183,7.890820565302152
184,7.890707161950017
185,7.890770362612395
186,7.89080651837555
187,7.890724236998641
188,7.890711894552331
189,7.890690315496422
190,7.890612773419145
191,7.890689185337793
192,7.890597022778688
193,7.890493613777999
194,7.890435949448177
195,7.890342341787396
196,7.8903326142438335
197,7.8902820416366755
198,7.89024452217288
199,7.890163214547556
200,7.890098540537865
201,7.890030687420911
202,7.889970092371107
203,7.889954172563322
204,7.889913365847348
205,7.889898589656534
206,7.889891304799559
207,7.889824244210775
208,7.889817755534412
209,7.889817761772659
210,7.889553057062472
211,7.889568208577267
212,7.889585778046977
213,7.889605864698266
214,7.889468874436568
215,7.889335888078261
216,7.889075536050566
217,7.8891773691554
218,7.888870016796118
219,7.889043668896374
220,7.888747257115184
221,7.888427086742497
222,7.888537818614259
223,7.888534390603594
224,7.888256514496636
225,7.888089850179222
226,7.888027903979054
227,7.887746315825636
228,7.887755564939379
229,7.887875004540697
230,7.887828400037941
231,7.887773920004988
232,7.887505248850644
233,7.887622978324041
234,7.8875669550685
235,7.887537548376479
236,7.887487650432298
237,7.887724687706897
238,7.887845355050191
239,7.887739168668556
240,7.8878628305708505
241,7.887778727454344
242,7.887681940894254
243,7.88780728104586
244,7.88786097077721
245,7.887972727765491
246,7.888099819791816
247,7.888011288285603
248,7.888144078836626
249,7.888091821769259
250,7.888019890046251
251,7.888154533048457
252,7.888239299666326
253,7.888318146988785
254,7.888373195090848
255,7.88850900333048
256,7.888296936616837
257,7.88843541985038
258,7.888464265270866
259,7.888604211332223
260,7.888639318937107
261,7.888780361682993
262,7.888761601885676
263,7.888532560216785
264,7.888494104883967
265,7.888525292053885
266,7.888597132625143
267,7.888381241731814
268,7.888491755076023
269,7.888364882149562
270,7.888422355978405
271,7.888575409495975
272,7.888537123839884
273,7.888914237527711
274,7.889080696130163
275,7.888988037433103
276,7.889303603251275
277,7.889331558787453
278,7.889509459229621
279,7.8894427986488544
280,7.889626376081496
281,7.889937331147134
282,7.889839084573028
283,7.8898607199319235
284,7.889776204042037
285,7.889951357434997
286,7.889846482421205
287,7.889973016349668
288,7.890111054115004
289,7.8901667235350565
290,7.89032253393736
291,7.89047311037544
292,7.890744346234563
293,7.890603249080582
294,7.89072833914594
295,7.890914494027165
296,7.89096033000872
297,7.891090934272955
298,7.891275963345788
299,7.891395058484478
300,7.891633311545234
301,7.891955283309225
302,7.892336412169941
303,7.892460135431903
304,7.89267947428105
305,7.892809016440185
306,7.893213840142376
307,7.893259878204415
308,7.893078399283684
309,7.89312378465157
310,7.893325070989119
311,7.893330546672213
312,7.893628288548518
313,7.8936760469066005
314,7.89355171651019
315,7.893695557231403
316,7.893475500797919
317,7.8933595542108455
318,7.893709011915508
319,7.893497170693179
320,7.893231565900847
321,7.8930298458242705
322,7.893175571574508
323,7.8936147241257775
324,7.894013480698511
325,7.893879540726149
326,7.894277086096356
327,7.89405432976549
328,7.894206485017611
329,7.8941856609987955
330,7.894171651308603
331,7.894186079253468
332,7.894488448895726
333,7.894511949748215
334,7.894629083588364
335,7.894650911148633
336,7.894555280306394
337,7.894824206593677
338,7.894710184113405
339,7.89489288825904
340,7.89536035799806
341,7.895282661961439
342,7.895339343029155
343,7.895247192625919
344,7.895518217160878
345,7.895417806621471
346,7.895394195067949
347,7.8955762566138805
348,7.895492324486499
349,7.895658198388851
350,7.895697917643075
351,7.896032960690777
352,7.896242173543082
353,7.896591429197613
354,7.896927143687142
355,7.8968213483706275
356,7.897038525132122
357,7.896977569084665
358,7.897323283752981
359,7.897222059114721
360,7.8971866576360945
361,7.8974631552847105
362,7.8972927475477945
363,7.897250225315656
364,7.89716619612017
365,7.89735963621524
366,7.897557680219804
367,7.897918362163601
368,7.897866685808366
369,7.8978693747419175
370,7.897850665536301
371,7.897659524189321
372,7.897670386301808
373,7.897635895473247
374,7.897511490084821
375,7.89748261960062
376,7.897306730245466
377,7.897326958716352
378,7.897283769228746
379,7.897161029589979
380,7.897124716714932
381,7.896924193660516
382,7.897321233400552
383,7.89723006612658
384,7.897191663574703
385,7.897092692316515
386,7.8971990346675796
387,7.897661426844373
388,7.897498495272655
389,7.897464680192538
390,7.897518435352155
391,7.8974730584097
392,7.897307197509157
393,7.8973168787705
394,7.897354673466397
395,7.897740990819052
396,7.897677010669503
397,7.897642675185203
398,7.897703724702746
399,7.897749473837969
400,7.898041556047218
401,7.898015704575948
402,7.898088995252343
403,7.898149883000462
404,7.898442537452375
405,7.898590662190659
406,7.898622672526814
407,7.898745795317283
408,7.898812693195431
409,7.899144397516461
410,7.899216400490127
411,7.899253771891668
412,7.899561984415787
413,7.899806256096702
414,7.899999989150848
415,7.900203250991263
416,7.900332708005624
417,7.900455052255443
418,7.900376434118226
419,7.900628746011712
420,7.900761116360838
421,7.900970552235738
422,7.901239018338141
423,7.901607510324274
424,7.901713203356805
425,7.9018414279952
426,7.9019211699260365
427,7.902488516316257
428,7.9025829543809545
429,7.902710195488025
430,7.902915273711628
431,7.903438516311977
432,7.903691619568262
433,7.90369071015202
434,7.9036472944937
435,7.90412369013244
436,7.90409982505555
437,7.904047579182364
438,7.904153125503194
439,7.904111957050426
440,7.9041702987561235
441,7.904111126930968
442,7.904089444163552
443,7.904326874478578
444,7.904314857737002
445,7.90438734637329
446,7.904411893298686
447,7.904681870452028
448,7.905123680081359
449,7.905249704218634
450,7.905202883271226
451,7.905154249625698
452,7.905280001596073
453,7.905332220888363
454,7.905633675589375
455,7.905653937777514
456,7.905713602961035
457,7.905804553594437
458,7.906159203602731
459,7.90622237093917
460,7.906248173362431
461,7.9062907587961515
462,7.906368753601462
463,7.906439764990337
464,7.90646245737216
465,7.906540472275476
466,7.906655615975887
467,7.906694666026741
468,7.906740624630418
469,7.906794146093166
470,7.906744928531769
471,7.906966779406361
472,7.90701664833964
473,7.906983334942283
474,7.9071267278781665
475,7.9073127050101295
476,7.907485378127148
477,7.907835589476159
478,7.9079953324332015
479,7.908175026980406
480,7.90831869895239
481,7.908752812329016
482,7.908842088178048
483,7.908981534225138
484,7.90910000082622
485,7.9092764020352115
486,7.909398481147168
487,7.909599248804064
488,7.909797694370724
489,7.910060013153569
490,7.910069925935185
491,7.910435541727765
492,7.910528436550476
493,7.91063015419044
494,7.910725238539006
495,7.910942529351484
496,7.911036580768078
497,7.9112160453509786
498,7.911323005489089
499,7.911377831544677
500,7.911508007545636
501,7.9117067087275394
502,7.912002219973297
503,7.912217861215229
504,7.912329271784557
505,7.912430505373745
506,7.91260982442597
507,7.912662650243331
508,7.912766762802237
509,7.91285098824313
510,7.91310866803787
511,7.913045149797286
512,7.913162781787436
513,7.913283486935377
514,7.91355405598628
515,7.91354548087899
516,7.913618222314824
517,7.913820119514588
518,7.913817975479084
519,7.914092213139778
520,7.9141435537135845
521,7.914326912723503
522,7.914494985294844
523,7.914648280740185
524,7.914533879814635
525,7.914651377674045
526,7.9149504191664475
527,7.91525635844468
528,7.915296597854922
529,7.915582335628724
530,7.915602791648
531,7.915734711034958
532,7.915754698716659
533,7.916053120937608
534,7.916071857856561
535,7.916113453397113
536,7.916271154706102
537,7.916448839447734
538,7.916476815580105
539,7.916831596212013
540,7.917102173403038
541,7.917212150742943
542,7.917460208460279
543,7.917489315566339
544,7.917818016425702
545,7.9176495132479525
546,7.917539708720975
547,7.917865036273051
548,7.917841730402565
549,7.917828380067352
550,7.917878351846945
551,7.918036187340652
552,7.917982988524814
553,7.9178172085645055
554,7.917867028436329
555,7.9177277233948145
556,7.917628642404033
557,7.917711697787892
558,7.918074375773088
559,7.918403725009497
560,7.918473657627143
561,7.918414694784262
562,7.918431306338094
563,7.918488140588756
564,7.918439324902916
565,7.91828051487557
566,7.918409919982704
567,7.918329452838141
568,7.918230581832771
569,7.918641742436945
570,7.918639333856202
571,7.918712343371779
572,7.919137397518162
573,7.919203966731144
574,7.919244159876528
575,7.919137778339914
576,7.919210608273588
577,7.91958584091919
578,7.919587361714668
579,7.919910192175611
580,7.919901356397154
581,7.920192018680227
582,7.920253518369639
583,7.920253257041569
584,7.920660809363143
585,7.920706401048913
586,7.920959882299103
587,7.920886644041776
588,7.920964777597225
589,7.920946788411451
590,7.920912604576398
591,7.921022313793448
592,7.9210262803503335
593,7.92106687655389
594,7.921092043656842
595,7.921114548674835
596,7.921267463517266
597,7.921319756379004
598,7.921247673116237
599,7.921335283444248
600,7.921608979469847
