match_id,horn_at,slug,event_id,date,week,baseline,candidate,delta
8837869969,2026-06-04T09:17:47.612000+00:00,dota2-aur1-ty-2026-06-04-game1,551689,2026-06-04,2026-23,4.038882720833337,12.091483277500004,8.052600556666663
8837957019,2026-06-04T11:05:49.570000+00:00,dota2-aur1-ty-2026-06-04-game2,551689,2026-06-04,2026-23,-25.020283333333307,-22.764091739999973,2.256191593333331
8838056564,2026-06-04T12:43:48.535000+00:00,dota2-flc-liquid-2026-06-04-game1,551690,2026-06-04,2026-23,-9.728933333333334,1.275175000000003,11.00410833333334
8838170936,2026-06-04T14:05:12.636000+00:00,dota2-flc-liquid-2026-06-04-game2,551690,2026-06-04,2026-23,-2.896601479999982,-0.47572673916665814,2.4208747408333235
8838396820,2026-06-04T16:48:28.531000+00:00,dota2-lgd-ty-2026-06-04-game2,558542,2026-06-04,2026-23,-1.7385085966666576,-4.589870806666653,-2.8513622099999942
8838480778,2026-06-04T17:57:47.377000+00:00,dota2-lgd-ty-2026-06-04,558542,2026-06-04,2026-23,-11.666439879166669,-4.811000000000001,6.855439879166671
8839123109,2026-06-05T09:16:39.267000+00:00,dota2-flc-bb4-2026-06-05-game1,558948,2026-06-05,2026-23,-5.219591666666666,-11.88306666666666,-6.663474999999996
8839193447,2026-06-05T10:38:10.594000+00:00,dota2-flc-bb4-2026-06-05-game2,558948,2026-06-05,2026-23,2.833468036666671,5.358945376666665,2.5254773399999952
8839366504,2026-06-05T13:21:18.066000+00:00,dota2-lgd-liquid-2026-06-05-game2,560002,2026-06-05,2026-23,-4.5140419024999945,-9.62130871166667,-5.107266809166674
8839494962,2026-06-05T14:52:18.684000+00:00,dota2-flc-aur1-2026-06-05-game1,561865,2026-06-05,2026-23,4.130737500000005,-0.6215836725000004,-4.752321172500005
8839625815,2026-06-05T16:13:53.150000+00:00,dota2-flc-aur1-2026-06-05-game2,561865,2026-06-05,2026-23,4.724224880000002,3.400759403333335,-1.323465476666667
8839717574,2026-06-05T17:21:15.591000+00:00,dota2-flc-aur1-2026-06-05,561865,2026-06-05,2026-23,0.9457585483333348,-0.18046958999999255,-1.1262281383333272
8840635639,2026-06-06T10:47:49.658000+00:00,dota2-ty-bb4-2026-06-06-game1,561866,2026-06-06,2026-23,1.702799921666659,3.3208498216666626,1.6180499000000041
8840704374,2026-06-06T11:51:44.485000+00:00,dota2-ty-bb4-2026-06-06-game2,561866,2026-06-06,2026-23,-5.75545099666667,-2.966067286666663,2.789383710000005
8840821227,2026-06-06T13:12:37.368000+00:00,dota2-ty-bb4-2026-06-06,561866,2026-06-06,2026-23,12.43235814416667,-2.5663669599999976,-14.998725104166667
8840984097,2026-06-06T15:05:33.978000+00:00,dota2-aur1-lgd-2026-06-06-game1,562915,2026-06-06,2026-23,-0.21166593500000097,-0.23408990666666618,-0.02242397166666521
8841114801,2026-06-06T16:30:29.855000+00:00,dota2-aur1-lgd-2026-06-06-game2,562915,2026-06-06,2026-23,2.672183119999989,19.09607356666666,16.423890446666668
8842052142,2026-06-07T09:18:04.694000+00:00,dota2-bb4-lgd-2026-06-07-game1,566866,2026-06-07,2026-23,29.759833078333333,16.180750000000003,-13.579083078333326
8842134886,2026-06-07T10:28:41.168000+00:00,dota2-bb4-lgd-2026-06-07-game2,566866,2026-06-07,2026-23,-2.649490837500001,-4.482333258333337,-1.8328424208333356
8842245726,2026-06-07T11:59:53.564000+00:00,dota2-bb4-lgd-2026-06-07,566866,2026-06-07,2026-23,4.773558333333327,9.21568317166666,4.442124838333332
8842468101,2026-06-07T14:21:40.854000+00:00,dota2-ty-lgd-2026-06-07-game1,569249,2026-06-07,2026-23,-13.432706081666664,-17.83784055083333,-4.405134469166666
8842596730,2026-06-07T15:49:20.066000+00:00,dota2-ty-lgd-2026-06-07-game2,569249,2026-06-07,2026-23,-3.0346856400000006,-3.2274432783333338,-0.19275763833333345
8842722527,2026-06-07T17:12:22.566000+00:00,dota2-ty-lgd-2026-06-07-game3,569249,2026-06-07,2026-23,9.560074929166662,18.177916666666665,8.617841737500001
8842845018,2026-06-07T18:51:58.999000+00:00,dota2-ty-lgd-2026-06-07-game4,569249,2026-06-07,2026-23,2.3113110466666655,2.069936046666666,-0.24137499999999967
8843465364,2026-06-08T09:15:08.776000+00:00,dota2-4iki-nande4-2026-06-08-game1,571988,2026-06-08,2026-24,-6.952015283333331,-8.655990548333333,-1.7039752650000015
8843512570,2026-06-08T10:09:45.609000+00:00,dota2-4iki-nande4-2026-06-08-game2,571988,2026-06-08,2026-24,-10.35294184916666,-4.984458333333324,5.368483515833336
8843560379,2026-06-08T11:10:54.138000+00:00,dota2-4iki-nande4-2026-06-08,571988,2026-06-08,2026-24,-3.123166788333332,-3.683233333333334,-0.5600665450000025
8843760302,2026-06-08T13:42:26.324000+00:00,dota2-vpp-balu-2026-06-08-game2,570280,2026-06-08,2026-24,2.8448333333333404,0.9804166666666703,-1.86441666666667
8844054970,2026-06-08T17:08:41.204000+00:00,dota2-z10-sb5-2026-06-08-game2,570281,2026-06-08,2026-24,16.28161259416667,21.979816666666668,5.698204072499998
8844132483,2026-06-08T18:23:01.210000+00:00,dota2-vpp-z10-2026-06-08-game1,570282,2026-06-08,2026-24,-0.08999999999999986,-0.08999999999999986,0.0
8844244719,2026-06-08T19:45:42.908000+00:00,dota2-vpp-z10-2026-06-08-game2,570282,2026-06-08,2026-24,7.380136038333336,0.8244666666666688,-6.555669371666667
8844308689,2026-06-08T20:50:38.757000+00:00,dota2-vpp-z10-2026-06-08,570282,2026-06-08,2026-24,35.81644166666667,29.200958333333347,-6.615483333333326
8850534819,2026-06-13T17:10:42.502000+00:00,dota2-ill-pr1-2026-06-13-game2,574237,2026-06-13,2026-24,-3.6054333333333317,-1.9681666666666675,1.6372666666666642
8850593633,2026-06-13T18:00:57.551000+00:00,dota2-ill-pr1-2026-06-13,574237,2026-06-13,2026-24,0.0,-0.8368741575000002,-0.8368741575000002
8851984783,2026-06-14T16:46:25.798000+00:00,dota2-4iki-pr1-2026-06-14-game2,592425,2026-06-14,2026-24,-3.7352416666666692,-4.814491666666673,-1.0792500000000036
8852055373,2026-06-14T17:46:02.690000+00:00,dota2-4iki-pr1-2026-06-14,592425,2026-06-14,2026-24,-3.280761049999997,-0.13456666666666436,3.1461943833333326
8854443395,2026-06-16T16:31:44.570000+00:00,dota2-fla-spirit1-2026-06-16-game1,598072,2026-06-16,2026-25,-3.355791666666667,-3.6994250000000015,-0.34363333333333373
8885183102,2026-07-07T09:47:24.433000+00:00,dota2-flc-bb4-2026-07-07-game1,653199,2026-07-07,2026-28,-4.877324535833331,-6.4937916666666675,-1.6164671308333372
8885195986,2026-07-07T09:55:03.037000+00:00,dota2-re-xtreme-2026-07-07-game1,653200,2026-07-07,2026-28,9.599707013333322,6.9829991733333285,-2.6167078399999952
8885252329,2026-07-07T11:01:59.599000+00:00,dota2-flc-bb4-2026-07-07-game2,653199,2026-07-07,2026-28,-1.5498249999999973,-6.518724999999997,-4.9689
8885275216,2026-07-07T11:16:11.813000+00:00,dota2-re-xtreme-2026-07-07-game2,653200,2026-07-07,2026-28,-2.2964221666666575,-2.8277221666666623,-0.5313000000000044
8885365825,2026-07-07T12:34:49.112000+00:00,dota2-l1ga-ngx-2026-07-07-game1,653226,2026-07-07,2026-28,0.2648333333333343,0.025666666666667542,-0.23916666666666675
8885380529,2026-07-07T12:43:07.045000+00:00,dota2-liquid-playti-2026-07-07-game1,653225,2026-07-07,2026-28,-1.9423376250000013,-3.676425125,-1.7340874999999993
8885411801,2026-07-07T13:06:28.530000+00:00,dota2-lvlup1-aur1-2026-07-07-game1,653241,2026-07-07,2026-28,-1.0716083333333326,-3.5226499999999965,-2.4510416666666637
8885470551,2026-07-07T13:39:34.570000+00:00,dota2-l1ga-ngx-2026-07-07-game2,653226,2026-07-07,2026-28,6.088014583333329,17.202766666666665,11.114752083333338
8885473599,2026-07-07T13:52:27.923000+00:00,dota2-liquid-playti-2026-07-07-game2,653225,2026-07-07,2026-28,-1.834044568333325,7.819721831666663,9.65376639999999
8885529711,2026-07-07T14:23:52.590000+00:00,dota2-lvlup1-aur1-2026-07-07-game2,653241,2026-07-07,2026-28,4.9345333333333325,4.671383333333332,-0.2631500000000007
8885633666,2026-07-07T15:33:28.678000+00:00,dota2-ts8-mouz-2026-07-07-game1,653242,2026-07-07,2026-28,20.46193043000001,17.925482007500012,-2.5364484224999964
8885665054,2026-07-07T15:41:38.548000+00:00,dota2-nem-pari-2026-07-07-game1,653244,2026-07-07,2026-28,18.648933093333337,20.71014166666667,2.061208573333333
8885784652,2026-07-07T17:16:32.961000+00:00,dota2-ts8-mouz-2026-07-07-game2,653242,2026-07-07,2026-28,-6.725729406666659,-6.00058345333333,0.7251459533333285
8885871759,2026-07-07T18:31:07.999000+00:00,dota2-ic-1win-2026-07-07-game1,653247,2026-07-07,2026-28,0.14416666666666686,0.09416666666666673,-0.05000000000000012
8885928262,2026-07-07T19:03:44.444000+00:00,dota2-ty-og-2026-07-07-game1,653245,2026-07-07,2026-28,15.136991666666665,20.448983333333327,5.311991666666665
8885974297,2026-07-07T19:32:14.446000+00:00,dota2-ic-1win-2026-07-07-game2,653247,2026-07-07,2026-28,-3.3411512266666654,0.0,3.3411512266666654
8886005043,2026-07-07T20:03:05.981000+00:00,dota2-ty-og-2026-07-07-game2,653245,2026-07-07,2026-28,-0.8387333333333312,-0.7686666666666646,0.07006666666666665
8886572854,2026-07-08T09:27:27.007000+00:00,dota2-gl-xtreme-2026-07-08-game1,677664,2026-07-08,2026-28,-17.272300000000005,-6.305091666666667,10.96720833333334
8886576019,2026-07-08T09:20:01.472000+00:00,dota2-poorra-bb4-2026-07-08-game1,677666,2026-07-08,2026-28,-7.003616666666667,0.0,7.003616666666667
8886638110,2026-07-08T10:36:00.005000+00:00,dota2-poorra-bb4-2026-07-08-game2,677666,2026-07-08,2026-28,1.6497916666666654,0.9229249999999999,-0.7268666666666656
8886640910,2026-07-08T10:39:41.623000+00:00,dota2-flc-re-2026-07-08-game2,677668,2026-07-08,2026-28,8.768249868333331,6.690312538333333,-2.077937329999999
8886641793,2026-07-08T10:45:04.782000+00:00,dota2-gl-xtreme-2026-07-08-game2,677664,2026-07-08,2026-28,14.021683048333331,-1.5602834541666655,-15.5819665025
8886728756,2026-07-08T12:02:19.795000+00:00,dota2-l1ga-playti-2026-07-08-game1,677696,2026-07-08,2026-28,-1.913950000000004,-4.597808485000007,-2.683858485000002
8886736772,2026-07-08T12:08:59.488000+00:00,dota2-liquid-lvlup1-2026-07-08-game1,677698,2026-07-08,2026-28,2.11892875,0.0,-2.11892875
8886788497,2026-07-08T12:47:30.744000+00:00,dota2-ngx-aur1-2026-07-08-game1,677670,2026-07-08,2026-28,3.2700934383333373,6.28071238,3.0106189416666616
8886815251,2026-07-08T13:04:20.712000+00:00,dota2-l1ga-playti-2026-07-08-game2,677696,2026-07-08,2026-28,27.422075000000007,21.346607335000005,-6.075467665000006
8886862310,2026-07-08T13:37:25.898000+00:00,dota2-liquid-lvlup1-2026-07-08-game2,677698,2026-07-08,2026-28,5.82375000000001,3.819566666666675,-2.004183333333335
8886994890,2026-07-08T14:59:11.781000+00:00,dota2-ts8-nem-2026-07-08-game1,677704,2026-07-08,2026-28,-0.03683333333333098,-0.033333333333333215,0.003499999999997764
8887100676,2026-07-08T16:18:23.954000+00:00,dota2-vg-pari-2026-07-08-game1,677700,2026-07-08,2026-28,0.3095456666666614,1.5109623333333293,1.201416666666668
8887114313,2026-07-08T16:15:19.583000+00:00,dota2-ts8-nem-2026-07-08-game2,677704,2026-07-08,2026-28,-6.498374999999999,-6.251541666666665,0.24683333333333465
8887197358,2026-07-08T17:23:00.102000+00:00,dota2-vg-pari-2026-07-08-game2,677700,2026-07-08,2026-28,-3.216958333333333,-3.2211249999999993,-0.00416666666666643
8887218598,2026-07-08T17:27:41.870000+00:00,dota2-lgd-og-2026-07-08-game1,677708,2026-07-08,2026-28,1.6565916666666691,2.493482084166669,0.8368904175000003
8887260104,2026-07-08T17:58:24.214000+00:00,dota2-ty-ic-2026-07-08-game1,677710,2026-07-08,2026-28,-0.5861431850000001,0.0,0.5861431850000001
8887314193,2026-07-08T18:40:30.736000+00:00,dota2-lgd-og-2026-07-08-game2,677708,2026-07-08,2026-28,-20.02222018833331,-25.823170963333315,-5.800950775000004
8887325211,2026-07-08T18:51:24.334000+00:00,dota2-vp-1win-2026-07-08-game1,677706,2026-07-08,2026-28,-7.197976433333345,-5.75195976666667,1.4460166666666765
8887337672,2026-07-08T19:01:29.872000+00:00,dota2-ty-ic-2026-07-08-game2,677710,2026-07-08,2026-28,0.19841666666666669,0.0,-0.19841666666666669
8887432754,2026-07-08T20:20:02.742000+00:00,dota2-vp-1win-2026-07-08-game2,677706,2026-07-08,2026-28,27.948009003333336,28.74374233666666,0.7957333333333315
8887986392,2026-07-09T09:21:30.237000+00:00,dota2-poorra-xtreme-2026-07-09-game1,681833,2026-07-09,2026-28,-11.683074999999997,-7.093766666666663,4.589308333333334
8887998750,2026-07-09T09:29:32.198000+00:00,dota2-bb4-re-2026-07-09-game1,681835,2026-07-09,2026-28,-1.833333333333336,-1.8333333333333364,-2.9605947323337506e-16
8888056358,2026-07-09T10:34:44.979000+00:00,dota2-poorra-xtreme-2026-07-09-game2,681833,2026-07-09,2026-28,-3.2802503200000097,-2.181650151666672,1.0986001683333377
8888066684,2026-07-09T10:43:25.275000+00:00,dota2-bb4-re-2026-07-09-game2,681835,2026-07-09,2026-28,-6.06945814666667,-0.2324166666666668,5.8370414800000034
8888083694,2026-07-09T11:11:32.224000+00:00,dota2-gl-flc-2026-07-09-game2,681831,2026-07-09,2026-28,16.926875963333355,19.025025000000024,2.0981490366666677
8888160657,2026-07-09T12:09:38.901000+00:00,dota2-l1ga-aur1-2026-07-09-game1,681839,2026-07-09,2026-28,0.9680613366666572,-2.117970000000011,-3.086031336666668
8888173515,2026-07-09T12:20:27.216000+00:00,dota2-playti-lvlup1-2026-07-09-game1,681841,2026-07-09,2026-28,9.472966666666679,11.365083333333338,1.89211666666666
8888217771,2026-07-09T12:52:14.212000+00:00,dota2-ngx-liquid-2026-07-09-game1,681837,2026-07-09,2026-28,6.519807316666668,9.10011666666667,2.5803093500000016
8888260336,2026-07-09T13:20:05.771000+00:00,dota2-l1ga-aur1-2026-07-09-game2,681839,2026-07-09,2026-28,-4.335774999999999,-5.624133333333336,-1.2883583333333364
8888279558,2026-07-09T13:33:23.111000+00:00,dota2-playti-lvlup1-2026-07-09-game2,681841,2026-07-09,2026-28,10.15980833333333,9.240833333333333,-0.9189749999999984
8888318197,2026-07-09T14:04:08.888000+00:00,dota2-ngx-liquid-2026-07-09-game2,681837,2026-07-09,2026-28,-2.6173809000000086,-1.7140512116666642,0.9033296883333444
8888405761,2026-07-09T14:48:45.816000+00:00,dota2-mouz-nem-2026-07-09-game1,681852,2026-07-09,2026-28,3.6037333333333357,-1.7942421574999905,-5.3979754908333275
8888425887,2026-07-09T15:02:02.148000+00:00,dota2-rnx-pari-2026-07-09-game1,681854,2026-07-09,2026-28,0.7925583333333256,0.9857249999999915,0.1931666666666659
8888489297,2026-07-09T15:42:43.149000+00:00,dota2-vg-ts8-2026-07-09-game1,681843,2026-07-09,2026-28,-17.23519171416665,-13.055816714166653,4.179374999999998
8888554919,2026-07-09T16:26:10.054000+00:00,dota2-rnx-pari-2026-07-09-game2,681854,2026-07-09,2026-28,0.0,0.0,0.0
8888555097,2026-07-09T16:24:34.308000+00:00,dota2-mouz-nem-2026-07-09-game2,681852,2026-07-09,2026-28,-14.979958333333334,-3.001749999999999,11.978208333333336
8888592426,2026-07-09T16:59:54.115000+00:00,dota2-vg-ts8-2026-07-09-game2,681843,2026-07-09,2026-28,-3.971525000000001,-4.697033333333336,-0.7255083333333349
8888682602,2026-07-09T17:53:01.981000+00:00,dota2-og-ic-2026-07-09-game1,681860,2026-07-09,2026-28,-17.686658333333316,-10.21400838833332,7.472649944999996
8888693655,2026-07-09T18:07:57.629000+00:00,dota2-vp-ty-2026-07-09-game1,681858,2026-07-09,2026-28,4.051066666666668,1.017633333333335,-3.0334333333333334
8888731478,2026-07-09T18:35:20.326000+00:00,dota2-lgd-1win-2026-07-09-game1,681856,2026-07-09,2026-28,2.0721594383333346,5.628288558333338,3.5561291200000036
8888771711,2026-07-09T19:04:50.495000+00:00,dota2-og-ic-2026-07-09-game2,681860,2026-07-09,2026-28,-1.5766333333333336,0.0,1.5766333333333336
8888819433,2026-07-09T19:41:02.532000+00:00,dota2-lgd-1win-2026-07-09-game2,681856,2026-07-09,2026-28,5.031272400833331,1.420476346666663,-3.6107960541666686
8889452921,2026-07-10T09:17:34.068000+00:00,dota2-re-gl-2026-07-10-game1,684893,2026-07-10,2026-28,17.079275000000006,13.593074931666669,-3.4862000683333343
8889468264,2026-07-10T09:26:30.741000+00:00,dota2-xtreme-bb4-2026-07-10-game1,684889,2026-07-10,2026-28,-5.222625000000006,-4.792083402500005,0.4305415975000013
8889513730,2026-07-10T10:17:36.842000+00:00,dota2-poorra-flc-2026-07-10-game2,684891,2026-07-10,2026-28,1.4106291708333363,0.0,-1.4106291708333363
8889524021,2026-07-10T10:37:39.793000+00:00,dota2-xtreme-bb4-2026-07-10-game2,684889,2026-07-10,2026-28,-1.580849999999992,-1.7871583333333374,-0.20630833333334517
8889538949,2026-07-10T10:40:57.402000+00:00,dota2-re-gl-2026-07-10-game2,684893,2026-07-10,2026-28,-12.971433404999994,-11.121267036666666,1.8501663683333305
8889615310,2026-07-10T11:48:20.990000+00:00,dota2-l1ga-liquid-2026-07-10-game1,684897,2026-07-10,2026-28,-1.3586849650000072,-2.13087663166667,-0.7721916666666626
8889621582,2026-07-10T11:57:42.116000+00:00,dota2-aur1-playti-2026-07-10-game1,684895,2026-07-10,2026-28,-18.036371079999995,-11.938025000000005,6.0983460799999945
8889699098,2026-07-10T12:46:15.831000+00:00,dota2-l1ga-liquid-2026-07-10-game2,684897,2026-07-10,2026-28,-0.7843333333333314,-5.298266666666657,-4.513933333333325
8889733840,2026-07-10T13:14:22.837000+00:00,dota2-aur1-playti-2026-07-10-game2,684895,2026-07-10,2026-28,-30.96313333333332,-31.967974999999992,-1.0048416666666675
8889871314,2026-07-10T14:27:52.631000+00:00,dota2-nem-vg-2026-07-10-game1,684903,2026-07-10,2026-28,8.769800000000002,7.5225333333333255,-1.2472666666666765
8889914618,2026-07-10T14:59:49.254000+00:00,dota2-pari-mouz-2026-07-10-game1,684901,2026-07-10,2026-28,-3.757002253333328,-5.88498333333333,-2.1279810800000014
8889944251,2026-07-10T15:15:29.857000+00:00,dota2-rnx-ts8-2026-07-10-game1,684905,2026-07-10,2026-28,4.962958333333334,2.840866666666663,-2.1220916666666714
8890008812,2026-07-10T15:49:04.827000+00:00,dota2-nem-vg-2026-07-10-game2,684903,2026-07-10,2026-28,14.841836166666669,20.303251603333326,5.4614154366666625
8890036748,2026-07-10T16:15:07.698000+00:00,dota2-pari-mouz-2026-07-10-game2,684901,2026-07-10,2026-28,5.9305076766666645,7.356199999999998,1.4256923233333334
8890074597,2026-07-10T16:28:42.555000+00:00,dota2-rnx-ts8-2026-07-10-game2,684905,2026-07-10,2026-28,0.0,0.0,0.0
8890179830,2026-07-10T17:38:53.401000+00:00,dota2-lgd-ty-2026-07-10-game1,684907,2026-07-10,2026-28,15.656655373333331,18.577772906666663,2.9211175333333284
8890268632,2026-07-10T18:43:14.663000+00:00,dota2-lgd-ty-2026-07-10-game2,684907,2026-07-10,2026-28,-8.33239166666667,-16.63983333333334,-8.307441666666666
8890270555,2026-07-10T18:36:26.467000+00:00,dota2-1win-og-2026-07-10-game2,684909,2026-07-10,2026-28,0.0,0.0,0.0
8890301402,2026-07-10T18:52:09.717000+00:00,dota2-ic-vp-2026-07-10-game2,684934,2026-07-10,2026-28,-0.10288333333333455,0.0,0.10288333333333455
8891108843,2026-07-11T09:15:44.932000+00:00,dota2-poorra-re-2026-07-11-game1,688966,2026-07-11,2026-28,6.323400000000002,7.490400000000004,1.1670000000000018
8891108985,2026-07-11T09:17:06.187000+00:00,dota2-bb4-gl-2026-07-11-game1,688964,2026-07-11,2026-28,0.18071553333331916,0.0,-0.18071553333331916
8891145641,2026-07-11T09:30:07.111000+00:00,dota2-xtreme-flc-2026-07-11-game1,688962,2026-07-11,2026-28,1.2771381941666646,-4.403958133333334,-5.681096327499998
8891217710,2026-07-11T10:44:50.172000+00:00,dota2-poorra-re-2026-07-11-game2,688966,2026-07-11,2026-28,-19.500334308333326,-22.666342249999996,-3.1660079416666718
8891240327,2026-07-11T11:01:14.698000+00:00,dota2-xtreme-flc-2026-07-11-game2,688962,2026-07-11,2026-28,2.207249916666669,2.351699798333335,0.14444988166666625
8891325877,2026-07-11T12:09:46.181000+00:00,dota2-l1ga-lvlup1-2026-07-11-game1,688972,2026-07-11,2026-28,-6.6099999999999985,-2.6780750000000064,3.9319249999999926
8891349244,2026-07-11T12:27:52.369000+00:00,dota2-playti-ngx-2026-07-11-game1,688970,2026-07-11,2026-28,12.242483333333332,16.12005833333333,3.8775749999999944
8891371442,2026-07-11T12:43:19.319000+00:00,dota2-aur1-liquid-2026-07-11-game1,688968,2026-07-11,2026-28,-2.0135765299999986,4.309919500000002,6.323496030000001
8891438996,2026-07-11T13:19:40.554000+00:00,dota2-l1ga-lvlup1-2026-07-11-game2,688972,2026-07-11,2026-28,2.6548500000000015,2.180216666666665,-0.4746333333333363
8891497910,2026-07-11T13:53:37.287000+00:00,dota2-aur1-liquid-2026-07-11-game2,688968,2026-07-11,2026-28,6.568008176666669,5.418807863333339,-1.1492003133333284
8891519142,2026-07-11T14:08:43.754000+00:00,dota2-playti-ngx-2026-07-11-game2,688970,2026-07-11,2026-28,-16.018901882499986,-8.534902116666656,7.483999765833332
8892829232,2026-07-12T09:15:57.248000+00:00,dota2-mouz-vg-2026-07-12-game1,691909,2026-07-12,2026-28,-24.508100323333323,-22.981441986666663,1.526658336666662
8892835652,2026-07-12T09:19:01.546000+00:00,dota2-rnx-nem-2026-07-12-game1,691911,2026-07-12,2026-28,-10.528033333333351,-9.033500000000002,1.4945333333333506
8892836635,2026-07-12T09:26:06.808000+00:00,dota2-pari-ts8-2026-07-12-game1,691907,2026-07-12,2026-28,-6.244800231666686,-9.676750000000022,-3.4319497683333346
8892914077,2026-07-12T10:31:28.406000+00:00,dota2-pari-ts8-2026-07-12-game2,691907,2026-07-12,2026-28,-1.355776732500005,-1.3877767325000032,-0.031999999999997954
8892923329,2026-07-12T10:25:59.512000+00:00,dota2-mouz-vg-2026-07-12-game2,691909,2026-07-12,2026-28,-2.0965589350000085,1.4245746566666604,3.5211335916666684
8892958964,2026-07-12T10:53:08.655000+00:00,dota2-rnx-nem-2026-07-12-game2,691911,2026-07-12,2026-28,-47.188950000000006,-40.815941666666674,6.373008333333337
8893070561,2026-07-12T12:14:45.162000+00:00,dota2-1win-ty-2026-07-12-game1,691913,2026-07-12,2026-28,3.3031635866666575,2.857266666666662,-0.44589691999999576
8893106015,2026-07-12T12:36:42.440000+00:00,dota2-og-vp-2026-07-12-game1,691915,2026-07-12,2026-28,3.1524666666666636,2.2821499999999992,-0.8703166666666647
8893165071,2026-07-12T13:18:20.777000+00:00,dota2-1win-ty-2026-07-12-game2,691913,2026-07-12,2026-28,-4.065569681666664,16.21348911333333,20.279058794999997
8893253595,2026-07-12T13:56:28.498000+00:00,dota2-og-vp-2026-07-12-game2,691915,2026-07-12,2026-28,1.1722914224999985,0.07750000000000008,-1.0947914224999984
8896139222,2026-07-14T11:15:10.363000+00:00,dota2-re-vp-2026-07-14-game1,695774,2026-07-14,2026-29,3.180075000000002,-5.633266736666666,-8.813341736666667
8896140998,2026-07-14T11:24:31.795000+00:00,dota2-liquid-xtreme-2026-07-14-game1,695773,2026-07-14,2026-29,-6.946458560000001,-15.99837525666666,-9.05191669666666
8896234088,2026-07-14T12:30:48.003000+00:00,dota2-re-vp-2026-07-14-game2,695774,2026-07-14,2026-29,-3.312525000000005,2.1283333333333316,5.440858333333337
8896267691,2026-07-14T13:05:08.216000+00:00,dota2-liquid-xtreme-2026-07-14-game2,695773,2026-07-14,2026-29,2.4333279625000057,-1.0107390399999947,-3.4440670025
8896380183,2026-07-14T14:02:34.965000+00:00,dota2-re-vp-2026-07-14,695774,2026-07-14,2026-29,-24.122969788333332,7.412883333333333,31.535853121666666
8896486914,2026-07-14T15:13:00.049000+00:00,dota2-liquid-xtreme-2026-07-14,695773,2026-07-14,2026-29,-7.486901273333328,-8.30040961833333,-0.8135083450000012
8896645659,2026-07-14T16:55:49.823000+00:00,dota2-lgd-mouz-2026-07-14-game1,695771,2026-07-14,2026-29,-0.588924999999999,1.7069551850000024,2.295880185000001
8896731473,2026-07-14T18:02:11.857000+00:00,dota2-lgd-mouz-2026-07-14-game2,695771,2026-07-14,2026-29,-11.74737500000001,-11.426641666666667,0.3207333333333449
8897585705,2026-07-15T11:19:40.513000+00:00,dota2-aur1-re-2026-07-15-game1,703156,2026-07-15,2026-29,-14.069398361666666,-13.489161275,0.5802370866666676
8897588873,2026-07-15T11:25:30.473000+00:00,dota2-ts8-liquid-2026-07-15-game1,703395,2026-07-15,2026-29,-8.723772791666674,-9.47386666666667,-0.750093874999996
8897695379,2026-07-15T12:41:48.340000+00:00,dota2-aur1-re-2026-07-15-game2,703156,2026-07-15,2026-29,-4.731091745833335,-4.990200000000003,-0.2591082541666682
8897696869,2026-07-15T12:54:25.976000+00:00,dota2-ts8-liquid-2026-07-15-game2,703395,2026-07-15,2026-29,4.446644293333343,6.382263427500008,1.935619134166665
8897831774,2026-07-15T14:13:24.528000+00:00,dota2-ts8-liquid-2026-07-15,703395,2026-07-15,2026-29,1.0620677033333334,1.2319243649999976,0.16985666166666435
8897841991,2026-07-15T14:22:22.284000+00:00,dota2-1win-vg-2026-07-15-game1,705674,2026-07-15,2026-29,1.130254053333336,2.7266749999999953,1.596420946666659
8897971312,2026-07-15T15:33:39.656000+00:00,dota2-1win-vg-2026-07-15-game2,705674,2026-07-15,2026-29,5.630183333333339,3.4837666666666656,-2.1464166666666746
8898003442,2026-07-15T15:56:58.589000+00:00,dota2-bb4-lgd-2026-07-15-game1,703868,2026-07-15,2026-29,2.0326666666666697,1.5322500000000023,-0.5004166666666675
8898084910,2026-07-15T16:49:08.935000+00:00,dota2-1win-vg-2026-07-15,705674,2026-07-15,2026-29,-3.8376586666666577,-5.9690418033333215,-2.1313831366666633
8898117600,2026-07-15T17:15:52.403000+00:00,dota2-bb4-lgd-2026-07-15-game2,703868,2026-07-15,2026-29,11.525568063333315,5.487271466666649,-6.038296596666665
8899028080,2026-07-16T11:25:22.617000+00:00,dota2-ty-ts8-2026-07-17-game1,706789,2026-07-16,2026-29,-1.4981166666666639,-4.202698234999999,-2.704581568333335
8899120700,2026-07-16T12:44:26.752000+00:00,dota2-ty-ts8-2026-07-17-game2,706789,2026-07-16,2026-29,-17.841791666666662,-19.008092736666654,-1.166301069999993
8899307453,2026-07-16T14:36:23.407000+00:00,dota2-pari-re-2026-07-17-game1,706603,2026-07-16,2026-29,4.745749999999997,0.40458333333333485,-4.341166666666662
8899420575,2026-07-16T15:46:28.167000+00:00,dota2-pari-re-2026-07-17-game2,706603,2026-07-16,2026-29,-1.9290416666666668,-0.01280833333333753,1.9162333333333292
8900508749,2026-07-17T11:21:46.405000+00:00,dota2-flc-vg-2026-07-16-game1,707259,2026-07-17,2026-29,-10.966016666666661,-11.058508333333327,-0.09249166666666635
8900623530,2026-07-17T12:54:30.551000+00:00,dota2-flc-vg-2026-07-16-game2,707259,2026-07-17,2026-29,-3.017260061666669,-1.1619323600000115,1.8553277016666574
8900771154,2026-07-17T14:28:08.196000+00:00,dota2-ngx-bb4-2026-07-16-game1,707256,2026-07-17,2026-29,3.930159766666668,6.672766666666669,2.7426068999999997
8900882416,2026-07-17T15:33:10.588000+00:00,dota2-ngx-bb4-2026-07-16-game2,707256,2026-07-17,2026-29,-0.3741249999999982,-0.43509519166666194,-0.060970191666663766
8902107148,2026-07-18T11:22:02.020000+00:00,dota2-bb4-vg-2026-07-18-game1,714262,2026-07-18,2026-29,1.3353166666666638,0.8412583333333229,-0.494058333333341
8902173969,2026-07-18T12:21:15.910000+00:00,dota2-bb4-vg-2026-07-18-game2,714262,2026-07-18,2026-29,-1.229816666666656,-5.0096999999999925,-3.7798833333333364
8902338515,2026-07-18T14:06:38.308000+00:00,dota2-ty-pari-2026-07-18-game1,710578,2026-07-18,2026-29,-1.964351766666664,0.42960000000000775,2.3939517666666714
8902431810,2026-07-18T15:09:37.865000+00:00,dota2-ty-pari-2026-07-18-game2,710578,2026-07-18,2026-29,17.690641493333324,6.080130209166661,-11.610511284166662
8902610619,2026-07-18T16:48:06.686000+00:00,dota2-ty-pari-2026-07-18,710578,2026-07-18,2026-29,3.9310998333333296,7.396241499999998,3.4651416666666663
8903705555,2026-07-19T10:24:33.152000+00:00,dota2-vg-ty-2026-07-19-game1,718099,2026-07-19,2026-29,8.473233333333335,12.999258333333335,4.526024999999999
8903789784,2026-07-19T11:31:19.185000+00:00,dota2-vg-ty-2026-07-19-game2,718099,2026-07-19,2026-29,3.789875000000009,7.323983333333341,3.534108333333331
8904012666,2026-07-19T13:57:51.853000+00:00,dota2-bb4-pari-2026-07-19-game1,718107,2026-07-19,2026-29,29.42969486499999,20.946591898333327,-8.483102966666658
8904157676,2026-07-19T15:17:11.337000+00:00,dota2-bb4-pari-2026-07-19-game2,718107,2026-07-19,2026-29,-7.784150729166677,-9.03585074833335,-1.2517000191666734
8904322271,2026-07-19T16:52:33.960000+00:00,dota2-bb4-pari-2026-07-19-game3,718107,2026-07-19,2026-29,0.7047166666666561,-4.201157470000005,-4.905874136666662
8904419709,2026-07-19T18:05:14.511000+00:00,dota2-bb4-pari-2026-07-19-game4,718107,2026-07-19,2026-29,0.3177416666666655,6.369421848333331,6.051680181666665
8905035315,2026-07-20T07:25:19.610000+00:00,dota2-stx-lynx-2026-07-20-game1,722155,2026-07-20,2026-30,0.7784704666666672,0.9627835333333327,0.18431306666666547
8905093611,2026-07-20T08:36:36.644000+00:00,dota2-stx-lynx-2026-07-20-game2,722155,2026-07-20,2026-30,16.138364654166658,12.21163804083333,-3.9267266133333276
8905164476,2026-07-20T10:04:24.370000+00:00,dota2-stx-lynx-2026-07-20,722155,2026-07-20,2026-30,10.812792697499994,18.8096315625,7.996838865000011
8905233934,2026-07-20T11:15:17.947000+00:00,dota2-lynx-pckcp-2026-07-20-game1,722164,2026-07-20,2026-30,19.11880851416667,17.993995906666665,-1.124812607500004
8905359313,2026-07-20T12:49:30.119000+00:00,dota2-lynx-pckcp-2026-07-20-game2,722164,2026-07-20,2026-30,-0.4769211349999955,-10.399769795833327,-9.922848660833333
8905490238,2026-07-20T14:13:02.081000+00:00,dota2-z10-nemiga-2026-07-20-game1,722166,2026-07-20,2026-30,-7.311249968333335,-3.3177083333333304,3.9935416350000033
8905612460,2026-07-20T15:25:40.567000+00:00,dota2-z10-nemiga-2026-07-20-game2,722166,2026-07-20,2026-30,-5.014031899999996,-4.222931899999996,0.7910999999999997
8905741721,2026-07-20T16:55:30.580000+00:00,dota2-spirit1-jenz-2026-07-20-game1,722181,2026-07-20,2026-30,2.3095166666666676,-0.19010021583333506,-2.499616882500003
8905885788,2026-07-20T18:35:45.253000+00:00,dota2-spirit1-jenz-2026-07-20-game2,722181,2026-07-20,2026-30,-1.027791943333334,-0.2994,0.728391943333334
8905975768,2026-07-20T19:45:16.612000+00:00,dota2-lvlup1-ill-2026-07-20-game1,722182,2026-07-20,2026-30,-2.2463652666666665,-2.9360569333333317,-0.6896916666666654
8906069414,2026-07-20T20:59:36.536000+00:00,dota2-lvlup1-ill-2026-07-20-game2,722182,2026-07-20,2026-30,-3.7489416666666635,-1.3643416666666666,2.3845999999999967
8906479441,2026-07-21T07:24:02.590000+00:00,dota2-nemiga-dan-2026-07-21-game1,727009,2026-07-21,2026-30,11.239318198333342,4.9726079483333425,-6.26671025
8906547471,2026-07-21T08:48:51.736000+00:00,dota2-nemiga-dan-2026-07-21-game2,727009,2026-07-21,2026-30,5.325683847499998,6.9343057741666625,1.608621926666664
8906626852,2026-07-21T10:17:03.931000+00:00,dota2-pckcp-stx-2026-07-21-game1,727010,2026-07-21,2026-30,0.27598312666666597,1.0401539166666638,0.7641707899999979
8906706819,2026-07-21T11:28:10.072000+00:00,dota2-pckcp-stx-2026-07-21-game2,727010,2026-07-21,2026-30,1.105791666666666,1.5516666666666659,0.44587499999999974
8906814740,2026-07-21T12:50:32.182000+00:00,dota2-pckcp-stx-2026-07-21,727010,2026-07-21,2026-30,-11.623680541666657,-11.405600441666655,0.21808010000000166
8906911697,2026-07-21T14:01:22.509000+00:00,dota2-lynx-spirit1-2026-07-21-game1,727610,2026-07-21,2026-30,-0.933298466666666,-0.5574583333333335,0.37584013333333255
8907021823,2026-07-21T14:54:33.550000+00:00,dota2-lynx-spirit1-2026-07-21-game2,727610,2026-07-21,2026-30,-16.445655646666673,-6.5680139800000035,9.877641666666667
8907114935,2026-07-21T15:55:17.448000+00:00,dota2-lynx-spirit1-2026-07-21,727610,2026-07-21,2026-30,-8.59637500000001,-15.337333200833347,-6.740958200833334
8907236730,2026-07-21T17:22:36.365000+00:00,dota2-jenz-lynx-2026-07-21-game1,727011,2026-07-21,2026-30,0.0,0.0,0.0
8907319204,2026-07-21T18:19:16.673000+00:00,dota2-jenz-lynx-2026-07-21-game2,727011,2026-07-21,2026-30,-12.449574449999995,-8.980778018333321,3.4687964316666737
8907510684,2026-07-21T20:45:41.820000+00:00,dota2-z10-aion-2026-07-21-game2,727613,2026-07-21,2026-30,0.0,0.0,0.0
8907942033,2026-07-22T07:18:07.776000+00:00,dota2-ill-dan-2026-07-22-game1,730461,2026-07-22,2026-30,0.9708999999999998,-1.5457333333333292,-2.516633333333329
8907997366,2026-07-22T08:30:21.640000+00:00,dota2-ill-dan-2026-07-22-game2,730461,2026-07-22,2026-30,2.319815773333333,1.5766414999999991,-0.7431742733333339
8908178087,2026-07-22T11:35:02.272000+00:00,dota2-nemiga-aion-2026-07-22-game2,730462,2026-07-22,2026-30,1.0188099433333344,1.1785833333333324,0.15977338999999793
8908313996,2026-07-22T13:26:43.307000+00:00,dota2-stx-spirit1-2026-07-22-game1,730463,2026-07-22,2026-30,-0.24495965999999628,2.350625439999996,2.5955850999999925
8908486051,2026-07-22T15:03:55.390000+00:00,dota2-stx-spirit1-2026-07-22-game2,730463,2026-07-22,2026-30,16.809947121666656,15.979643984166662,-0.8303031374999961
8908612824,2026-07-22T16:27:56.948000+00:00,dota2-stx-spirit1-2026-07-22,730463,2026-07-22,2026-30,6.853787637499987,3.610124570833321,-3.2436630666666635
8908710300,2026-07-22T17:40:32.974000+00:00,dota2-z10-lvlup1-2026-07-22-game1,730464,2026-07-22,2026-30,-11.89152729666668,-5.91264166666667,5.978885630000009
8908926344,2026-07-22T20:21:42.790000+00:00,dota2-z10-lvlup1-2026-07-22,730464,2026-07-22,2026-30,3.9624005483333122,5.589517084999984,1.627116536666671
8909388284,2026-07-23T07:17:23.633000+00:00,dota2-dan-z10-2026-07-23-game1,734959,2026-07-23,2026-30,1.2249999999999994,1.6933333333333331,0.4683333333333337
8909443684,2026-07-23T08:24:14.078000+00:00,dota2-dan-z10-2026-07-23-game2,734959,2026-07-23,2026-30,-4.217494016666671,-0.31720530833333643,3.900288708333335
8909498494,2026-07-23T09:35:42.112000+00:00,dota2-dan-z10-2026-07-23,734959,2026-07-23,2026-30,-0.9531851566666645,-0.8295877391666645,0.12359741749999993
8909658828,2026-07-23T11:56:35.158000+00:00,dota2-spirit1-pckcp-2026-07-23-game2,735538,2026-07-23,2026-30,-3.579767066666671,-3.586117133333339,-0.006350066666667449
8909780227,2026-07-23T13:29:29.880000+00:00,dota2-spirit1-pckcp-2026-07-23,735538,2026-07-23,2026-30,2.193725,-2.758208333333334,-4.951933333333334
8910104556,2026-07-23T16:47:57.620000+00:00,dota2-jenz-kw1-2026-07-23-game2,738341,2026-07-23,2026-30,1.2931584533333351,-4.732849879999994,-6.026008333333329
8910216725,2026-07-23T18:09:02.529000+00:00,dota2-jenz-kw1-2026-07-23,738341,2026-07-23,2026-30,1.0660166666666695,0.772825000000001,-0.2931916666666685
8910344715,2026-07-23T19:45:58.831000+00:00,dota2-lvlup1-aion-2026-07-23-game1,734961,2026-07-23,2026-30,0.8870166666666653,1.9461624166666656,1.05914575
8910461593,2026-07-23T21:18:59.726000+00:00,dota2-lvlup1-aion-2026-07-23-game2,734961,2026-07-23,2026-30,-3.3388499999999994,-3.3388499999999994,0.0
8910535715,2026-07-23T22:37:28.157000+00:00,dota2-lvlup1-aion-2026-07-23,734961,2026-07-23,2026-30,3.8992775483333317,7.967613736666664,4.068336188333332
8910589445,2026-07-23T23:33:41.369000+00:00,dota2-nemiga-ill-2026-07-23-game1,734962,2026-07-23,2026-30,-3.373900000000003,-7.28864166666667,-3.914741666666666
8910670427,2026-07-24T01:26:47.762000+00:00,dota2-nemiga-ill-2026-07-23,734962,2026-07-24,2026-30,-1.2415386349999908,-5.001346968333326,-3.7598083333333356
8910982575,2026-07-24T08:39:31.809000+00:00,dota2-aion-dan-2026-07-24-game2,741700,2026-07-24,2026-30,0.0,0.0,0.0
8911277378,2026-07-24T13:08:23.857000+00:00,dota2-kw1-stx-2026-07-24-game2,741702,2026-07-24,2026-30,6.300345431666675,-7.246614668333323,-13.5469601
8911784562,2026-07-24T18:00:21.302000+00:00,dota2-z10-ill-2026-07-24-game1,740719,2026-07-24,2026-30,-7.261044233333326,-5.334716899999987,1.9263273333333402
8911916389,2026-07-24T19:32:36.981000+00:00,dota2-z10-ill-2026-07-24-game2,740719,2026-07-24,2026-30,1.1304833333333333,2.9432166666666695,1.812733333333336
8912045230,2026-07-24T21:05:49.488000+00:00,dota2-nemiga-lvlup1-2026-07-24-game1,740720,2026-07-24,2026-30,-3.7648618166666785,-1.2740833333333317,2.490778483333347
8912123729,2026-07-24T22:15:39.296000+00:00,dota2-nemiga-lvlup1-2026-07-24-game2,740720,2026-07-24,2026-30,-1.686011173333332,-0.02970000000000006,1.656311173333332
8912551235,2026-07-25T07:19:52.253000+00:00,dota2-ill-aion-2026-07-25-game1,742151,2026-07-25,2026-30,0.4166082899999995,0.38569162333333296,-0.030916666666666554
8912622476,2026-07-25T08:27:06.996000+00:00,dota2-ill-aion-2026-07-25-game2,742151,2026-07-25,2026-30,3.442739985000005,1.8528218225000022,-1.589918162500003
8912758286,2026-07-25T10:25:45.605000+00:00,dota2-pckcp-jenz-2026-07-22-game1,730465,2026-07-25,2026-30,-9.89233338333333,-7.972958783333328,1.9193746
8912831712,2026-07-25T11:23:26.682000+00:00,dota2-pckcp-jenz-2026-07-22-game2,730465,2026-07-25,2026-30,3.530058333333335,-9.835130649999998,-13.365188983333333
8912974141,2026-07-25T13:02:19.241000+00:00,dota2-pckcp-jenz-2026-07-22,730465,2026-07-25,2026-30,-9.816745189999999,-10.712165571666668,-0.8954203816666689
8913307206,2026-07-25T16:28:48.834000+00:00,dota2-kw1-pckcp-2026-07-25-game1,742175,2026-07-25,2026-30,5.238200000000002,2.6524333333333345,-2.585766666666667
8913598312,2026-07-25T19:28:05.257000+00:00,dota2-lynx-kw1-2026-07-25-game1,742176,2026-07-25,2026-30,-1.239666880000004,-3.936033333333335,-2.6963664533333316
8913726962,2026-07-25T20:57:15.562000+00:00,dota2-lynx-kw1-2026-07-25-game2,742176,2026-07-25,2026-30,-10.540566666666662,-13.38649166666666,-2.8459249999999994
8913824141,2026-07-25T22:21:39.642000+00:00,dota2-lynx-kw1-2026-07-25,742176,2026-07-25,2026-30,-11.880491666666673,-15.276933455000005,-3.3964417883333318
8914414410,2026-07-26T09:26:59.644000+00:00,dota2-nemiga-ill-2026-07-26-game1,751029,2026-07-26,2026-30,-13.580388598333338,-8.73049732,4.849891278333338
8914520562,2026-07-26T10:41:21.923000+00:00,dota2-nemiga-ill-2026-07-26-game2,751029,2026-07-26,2026-30,-6.330491733333318,-3.3807583999999964,2.9497333333333207
8914637220,2026-07-26T12:04:18.708000+00:00,dota2-nemiga-ill-2026-07-26,751029,2026-07-26,2026-30,12.68909166666666,13.561749999999991,0.872658333333332
8914749408,2026-07-26T13:19:34.036000+00:00,dota2-rearis-pckcp-2026-07-26-game1,751073,2026-07-26,2026-30,2.0229620333333336,9.933158333333337,7.9101963000000035
8914885598,2026-07-26T14:24:02.001000+00:00,dota2-rearis-pckcp-2026-07-26-game2,751073,2026-07-26,2026-30,23.34708333333333,17.620041666666665,-5.727041666666665
8915002841,2026-07-26T15:32:54.677000+00:00,dota2-kw1-rearis-2026-07-26-game1,751076,2026-07-26,2026-30,-1.7948972733333306,-3.477799866666663,-1.6829025933333324
8915137972,2026-07-26T16:47:26.165000+00:00,dota2-kw1-rearis-2026-07-26-game2,751076,2026-07-26,2026-30,0.17166666666666708,0.1500000000000006,-0.021666666666666463
8915271266,2026-07-26T18:26:53.337000+00:00,dota2-jenz-stx-2026-07-26-game1,751078,2026-07-26,2026-30,11.091738839999996,16.28714166666666,5.195402826666664
8915390117,2026-07-26T19:37:39.362000+00:00,dota2-jenz-stx-2026-07-26-game2,751078,2026-07-26,2026-30,0.35906666666666825,0.35906666666666825,0.0
8915498965,2026-07-26T20:57:43.107000+00:00,dota2-jenz-stx-2026-07-26,751078,2026-07-26,2026-30,4.978630834166668,5.225943748333335,0.24731291416666737
8916041863,2026-07-27T09:21:33.291000+00:00,dota2-lvlup1-pckcp-2026-07-27-game1,754042,2026-07-27,2026-31,9.038233333333336,10.234475000000002,1.1962416666666662
8916102349,2026-07-27T10:12:46.876000+00:00,dota2-lvlup1-pckcp-2026-07-27-game2,754042,2026-07-27,2026-31,-5.003507026666666,-13.4054,-8.401892973333334
8916245727,2026-07-27T12:25:46.061000+00:00,dota2-stx-nemiga-2026-07-27-game1,754050,2026-07-27,2026-31,3.529550000000002,6.241716559999998,2.712166559999996
8916384577,2026-07-27T13:48:29.618000+00:00,dota2-stx-nemiga-2026-07-27-game2,754050,2026-07-27,2026-31,11.937687109166673,2.066550000000005,-9.871137109166666
8916474664,2026-07-27T14:44:54.132000+00:00,dota2-stx-nemiga-2026-07-27,754050,2026-07-27,2026-31,-4.930631377499997,0.5174081974999986,5.448039574999995
8917611319,2026-07-28T10:17:02.190000+00:00,dota2-pr1-nemiga-2026-07-28-game2,754052,2026-07-28,2026-31,1.1815134941666707,-0.23314999999999722,-1.4146634941666676
8917675823,2026-07-28T11:19:25.327000+00:00,dota2-pr1-nemiga-2026-07-28,754052,2026-07-28,2026-31,7.264291666666669,5.648970760000007,-1.6153209066666607
8917738415,2026-07-28T12:16:10.015000+00:00,dota2-nh-pckcp-2026-07-28-game1,757423,2026-07-28,2026-31,0.10699999999999976,0.21399999999999983,0.10700000000000005
8917853656,2026-07-28T13:23:44.955000+00:00,dota2-nh-pckcp-2026-07-28-game2,757423,2026-07-28,2026-31,5.266044423333336,5.630405506666668,0.36436108333333017
8918052500,2026-07-28T15:24:46.769000+00:00,dota2-pckcp-kw1-2026-07-28-game1,756421,2026-07-28,2026-31,0.9274657666666704,0.8336238400000001,-0.0938419266666702
8918176547,2026-07-28T16:37:04.197000+00:00,dota2-pckcp-kw1-2026-07-28-game2,756421,2026-07-28,2026-31,12.227588198333331,19.350365766666666,7.1227775683333405
8919264561,2026-07-29T12:23:03.580000+00:00,dota2-rearis-z10-2026-07-29-game1,765433,2026-07-29,2026-31,9.43242669333332,-1.5077916666666802,-10.940218359999998
8919404744,2026-07-29T13:48:28.368000+00:00,dota2-rearis-z10-2026-07-29-game2,765433,2026-07-29,2026-31,-2.7283251233333274,1.7044416666666624,4.432766789999991
8919546613,2026-07-29T15:15:30.082000+00:00,dota2-amaru-nemiga-2026-07-29-game1,765452,2026-07-29,2026-31,-7.686833493333334,0.0,7.686833493333334
8919685210,2026-07-29T16:34:50.427000+00:00,dota2-amaru-nemiga-2026-07-29-game2,765452,2026-07-29,2026-31,-5.67983620833333,-3.721101108333334,1.9587350999999955
8919803916,2026-07-29T18:02:17.532000+00:00,dota2-amaru-nemiga-2026-07-29,765452,2026-07-29,2026-31,24.474050159166676,23.32654729250001,-1.1475028666666673
8920655724,2026-07-30T10:32:16.617000+00:00,dota2-pckcp-z10-2026-07-30-game2,770195,2026-07-30,2026-31,0.0,0.0,0.0
8920897425,2026-07-30T13:37:44.606000+00:00,dota2-lvlup1-z10-2026-07-30-game2,770196,2026-07-30,2026-31,-14.789349999999999,-4.085691666666666,10.703658333333335
8921002620,2026-07-30T14:47:46.063000+00:00,dota2-lvlup1-z10-2026-07-30,770196,2026-07-30,2026-31,14.423808333333334,3.261853450000002,-11.161954883333332
8921162227,2026-07-30T16:32:24.441000+00:00,dota2-amaru-pr1-2026-07-30-game1,770197,2026-07-30,2026-31,13.897608333333338,13.138250000000005,-0.7593583333333335
8921281044,2026-07-30T17:34:28.519000+00:00,dota2-amaru-pr1-2026-07-30-game2,770197,2026-07-30,2026-31,0.0,0.0,0.0
8921949036,2026-07-31T06:23:42.906000+00:00,dota2-re-midas3-2026-07-31-game1,761813,2026-07-31,2026-31,-0.1663589208333273,0.06666666666666672,0.23302558749999402
8922016200,2026-07-31T07:39:14.850000+00:00,dota2-re-midas3-2026-07-31-game2,761813,2026-07-31,2026-31,9.749725,12.489808333333329,2.740083333333331
8922074642,2026-07-31T08:46:41.467000+00:00,dota2-vg-amaru-2026-07-31-game1,762332,2026-07-31,2026-31,-3.737641906666665,-0.32706690666666444,3.410575
8922133239,2026-07-31T09:57:34.446000+00:00,dota2-tr7-playti-2026-07-31-game1,762401,2026-07-31,2026-31,3.179564386666662,3.0089801083333274,-0.1705842783333337
8922137329,2026-07-31T09:48:16.177000+00:00,dota2-vg-amaru-2026-07-31-game2,762332,2026-07-31,2026-31,1.2250000000000003,3.9246999999999996,2.6996999999999995
8922186876,2026-07-31T10:40:33.810000+00:00,dota2-vg-amaru-2026-07-31,762332,2026-07-31,2026-31,4.734949999999998,6.333999999999999,1.5990500000000007
8922211678,2026-07-31T11:00:53.806000+00:00,dota2-tr7-playti-2026-07-31-game2,762401,2026-07-31,2026-31,0.7717624516666647,-1.0717165666666686,-1.8434790183333334
8922300474,2026-07-31T12:14:29.331000+00:00,dota2-enjoy-glyph-2026-07-31-game1,762406,2026-07-31,2026-31,-2.5601522999999964,-5.335361783333334,-2.775209483333338
8922339160,2026-07-31T12:44:09.822000+00:00,dota2-l1ga-rnx-2026-07-31-game1,762441,2026-07-31,2026-31,-1.4028076400000014,2.15613307,3.558940710000002
8922400300,2026-07-31T13:24:39.311000+00:00,dota2-enjoy-glyph-2026-07-31-game2,762406,2026-07-31,2026-31,7.368249999999996,9.957424862499996,2.5891748624999984
8922433138,2026-07-31T13:42:06.325000+00:00,dota2-l1ga-rnx-2026-07-31-game2,762441,2026-07-31,2026-31,-7.9940004783333345,-9.959525000000003,-1.9655245216666686
8922552315,2026-07-31T14:55:23.609000+00:00,dota2-l1ga-rnx-2026-07-31,762441,2026-07-31,2026-31,10.343219500000004,16.564888456666672,6.221668956666668
8922602122,2026-07-31T15:28:08.646000+00:00,dota2-yb1-z10-2026-07-31-game1,762443,2026-07-31,2026-31,1.6430500000000154,0.6962250000000013,-0.9468250000000141
8922722577,2026-07-31T16:35:25.057000+00:00,dota2-yb1-z10-2026-07-31-game2,762443,2026-07-31,2026-31,-9.188683333333337,-6.565216666666661,2.6234666666666766
8922818221,2026-07-31T17:51:24.199000+00:00,dota2-xtreme-lgd-2026-07-31-game1,762452,2026-07-31,2026-31,-8.897628466666664,-24.57923333333333,-15.681604866666667
8922940920,2026-07-31T19:09:48.720000+00:00,dota2-xtreme-lgd-2026-07-31-game2,762452,2026-07-31,2026-31,-1.4966583750000009,-2.225673030000003,-0.7290146550000025
8923040358,2026-07-31T20:28:40.570000+00:00,dota2-xtreme-lgd-2026-07-31,762452,2026-07-31,2026-31,-8.57889166666666,-4.154824999999996,4.424066666666662
8923506996,2026-08-01T05:43:01.223000+00:00,dota2-midas3-tr7-2026-08-01-game1,777434,2026-08-01,2026-31,0.4324833333333325,0.18706666666666658,-0.24541666666666595
8923579943,2026-08-01T07:02:32.143000+00:00,dota2-midas3-tr7-2026-08-01-game2,777434,2026-08-01,2026-31,-22.051900133333323,-12.329554066666665,9.722346066666658
8923643650,2026-08-01T08:08:01.087000+00:00,dota2-midas3-tr7-2026-08-01,777434,2026-08-01,2026-31,-17.693725000000004,-14.105525120000005,3.5881998799999995
8923704450,2026-08-01T09:01:56.739000+00:00,dota2-yes-vg-2026-08-01-game1,777436,2026-08-01,2026-31,-1.164843643333332,-1.6064535133333298,-0.4416098699999976
8923780137,2026-08-01T10:09:39.721000+00:00,dota2-re-playti-2026-08-01-game1,777437,2026-08-01,2026-31,-3.562358333333321,-1.8777916666666623,1.684566666666659
8923790600,2026-08-01T10:14:11.317000+00:00,dota2-yes-vg-2026-08-01-game2,777436,2026-08-01,2026-31,4.294486393333346,5.130335075000013,0.8358486816666669
8923874259,2026-08-01T11:26:12.956000+00:00,dota2-re-playti-2026-08-01-game2,777437,2026-08-01,2026-31,6.901907533333332,1.2677750000000012,-5.634132533333331
8923899787,2026-08-01T11:45:49.553000+00:00,dota2-enjoy-yb1-2026-08-01-game1,778597,2026-08-01,2026-31,-11.532979813333334,-16.2411,-4.70812018666667
8924057168,2026-08-01T13:34:16.709000+00:00,dota2-l1ga-lgd-2026-08-01-game1,778981,2026-08-01,2026-31,-1.6209961133333313,-1.1443829266666652,0.4766131866666661
8924222714,2026-08-01T15:02:43.462000+00:00,dota2-l1ga-lgd-2026-08-01-game2,778981,2026-08-01,2026-31,0.0,0.0,0.0
8924328537,2026-08-01T15:59:42.950000+00:00,dota2-glyph-z10-2026-08-01-game1,778600,2026-08-01,2026-31,1.3814949900000058,3.1938449900000045,1.8123499999999988
8924367779,2026-08-01T16:23:12.450000+00:00,dota2-l1ga-lgd-2026-08-01,778981,2026-08-01,2026-31,-14.330731298333326,-14.013574999999998,0.31715629833332953
8924468754,2026-08-01T17:25:49.795000+00:00,dota2-glyph-z10-2026-08-01-game2,778600,2026-08-01,2026-31,-2.6296917599999965,-12.931016666666663,-10.301324906666663
8924530036,2026-08-01T18:06:50.164000+00:00,dota2-rnx-xtreme-2026-08-01-game1,778983,2026-08-01,2026-31,1.256657176666673,0.15468708666667333,-1.1019700899999998
8924616191,2026-08-01T19:06:22.446000+00:00,dota2-rnx-xtreme-2026-08-01-game2,778983,2026-08-01,2026-31,-8.592934729166656,-16.594218016666662,-8.001283287500009
8925210898,2026-08-02T05:28:20.542000+00:00,dota2-playti-xctn-2026-08-02-game1,782160,2026-08-02,2026-31,-8.709914299166662,-6.598867958333329,2.1110463408333335
8925308090,2026-08-02T07:03:47.891000+00:00,dota2-playti-xctn-2026-08-02-game2,782160,2026-08-02,2026-31,1.4091583333333269,0.7333416666666653,-0.6758166666666615
8925543582,2026-08-02T10:44:16.945000+00:00,dota2-yes-tr7-2026-08-02-game1,782172,2026-08-02,2026-31,-0.9153917399999959,-1.890116813333324,-0.9747250733333281
8925703946,2026-08-02T11:58:57.158000+00:00,dota2-yes-tr7-2026-08-02-game2,782172,2026-08-02,2026-31,5.84752296166666,5.551220863333325,-0.2963020983333342
8925847726,2026-08-02T13:17:43.701000+00:00,dota2-yes-tr7-2026-08-02,782172,2026-08-02,2026-31,3.4937810324999923,16.141006419166683,12.64722538666669
8926022375,2026-08-02T15:09:53.856000+00:00,dota2-rnx-yb1-2026-08-02-game1,783266,2026-08-02,2026-31,27.127773195833328,26.442614789999993,-0.6851584058333321
8926232913,2026-08-02T16:42:19.665000+00:00,dota2-rnx-yb1-2026-08-02-game2,783266,2026-08-02,2026-31,1.6395997166666652,0.4559998583333309,-1.1835998583333343
8926381426,2026-08-02T18:14:10.009000+00:00,dota2-rnx-yb1-2026-08-02,783266,2026-08-02,2026-31,1.1461115783333446,1.8958954141666808,0.7497838358333361
8926523280,2026-08-02T19:59:32.068000+00:00,dota2-z10-lgd-2026-08-02-game1,783274,2026-08-02,2026-31,-1.4750000000000003,-0.5208333333333334,0.9541666666666669
8926636219,2026-08-02T21:07:31.416000+00:00,dota2-z10-lgd-2026-08-02-game2,783274,2026-08-02,2026-31,-7.093,-0.7269999999999991,6.3660000000000005
8927063876,2026-08-03T06:55:36.873000+00:00,dota2-glyph-playti-2026-08-03-game2,785844,2026-08-03,2026-32,51.89983366333333,46.28515468500001,-5.61467897833333
8927132943,2026-08-03T08:27:35.152000+00:00,dota2-glyph-playti-2026-08-03,785844,2026-08-03,2026-32,7.628546386666663,13.042015696666665,5.413469309999999
8927207054,2026-08-03T10:00:05.212000+00:00,dota2-xtreme-tr7-2026-08-03-game1,786580,2026-08-03,2026-32,5.25470787499999,8.145347035833323,2.890639160833333
8927288399,2026-08-03T11:00:48.642000+00:00,dota2-xtreme-tr7-2026-08-03-game2,786580,2026-08-03,2026-32,2.0732250000000074,1.4059665016666696,-0.6672584983333376
8927380776,2026-08-03T12:15:30.661000+00:00,dota2-xtreme-tr7-2026-08-03,786580,2026-08-03,2026-32,-1.8835599949999946,-3.940439559999989,-2.0568795649999942
8927539264,2026-08-03T14:05:56.825000+00:00,dota2-vg-yb1-2026-08-03-game1,787799,2026-08-03,2026-32,19.181250616666667,8.827187779999997,-10.354062836666671
8927660975,2026-08-03T15:05:20.968000+00:00,dota2-vg-yb1-2026-08-03-game2,787799,2026-08-03,2026-32,3.079815357500003,0.9376660075000062,-2.1421493499999964
8927760296,2026-08-03T16:18:19.713000+00:00,dota2-vg-yb1-2026-08-03,787799,2026-08-03,2026-32,10.595156480833333,0.1617737650000004,-10.433382715833336
8927926397,2026-08-03T18:09:03.381000+00:00,dota2-re-lgd-2026-08-03-game1,788107,2026-08-03,2026-32,4.330771753333331,6.467841666666662,2.1370699133333315
8928050264,2026-08-03T19:19:18.313000+00:00,dota2-re-lgd-2026-08-03-game2,788107,2026-08-03,2026-32,4.351339070833347,2.101465762500004,-2.2498733083333424
8928163118,2026-08-03T20:43:38.722000+00:00,dota2-re-lgd-2026-08-03,788107,2026-08-03,2026-32,-16.390433573333322,0.052800000000000104,16.443233573333323
8928851109,2026-08-04T11:30:07.829000+00:00,dota2-playti-tr7-2026-08-04-game1,790631,2026-08-04,2026-32,-1.8484870150000023,-1.2614578266666676,0.5870291883333346
8928953683,2026-08-04T12:46:11.879000+00:00,dota2-playti-tr7-2026-08-04-game2,790631,2026-08-04,2026-32,6.554303129166665,8.859275000000002,2.3049718708333367
8929124210,2026-08-04T14:38:55.576000+00:00,dota2-yb1-re-2026-08-04-game1,793598,2026-08-04,2026-32,3.1023359016666716,0.5845560408333327,-2.5177798608333393
8929276426,2026-08-04T15:54:25.550000+00:00,dota2-yb1-re-2026-08-04-game2,793598,2026-08-04,2026-32,3.6322364675000025,2.8089415716666823,-0.8232948958333207
8929365099,2026-08-04T16:51:08.308000+00:00,dota2-yb1-re-2026-08-04,793598,2026-08-04,2026-32,3.826838867500007,2.024808265000011,-1.8020306024999968
8930200713,2026-08-05T08:20:38.811000+00:00,dota2-tr7-re-2026-08-05-game1,797265,2026-08-05,2026-32,-1.5845439658333333,0.45619166666666827,2.040735632500001
8930258778,2026-08-05T09:25:42.941000+00:00,dota2-tr7-re-2026-08-05-game2,797265,2026-08-05,2026-32,11.492849967499993,13.407755869166664,1.914905901666667
8930398938,2026-08-05T12:24:04.133000+00:00,dota2-playti-yb1-2026-08-05-game1,797266,2026-08-05,2026-32,-2.1890088616666676,4.5216500000000055,6.710658861666675
8930615242,2026-08-05T14:02:56.166000+00:00,dota2-playti-yb1-2026-08-05-game2,797266,2026-08-05,2026-32,36.514975,39.329966666666664,2.8149916666666663
8930736914,2026-08-05T15:09:49.519000+00:00,dota2-playti-yb1-2026-08-05-game3,797266,2026-08-05,2026-32,0.25663279583333026,0.9982216183333322,0.741588822500002
8931781241,2026-08-06T09:28:03.156000+00:00,dota2-lvlup1-rearis-2026-08-06-game1,788858,2026-08-06,2026-32,-1.2664834083333332,0.5675166666666677,1.8340000750000007
8931852727,2026-08-06T10:30:33.624000+00:00,dota2-lvlup1-rearis-2026-08-06-game2,788858,2026-08-06,2026-32,-9.018063032499995,-9.753172679999993,-0.735109647499999
8931981851,2026-08-06T12:26:15.226000+00:00,dota2-rearis-nh-2026-08-06-game1,788884,2026-08-06,2026-32,7.139891666666666,8.878801570000004,1.7389099033333366
8932085762,2026-08-06T13:20:21.204000+00:00,dota2-rearis-nh-2026-08-06-game2,788884,2026-08-06,2026-32,0.5595987158333334,0.3061996558333326,-0.25339906000000134
8932181345,2026-08-06T14:22:22.478000+00:00,dota2-rearis-nh-2026-08-06,788884,2026-08-06,2026-32,3.72595884333335,4.514730701666679,0.7887718583333284
8932318084,2026-08-06T15:34:15.395000+00:00,dota2-nh-lvlup1-2026-08-06-game1,788887,2026-08-06,2026-32,-7.536512274999988,-16.99639531249998,-9.459883037499992
8932413808,2026-08-06T16:23:29.211000+00:00,dota2-nh-lvlup1-2026-08-06-game2,788887,2026-08-06,2026-32,-0.5877024775000004,-0.7413849099999994,-0.1536824324999991
8932523868,2026-08-06T17:36:18.454000+00:00,dota2-nh-lvlup1-2026-08-06,788887,2026-08-06,2026-32,-0.9743416666666721,-1.6340000000000074,-0.6596583333333351
8932657929,2026-08-06T19:12:10.345000+00:00,dota2-ill-pr1-2026-08-06-game1,788904,2026-08-06,2026-32,0.008483004999995694,0.3708246049999957,0.3623416000000002
8932835800,2026-08-06T21:22:55.783000+00:00,dota2-ill-pr1-2026-08-06,788904,2026-08-06,2026-32,-3.4923999999999946,-5.048241721666666,-1.5558417216666722
8933374169,2026-08-07T09:29:47.916000+00:00,dota2-nh-z10-2026-08-07-game1,808443,2026-08-07,2026-32,-2.5060000000000002,-1.0353333333333334,1.470666666666667
8933453728,2026-08-07T10:40:19.376000+00:00,dota2-nh-z10-2026-08-07-game2,808443,2026-08-07,2026-32,-0.07849999999999986,-1.0547333333333266,-0.9762333333333265
8933575351,2026-08-07T12:33:02.695000+00:00,dota2-ill-stx-2026-08-07-game1,808452,2026-08-07,2026-32,-13.246833333333333,-1.040985553333323,12.205847780000008
8933704579,2026-08-07T13:44:43.178000+00:00,dota2-ill-stx-2026-08-07-game2,808452,2026-08-07,2026-32,-3.061614056666667,-3.0168588283333313,0.04475522833333582
8933879286,2026-08-07T15:25:51.002000+00:00,dota2-pr1-jenz-2026-08-07-game1,808453,2026-08-07,2026-32,-9.992999999999995,-10.877841766666663,-0.8848417666666638
8933988979,2026-08-07T16:29:38.697000+00:00,dota2-pr1-jenz-2026-08-07-game2,808453,2026-08-07,2026-32,4.060959442499985,-6.2532643350000034,-10.31422377749999
8934184387,2026-08-07T18:35:03.983000+00:00,dota2-jenz-nemiga-2026-08-07-game1,808454,2026-08-07,2026-32,0.456633333333329,0.456633333333329,0.0
8934279386,2026-08-07T19:33:30.612000+00:00,dota2-jenz-nemiga-2026-08-07-game2,808454,2026-08-07,2026-32,0.0,0.0,0.0
8936825643,2026-08-09T09:22:32.992000+00:00,dota2-pr1-yes-2026-08-09-game1,817901,2026-08-09,2026-32,1.1395530583333346,-5.9605543774999985,-7.1001074358333325
8937080738,2026-08-09T12:20:23.208000+00:00,dota2-pr1-yes-2026-08-09,817901,2026-08-09,2026-32,14.091367707500005,13.132903503333338,-0.9584642041666681
8937188618,2026-08-09T13:17:49.636000+00:00,dota2-lvlup1-mouz-2026-08-09-game1,817902,2026-08-09,2026-32,-7.912733566666667,-4.704783333333328,3.2079502333333387
8937335830,2026-08-09T14:27:35.299000+00:00,dota2-lvlup1-mouz-2026-08-09-game2,817902,2026-08-09,2026-32,-2.752684539999999,-3.222687919999997,-0.47000337999999847
8937484593,2026-08-09T15:55:00.679000+00:00,dota2-ill-re-2026-08-09-game1,817903,2026-08-09,2026-32,-4.261558333333333,2.57020833333334,6.831766666666673
8937631882,2026-08-09T17:12:21.447000+00:00,dota2-ill-re-2026-08-09-game2,817903,2026-08-09,2026-32,8.403660333333333,7.965485333333333,-0.43817500000000004
8937722788,2026-08-09T18:17:16.930000+00:00,dota2-z10-navi-2026-08-09-game1,817904,2026-08-09,2026-32,-9.866758333333326,-9.365373066666658,0.5013852666666687
8938509987,2026-08-10T09:24:47.767000+00:00,dota2-pr1-mouz-2026-08-10-game1,822176,2026-08-10,2026-33,4.137058333333325,3.895244533333327,-0.2418137999999986
8938565057,2026-08-10T10:12:07.159000+00:00,dota2-pr1-mouz-2026-08-10-game2,822176,2026-08-10,2026-33,-6.048626439999992,-26.271647666666667,-20.223021226666674
8938634026,2026-08-10T11:15:54.851000+00:00,dota2-pr1-mouz-2026-08-10,822176,2026-08-10,2026-33,-15.162719819999994,-19.97796557999999,-4.815245759999996
8938716198,2026-08-10T12:25:50.383000+00:00,dota2-ill-z10-2026-08-10-game1,824212,2026-08-10,2026-33,-0.5537777466666728,0.5985150533333325,1.1522928000000052
8939023869,2026-08-10T15:24:37.289000+00:00,dota2-yes-lvlup1-2026-08-10-game1,822182,2026-08-10,2026-33,19.142782280000002,24.81995145333333,5.677169173333333
8940059913,2026-08-11T09:16:02.605000+00:00,dota2-lvlup1-navi-2026-08-11-game1,830194,2026-08-11,2026-33,10.670624999999996,15.815924999999991,5.145299999999994
8940117837,2026-08-11T10:12:11.551000+00:00,dota2-lvlup1-navi-2026-08-11-game2,830194,2026-08-11,2026-33,-3.9633032291666574,-3.251706576666655,0.7115966525000016
8940266495,2026-08-11T12:16:13.042000+00:00,dota2-mouz-re-2026-08-11-game1,830195,2026-08-11,2026-33,17.560308266666667,17.60671660000001,0.04640833333333975
8940365227,2026-08-11T13:12:04.281000+00:00,dota2-mouz-re-2026-08-11-game2,830195,2026-08-11,2026-33,-2.7976790850000044,1.4719382866666677,4.269617371666673
8940487898,2026-08-11T14:25:06.999000+00:00,dota2-mouz-re-2026-08-11,830195,2026-08-11,2026-33,3.8125986433333297,3.090350814999997,-0.7222478283333326
8940643574,2026-08-11T15:45:57.067000+00:00,dota2-yes-z10-2026-08-11-game1,830196,2026-08-11,2026-33,11.315383284166666,12.621333150833339,1.3059498666666745
8940756672,2026-08-11T16:48:25.758000+00:00,dota2-yes-z10-2026-08-11-game2,830196,2026-08-11,2026-33,-1.1040287766666663,0.6089200641666723,1.7129488408333386
8941656460,2026-08-12T09:19:34.658000+00:00,dota2-lvlup1-re-2026-08-12-game1,835891,2026-08-12,2026-33,4.486527433333332,4.459519100000001,-0.02700833333333093
8941733752,2026-08-12T10:35:42.245000+00:00,dota2-lvlup1-re-2026-08-12-game2,835891,2026-08-12,2026-33,-0.547441666666666,0.37964144583333415,0.9270831125000001
8941817475,2026-08-12T11:50:26.039000+00:00,dota2-lvlup1-re-2026-08-12,835891,2026-08-12,2026-33,8.003283333333332,9.717141666666667,1.7138583333333361
8942003788,2026-08-12T13:42:36.457000+00:00,dota2-navi-lvlup1-2026-08-12-game1,838494,2026-08-12,2026-33,2.027483333333332,2.1699333333333404,0.14245000000000774
8942152024,2026-08-12T14:50:30.897000+00:00,dota2-navi-lvlup1-2026-08-12-game2,838494,2026-08-12,2026-33,0.9251869349999957,0.4100202333333267,-0.515166701666669
8942262723,2026-08-12T15:53:47.795000+00:00,dota2-navi-lvlup1-2026-08-12-game3,838494,2026-08-12,2026-33,9.777191681666666,8.217163779999998,-1.560027901666668
8962372120,2026-08-24T07:17:08.649000+00:00,dota2-ic-nemiga-2026-08-24-game1,899759,2026-08-24,2026-35,4.865039458333331,0.0,-4.865039458333331
8962458373,2026-08-24T08:26:45.454000+00:00,dota2-ic-nemiga-2026-08-24-game2,899759,2026-08-24,2026-35,1.2658918958333336,1.3231570499999998,0.057265154166666075
8962592819,2026-08-24T10:19:27.562000+00:00,dota2-ks-lynx-2026-08-24-game1,899760,2026-08-24,2026-35,-3.8320029833333358,-15.91246322916667,-12.080460245833331
8962736746,2026-08-24T11:33:18.452000+00:00,dota2-ks-lynx-2026-08-24-game2,899760,2026-08-24,2026-35,5.895863078333325,5.72902287749999,-0.1668402008333365
8962964580,2026-08-24T13:25:23.881000+00:00,dota2-sb5-stx-2026-08-24-game1,904164,2026-08-24,2026-35,0.2987955250000001,10.337630480000005,10.038834955000004
8963508714,2026-08-24T17:37:20.349000+00:00,dota2-rearis-lynx-2026-08-24-game2,899762,2026-08-24,2026-35,-2.5746750000000045,0.9162166666666649,3.49089166666667
8963649188,2026-08-24T19:15:00.848000+00:00,dota2-dynast1-fts-2026-08-24-game1,899763,2026-08-24,2026-35,20.606075000000008,20.847741666666675,0.24166666666666595
8963790789,2026-08-24T20:20:45.642000+00:00,dota2-dynast1-fts-2026-08-24-game2,899763,2026-08-24,2026-35,0.784907849166668,-3.011200000000008,-3.796107849166676
8964399842,2026-08-25T07:22:10.248000+00:00,dota2-pckcp-nemiga-2026-08-25-game1,906588,2026-08-25,2026-35,-4.328480760833335,-4.3040842883333355,0.02439647250000032
8964480771,2026-08-25T08:31:41.723000+00:00,dota2-pckcp-nemiga-2026-08-25-game2,906588,2026-08-25,2026-35,-0.7378807008333318,1.7268192991666742,2.464700000000006
8964574076,2026-08-25T09:52:05.670000+00:00,dota2-pckcp-nemiga-2026-08-25,906588,2026-08-25,2026-35,-0.23132418166666638,-2.2515283333333342,-2.0202041516666673
8964657335,2026-08-25T10:52:11.864000+00:00,dota2-fts-pckcp-2026-08-25-game1,906589,2026-08-25,2026-35,-3.917996926666665,-3.94939132,-0.03139439333333501
8964837315,2026-08-25T12:34:06.314000+00:00,dota2-fts-pckcp-2026-08-25-game2,906589,2026-08-25,2026-35,-11.413291709166659,-13.114519149999992,-1.7012274408333357
8964938940,2026-08-25T16:23:39.394000+00:00,dota2-rearis-spirit1-2026-08-25-game1,906796,2026-08-25,2026-35,0.9561260516666693,1.8376853766666692,0.8815593250000001
8964962329,2026-08-25T13:50:36.471000+00:00,dota2-ic-fts-2026-08-25-game1,906591,2026-08-25,2026-35,12.751644560000015,13.751647073333345,1.0000025133333297
8965097316,2026-08-25T14:41:01.046000+00:00,dota2-ic-fts-2026-08-25-game2,906591,2026-08-25,2026-35,-4.433797493333334,-4.748333333333342,-0.3145358400000073
8965544741,2026-08-25T18:44:21.316000+00:00,dota2-rearis-spirit1-2026-08-25,906796,2026-08-25,2026-35,-5.941935069166674,-6.0675409933333455,-0.1256059241666719
8969842778,2026-08-28T08:21:21.985000+00:00,dota2-pckcp-ic-2026-08-28-game2,912371,2026-08-28,2026-35,4.719812304999997,-0.9098391274999867,-5.629651432499983
8969978865,2026-08-28T10:27:01.322000+00:00,dota2-rearis-sb5-2026-08-28-game1,912374,2026-08-28,2026-35,-1.192383333333331,-1.5849496941666665,-0.39256636083333535
8970089224,2026-08-28T11:41:09.553000+00:00,dota2-rearis-sb5-2026-08-28-game2,912374,2026-08-28,2026-35,1.2786747499999997,1.2654596933333324,-0.01321505666666741
8970207176,2026-08-28T12:56:49.576000+00:00,dota2-rearis-sb5-2026-08-28,912374,2026-08-28,2026-35,1.2863957100000034,0.052370833333331035,-1.2340248766666724
8970338180,2026-08-28T14:09:13.367000+00:00,dota2-synaps-nemiga-2026-08-28-game1,912375,2026-08-28,2026-35,0.31731487083334425,0.0,-0.31731487083334425
8970352005,2026-08-28T14:10:35.964000+00:00,dota2-dynast1-ic-2026-08-28-game1,912376,2026-08-28,2026-35,-1.0300176250000008,0.05248589999999983,1.0825035250000006
8970470057,2026-08-28T15:09:53.245000+00:00,dota2-synaps-nemiga-2026-08-28-game2,912375,2026-08-28,2026-35,27.080278490833336,25.496866586666666,-1.5834119041666674
8970485789,2026-08-28T15:14:26.848000+00:00,dota2-dynast1-ic-2026-08-28-game2,912376,2026-08-28,2026-35,-5.594081875833333,-4.494868160000001,1.0992137158333322
8970575970,2026-08-28T16:02:11.965000+00:00,dota2-synaps-nemiga-2026-08-28,912375,2026-08-28,2026-35,-1.0012029349999991,-1.0209645833333367,-0.019761648333338044
8970655100,2026-08-28T16:43:34.585000+00:00,dota2-dynast1-ic-2026-08-28,912376,2026-08-28,2026-35,-3.4624370516666683,-2.885206461666666,0.5772305900000028
8970886632,2026-08-28T18:51:22.084000+00:00,dota2-dynast1-pckcp-2026-08-28-game2,912378,2026-08-28,2026-35,8.218853404166667,15.99260075583333,7.773747351666667
8971007454,2026-08-28T20:11:41.712000+00:00,dota2-ks-rearis-2026-08-28-game1,912381,2026-08-28,2026-35,-14.86231659999999,-13.856258233333326,1.0060583666666654
8971016820,2026-08-28T20:17:43.711000+00:00,dota2-fts-nemiga-2026-08-28-game1,912379,2026-08-28,2026-35,-0.02083333333333337,0.0,0.02083333333333337
8971111987,2026-08-28T21:24:47.695000+00:00,dota2-ks-rearis-2026-08-28-game2,912381,2026-08-28,2026-35,2.9201045166666737,4.447411241666668,1.5273067249999945
8971423978,2026-08-29T03:20:55.120000+00:00,dota2-db2-satan-2026-08-28-game2,924830,2026-08-29,2026-35,1.026041666666666,1.026041666666666,0.0
8971501630,2026-08-29T04:51:09.441000+00:00,dota2-nexus-cres-2026-08-28,925784,2026-08-29,2026-35,-18.373313978333343,-17.35798079500001,1.0153331833333332
8971519375,2026-08-29T05:14:15.579000+00:00,dota2-nem-6seven-2026-08-29-game1,924831,2026-08-29,2026-35,-6.9093830116666775,-8.519749678333339,-1.6103666666666605
8971586781,2026-08-29T06:13:46.689000+00:00,dota2-nem-6seven-2026-08-29-game2,924831,2026-08-29,2026-35,-0.6185606425000002,-0.21056064250000114,0.40799999999999903
8971664649,2026-08-29T07:24:10.704000+00:00,dota2-nem-6seven-2026-08-29,924831,2026-08-29,2026-35,5.630272051666672,5.122834325833335,-0.5074377258333381
8971753986,2026-08-29T08:38:12.829000+00:00,dota2-icecre-kineti-2026-08-29-game1,928662,2026-08-29,2026-35,0.0,0.0,0.0
8971849697,2026-08-29T09:43:14.699000+00:00,dota2-icecre-kineti-2026-08-29-game2,928662,2026-08-29,2026-35,-0.26967381333333257,1.2053413383333353,1.4750151516666679
8971891627,2026-08-29T10:17:49.464000+00:00,dota2-dynast1-nemiga-2026-08-29-game1,928404,2026-08-29,2026-35,5.147164606666673,4.69177294000001,-0.45539166666666436
8971964803,2026-08-29T11:13:49.271000+00:00,dota2-mouz-yes-2026-08-29-game1,924834,2026-08-29,2026-35,-8.38078394083333,-7.8452217191666636,0.5355622216666674
8971988345,2026-08-29T11:21:30.742000+00:00,dota2-sb5-lynx-2026-08-29-game1,928405,2026-08-29,2026-35,-12.228374430000002,-1.4207340733333342,10.807640356666669
8972103119,2026-08-29T12:31:54.536000+00:00,dota2-sb5-lynx-2026-08-29-game2,928405,2026-08-29,2026-35,-7.6430187,-4.881024550000002,2.7619941499999983
8972115962,2026-08-29T12:36:59.931000+00:00,dota2-mouz-yes-2026-08-29-game2,924834,2026-08-29,2026-35,-11.315241829166661,-6.033348149999976,5.281893679166688
8972289868,2026-08-29T14:15:10.550000+00:00,dota2-huliga-lynx-2026-08-29-game1,924836,2026-08-29,2026-35,-5.380268339999996,-0.45163923166666536,4.928629108333332
8972502454,2026-08-29T15:52:19.963000+00:00,dota2-huliga-lynx-2026-08-29-game2,924836,2026-08-29,2026-35,-3.249967389999996,3.1851430400000056,6.435110430000002
8972611918,2026-08-29T16:49:36.587000+00:00,dota2-huliga-lynx-2026-08-29,924836,2026-08-29,2026-35,1.8570972800000047,2.348759086666673,0.491661806666669
8972773416,2026-08-29T18:17:23.637000+00:00,dota2-pi-lvlup1-2026-08-29-game1,924837,2026-08-29,2026-35,-3.092812130000002,9.123366366666668,12.216178496666672
8972893200,2026-08-29T19:20:53.860000+00:00,dota2-pi-lvlup1-2026-08-29-game2,924837,2026-08-29,2026-35,-4.502440539999997,-4.399040539999998,0.1033999999999992
8973010298,2026-08-29T20:38:42.759000+00:00,dota2-ks-spirit1-2026-08-29-game1,928407,2026-08-29,2026-35,-19.187500000000007,1.0537166666666666,20.24121666666667
8973011673,2026-08-29T20:33:12.059000+00:00,dota2-pi-lvlup1-2026-08-29,924837,2026-08-29,2026-35,2.1942745675000053,1.8452248558333386,-0.3490497116666669
8973337131,2026-08-30T02:14:49.254000+00:00,dota2-icecre-xctn-2026-08-30-game1,931281,2026-08-30,2026-35,-4.328658333333332,-7.777973567499996,-3.4493152341666633
8973405568,2026-08-30T03:19:55.483000+00:00,dota2-icecre-xctn-2026-08-30-game2,931281,2026-08-30,2026-35,-4.548348430833335,-0.40900540083332676,4.139343030000007
8973462028,2026-08-30T04:30:11.988000+00:00,dota2-icecre-xctn-2026-08-30,931281,2026-08-30,2026-35,-0.478552113333333,0.48295944666666407,0.9615115599999969
8973502629,2026-08-30T05:13:07.837000+00:00,dota2-clo-yb1-2026-08-30-game1,930560,2026-08-30,2026-35,-2.6498000000000035,0.5000000000000002,3.149800000000004
8973568453,2026-08-30T06:12:50.377000+00:00,dota2-clo-yb1-2026-08-30-game2,930560,2026-08-30,2026-35,-1.3715962374999968,-1.2570129699999952,0.11458326750000225
8973613420,2026-08-30T07:04:46.677000+00:00,dota2-clo-yb1-2026-08-30,930560,2026-08-30,2026-35,7.741604615000003,7.710704615000002,-0.030900000000000816
8973707438,2026-08-30T08:16:36.050000+00:00,dota2-lynx-lvlup1-2026-08-30-game1,933239,2026-08-30,2026-35,2.6146999999999934,-0.32899999999999946,-2.943699999999994
8973859403,2026-08-30T09:56:31.353000+00:00,dota2-lynx-lvlup1-2026-08-30-game2,933239,2026-08-30,2026-35,0.8251718958333291,-5.667005620833339,-6.492177516666669
8973884000,2026-08-30T10:12:32.710000+00:00,dota2-nem-xctn-2026-08-30-game2,935294,2026-08-30,2026-35,7.627805257499991,3.9330864299999924,-3.6947188274999974
8973944033,2026-08-30T10:50:43.696000+00:00,dota2-lynx-lvlup1-2026-08-30,933239,2026-08-30,2026-35,0.10225973250000135,-3.263072555833336,-3.3653322883333376
8974185539,2026-08-30T13:08:29.090000+00:00,dota2-navi-mouz-2026-08-30-game2,930855,2026-08-30,2026-35,22.85886803416668,19.43927804250001,-3.419589991666669
8974647733,2026-08-30T17:09:16.077000+00:00,dota2-lvlup1-pr1-2026-08-30-game1,933438,2026-08-30,2026-35,-2.168584198333336,0.21400364916666473,2.3825878475000004
8974898633,2026-08-30T19:25:58.777000+00:00,dota2-lvlup1-pr1-2026-08-30,933438,2026-08-30,2026-35,-5.768599866666679,-1.1497104,4.618889466666679
8975110449,2026-08-30T21:54:27.706000+00:00,dota2-dynast1-ks-2026-08-30-game2,933439,2026-08-30,2026-35,-0.7944166666666684,-4.3197,-3.525283333333331
8975871235,2026-08-31T12:26:44.788000+00:00,dota2-synaps-lynx-2026-08-31-game1,938379,2026-08-31,2026-36,-7.600482123333339,-14.076219869999997,-6.47573774666666
8976012755,2026-08-31T13:41:35.303000+00:00,dota2-synaps-lynx-2026-08-31-game2,938379,2026-08-31,2026-36,1.8518546058333365,5.830524072500008,3.978669466666673
8976166971,2026-08-31T15:09:07.826000+00:00,dota2-synaps-lynx-2026-08-31,938379,2026-08-31,2026-36,4.508472477500005,3.519623666666673,-0.988848810833332
8976300473,2026-08-31T16:25:39.940000+00:00,dota2-4iki-ic-2026-08-31-game1,938380,2026-08-31,2026-36,1.1015067966666663,1.3235534299999976,0.2220466333333312
8976441468,2026-08-31T17:43:06.122000+00:00,dota2-4iki-ic-2026-08-31-game2,938380,2026-08-31,2026-36,21.88446646083334,22.81137303333334,0.9269065725000015
8976511215,2026-08-31T18:29:54.020000+00:00,dota2-4iki-ic-2026-08-31,938380,2026-08-31,2026-36,27.59809867583333,-1.8181482908333317,-29.41624696666666
8976665322,2026-08-31T20:26:57.494000+00:00,dota2-spirit1-pi-2026-08-31-game1,938381,2026-08-31,2026-36,6.3059244625000135,7.853307755000006,1.547383292499993
8976751962,2026-08-31T21:40:17.685000+00:00,dota2-spirit1-pi-2026-08-31-game2,938381,2026-08-31,2026-36,2.590927913333335,2.4575012666666716,-0.13342664666666337
8977325814,2026-09-01T10:26:27.059000+00:00,dota2-ks-pckcp-2026-09-01-game2,942023,2026-09-01,2026-36,2.299006404999997,0.29025609499999566,-2.0087503100000013
8977476867,2026-09-01T12:26:04.131000+00:00,dota2-ic-lynx-2026-09-01-game1,942024,2026-09-01,2026-36,3.430708733333327,-5.162604440000003,-8.59331317333333
8977623650,2026-09-01T13:53:28.128000+00:00,dota2-ic-lynx-2026-09-01-game2,942024,2026-09-01,2026-36,1.681702583333325,2.1440634999999926,0.4623609166666676
8977913355,2026-09-01T16:37:59.217000+00:00,dota2-synaps-lvlup1-2026-09-01-game2,942025,2026-09-01,2026-36,3.3466902400000023,5.419719366666668,2.0730291266666656
8978023576,2026-09-01T17:45:54.185000+00:00,dota2-synaps-lvlup1-2026-09-01,942025,2026-09-01,2026-36,-8.18242376416667,0.0,8.18242376416667
8978832148,2026-09-02T09:52:32.767000+00:00,dota2-pr1-ic-2026-09-02-game1,948387,2026-09-02,2026-36,13.087772799166663,13.171030112499997,0.08325731333333082
8978916284,2026-09-02T11:19:11.539000+00:00,dota2-pr1-ic-2026-09-02-game2,948387,2026-09-02,2026-36,1.8230524899999991,4.373746646666667,2.550694156666667
8978986214,2026-09-02T12:20:55.440000+00:00,dota2-pr1-ic-2026-09-02,948387,2026-09-02,2026-36,-1.7142666666666686,-2.22524166666667,-0.5109750000000014
8979131280,2026-09-02T13:56:13.878000+00:00,dota2-dynast1-pckcp-2026-09-02-game1,949942,2026-09-02,2026-36,0.0,-5.150880648333338,-5.150880648333338
8979241530,2026-09-02T14:56:18.245000+00:00,dota2-dynast1-pckcp-2026-09-02-game2,949942,2026-09-02,2026-36,4.722723151666659,6.195124999999984,1.4724018483333248
8979344496,2026-09-02T15:59:27.587000+00:00,dota2-synaps-4iki-2026-09-02-game1,948388,2026-09-02,2026-36,-5.1453410033333284,1.3850874433333367,6.530428446666665
8980293569,2026-09-03T09:18:42.909000+00:00,dota2-z10-ks-2026-09-03-game1,954714,2026-09-03,2026-36,0.909733810833333,4.674677883333338,3.7649440725000054
8980358113,2026-09-03T10:27:20.250000+00:00,dota2-z10-ks-2026-09-03-game2,954714,2026-09-03,2026-36,2.9557277141666662,-1.682524723333338,-4.638252437500004
8980463789,2026-09-03T12:14:02.762000+00:00,dota2-pckcp-spirit1-2026-09-03-game1,954715,2026-09-03,2026-36,2.771861087499991,0.7940666208333308,-1.977794466666661
8980769413,2026-09-03T15:17:23.998000+00:00,dota2-pi-dynast1-2026-09-03-game1,954716,2026-09-03,2026-36,15.123568966666674,14.82866896666667,-0.29490000000000194
