match,n_ticks,n_secs,med_gap,p90_gap,max_gap
grid-2964617-m1,93,86,3.5,13.900000000000006,38.0
grid-2964617-m2,93,84,4.0,11.0,75.0
grid-2964619-m1,94,80,4.0,13.0,50.0
grid-2964619-m2,117,93,2.0,12.0,71.0
grid-2964620-m1,150,126,2.0,8.0,54.0
grid-2964620-m2,117,99,3.0,9.5,72.0
grid-2965523-m1,106,87,2.0,13.600000000000009,74.0
grid-2965523-m2,32,29,5.0,8.0,20.0
grid-2965523-m3,87,75,4.0,13.0,70.0
grid-2965524-m1,87,73,3.0,16.5,73.0
grid-2965524-m2,95,78,2.5,12.700000000000003,76.0
grid-2965524-m3,115,92,3.0,12.400000000000006,78.0
grid-2965525-m1,94,84,3.0,10.799999999999997,43.0
grid-2965525-m2,92,82,4.0,11.0,67.0
grid-2965526-m1,92,72,3.0,13.0,80.0
grid-2965526-m2,86,71,3.0,15.0,41.0
grid-2965526-m3,91,81,3.0,15.0,75.0
grid-2965527-m1,81,73,3.0,12.100000000000009,26.0
grid-2965527-m2,109,96,3.0,9.299999999999997,75.0
grid-2965527-m3,109,93,3.0,9.0,34.0
grid-2965528-m1,101,84,3.0,11.100000000000009,70.0
grid-2965528-m2,107,91,3.0,11.0,75.0
grid-2965528-m3,95,81,3.0,12.0,53.0
grid-2965529-m1,88,80,4.0,11.400000000000006,76.0
grid-2965529-m2,94,84,4.0,11.799999999999997,69.0
grid-2965529-m3,105,91,3.0,11.0,69.0
grid-2965530-m1,80,71,4.0,13.0,54.0
grid-2965530-m2,78,74,5.0,14.400000000000006,73.0
grid-2965530-m3,123,102,3.0,9.900000000000006,19.0
grid-2967260-m1,110,98,3.0,10.0,69.0
grid-2967260-m2,96,79,3.0,11.0,74.0
grid-2967260-m3,91,74,3.0,12.0,74.0
grid-2967261-m2,90,77,3.0,10.200000000000003,37.0
grid-2967261-m4,95,83,4.0,12.0,28.0
grid-2967262-m1,74,61,5.0,15.599999999999994,27.0
grid-2967262-m2,100,85,3.0,13.0,71.0
grid-2967262-m3,95,85,4.0,12.700000000000003,79.0
grid-2968611-m1,92,79,4.0,12.0,33.0
grid-2968611-m2,93,80,3.5,11.900000000000006,74.0
grid-2968611-m3,121,102,3.0,11.0,30.0
grid-2968611-m4,104,92,3.0,11.799999999999997,70.0
grid-2968612-m1,84,77,4.0,13.799999999999997,83.0
grid-2968612-m2,129,109,2.0,9.0,62.0
grid-2968612-m3,92,77,3.0,11.0,30.0
grid-2968612-m4,87,71,3.0,14.5,73.0
grid-2968613-m1,82,73,4.0,12.0,34.0
grid-2968613-m2,92,73,3.0,15.0,72.0
grid-2968613-m3,102,83,3.0,10.0,78.0
grid-2968614-m1,88,75,4.0,12.400000000000006,31.0
grid-2968614-m2,99,84,3.0,10.0,68.0
grid-2968614-m3,72,65,4.0,17.0,24.0
grid-2971821-m1,0,0,,,
grid-2971822-m2,105,92,3.0,10.0,22.0
grid-2971823-m1,104,84,3.0,12.599999999999994,22.0
grid-2971823-m2,109,99,4.0,10.0,29.0
grid-2971824-m1,88,72,3.0,12.400000000000006,72.0
grid-2971824-m2,93,78,4.0,11.0,70.0
grid-2971825-m1,82,70,5.0,13.0,78.0
grid-2971825-m2,89,74,3.0,11.299999999999997,39.0
grid-2971825-m3,84,69,3.0,13.799999999999997,25.0
grid-2972362-m2,87,79,3.0,12.5,86.0
grid-2972362-m3,136,119,3.0,8.0,66.0
grid-2972363-m1,92,75,3.0,12.0,75.0
grid-2972363-m2,68,56,3.0,19.799999999999997,74.0
grid-2972363-m3,89,76,3.5,14.299999999999997,65.0
grid-2973272-m1,114,98,3.0,8.799999999999997,73.0
grid-2973272-m2,106,90,3.0,9.600000000000009,19.0
grid-2973272-m3,89,75,4.0,15.0,75.0
grid-2973272-m4,90,77,3.0,12.0,78.0
grid-2973273-m1,98,85,4.0,10.400000000000006,18.0
grid-2973273-m2,120,98,3.0,12.0,46.0
grid-2973273-m3,83,68,4.5,13.900000000000006,74.0
grid-2973273-m4,85,69,4.0,14.0,67.0
grid-2973274-m1,81,68,4.0,13.100000000000009,75.0
grid-2973274-m2,83,69,4.0,12.900000000000006,71.0
grid-2973274-m3,99,79,3.0,11.0,27.0
grid-2973274-m4,125,103,3.0,8.0,72.0
grid-2974335-m1,95,80,3.0,13.0,58.0
grid-2974335-m2,94,75,3.0,13.799999999999997,74.0
grid-2974335-m3,80,73,4.0,12.200000000000003,49.0
grid-2974337-m1,77,62,4.0,15.5,73.0
grid-2974337-m2,87,78,3.0,12.5,75.0
grid-2974337-m3,116,97,3.0,9.600000000000009,58.0
grid-2975625-m1,102,85,3.0,11.0,39.0
grid-2975625-m2,95,84,4.0,11.0,72.0
grid-2975625-m3,92,80,4.0,14.0,69.0
grid-2975625-m4,129,118,3.0,7.0,52.0
grid-2975625-m5,129,108,2.0,9.299999999999997,48.0
grid-2975627-m1,109,95,4.0,10.0,56.0
grid-2975627-m2,94,81,4.0,13.599999999999994,71.0
grid-2975627-m3,92,78,3.0,12.0,70.0
grid-2975627-m4,95,86,3.0,14.0,72.0
grid-2975628-m1,93,80,3.0,12.0,75.0
grid-2975628-m2,86,77,4.0,13.0,71.0
grid-2975628-m3,96,84,3.0,14.600000000000009,69.0
grid-2975628-m4,137,118,2.0,9.0,44.0
grid-2975628-m5,91,74,3.0,14.0,76.0
grid-2975629-m1,94,78,3.0,13.799999999999997,78.0
grid-2975629-m2,118,93,2.0,10.0,54.0
grid-2975629-m3,103,86,3.0,11.0,79.0
grid-2976630-m1,132,107,2.0,9.0,36.0
grid-2976630-m2,85,77,4.0,13.700000000000003,72.0
grid-2976630-m3,100,86,3.0,12.0,73.0
grid-2976631-m1,105,85,2.0,13.0,25.0
grid-2976631-m2,108,91,3.0,11.0,74.0
grid-2976631-m3,83,73,3.5,16.0,72.0
grid-2976631-m4,199,171,2.0,5.0,42.0
grid-2976631-m5,87,74,4.0,12.5,75.0
grid-2977835-m1,83,72,4.0,11.0,48.0
grid-2977835-m2,89,79,3.0,14.299999999999997,74.0
grid-2977835-m3,111,94,3.0,12.0,72.0
grid-2977837-m1,89,76,3.5,14.299999999999997,72.0
grid-2977837-m2,130,114,3.0,8.0,33.0
grid-2977837-m3,102,86,3.0,12.0,73.0
grid-2978288-m1,83,74,4.0,13.0,70.0
grid-2978288-m2,91,77,4.0,13.100000000000009,71.0
grid-2978288-m3,94,82,4.0,11.799999999999997,78.0
grid-2980509-m1,104,83,3.0,12.0,72.0
grid-2980509-m2,82,77,4.0,13.0,71.0
grid-2980509-m3,123,108,3.0,8.0,51.0
grid-2984640-m1,106,92,3.0,9.600000000000009,29.0
grid-2984640-m2,88,79,4.0,10.200000000000017,23.0
grid-2984640-m3,90,71,2.0,13.0,26.0
grid-2984645-m1,115,93,2.0,10.700000000000003,70.0
grid-2984645-m2,92,81,2.0,12.0,38.0
grid-2984646-m1,108,95,3.0,11.0,53.0
grid-2984646-m2,92,82,3.0,10.0,42.0
grid-2987004-m1,81,74,4.0,14.100000000000009,70.0
grid-2987004-m2,132,118,3.0,8.0,56.0
grid-2987004-m3,105,92,3.0,11.700000000000003,39.0
grid-2987004-m4,99,83,3.0,12.299999999999997,25.0
grid-2987005-m1,130,111,3.0,10.0,56.0
grid-2987005-m2,90,78,4.0,11.200000000000003,43.0
grid-2987005-m3,89,70,3.5,17.0,36.0
grid-2987005-m4,88,74,4.0,12.0,68.0
grid-2987006-m1,73,61,5.0,14.0,74.0
grid-2987006-m2,110,96,3.0,10.200000000000003,71.0
grid-2987006-m3,83,67,2.5,16.900000000000006,72.0
grid-2987006-m4,87,76,3.0,15.0,68.0
grid-2987017-m1,90,78,4.0,12.200000000000003,26.0
grid-2987017-m2,105,96,3.0,11.0,53.0
grid-2987017-m3,89,78,4.0,12.299999999999997,69.0
grid-2987018-m1,122,102,3.0,11.0,36.0
grid-2987018-m2,114,100,2.0,9.799999999999997,71.0
grid-2987018-m4,85,75,4.0,12.0,26.0
grid-2987018-m5,87,76,3.5,15.0,48.0
grid-2987019-m1,107,90,3.0,10.0,36.0
grid-2987019-m2,24,20,3.0,12.600000000000001,439.0
grid-2987019-m3,107,90,3.0,10.5,65.0
grid-2987019-m4,87,67,4.0,16.5,38.0
grid-2987019-m5,85,75,5.0,11.0,68.0
grid-2987020-m1,108,88,3.0,12.0,38.0
grid-2987020-m2,87,71,3.0,13.0,77.0
grid-2987020-m3,80,71,4.0,12.200000000000003,70.0
grid-2987020-m4,107,92,2.0,12.5,74.0
grid-2987021-m1,125,112,3.0,8.700000000000003,54.0
grid-2987021-m2,99,90,4.0,11.0,71.0
grid-2987021-m3,74,66,4.0,14.0,70.0
grid-2987021-m4,110,94,2.0,12.200000000000003,67.0
grid-2991209-m2,97,84,4.0,10.0,72.0
grid-2991210-m1,94,71,4.0,13.799999999999997,56.0
grid-2991210-m2,133,118,2.5,8.0,29.0
grid-2991210-m3,83,77,4.0,12.0,71.0
grid-2991212-m1,94,79,3.0,14.0,74.0
grid-2991212-m2,92,82,4.0,11.0,85.0
grid-2991212-m3,98,80,3.0,10.0,28.0
grid-2991213-m1,100,86,2.0,12.0,72.0
grid-2991213-m2,101,84,4.0,11.0,49.0
grid-2991214-m1,128,109,3.0,10.0,34.0
grid-2991214-m2,93,78,3.0,11.900000000000006,71.0
grid-2991214-m3,100,88,3.0,11.0,67.0
grid-2991216-m1,91,78,3.0,12.0,69.0
grid-2991216-m2,79,68,4.0,15.0,25.0
grid-2991216-m3,113,96,2.0,10.900000000000006,71.0
grid-2991217-m1,91,80,4.0,14.0,61.0
grid-2991217-m2,90,79,4.0,13.0,74.0
grid-2991218-m1,88,75,3.0,13.400000000000006,72.0
grid-2991218-m2,90,70,3.0,15.200000000000003,73.0
grid-2994622-m1,83,74,4.0,12.900000000000006,27.0
grid-2994622-m2,84,71,5.0,12.799999999999997,21.0
grid-2996948-m1,86,74,3.0,16.60000000000001,38.0
grid-2996948-m2,105,96,3.0,11.0,39.0
grid-2996948-m3,89,82,4.0,13.0,74.0
grid-2996948-m4,96,78,4.0,11.600000000000009,71.0
grid-2996948-m5,80,67,4.0,13.200000000000003,69.0
grid-2996949-m1,100,84,3.0,12.200000000000003,29.0
grid-2996949-m2,101,90,3.0,11.0,73.0
grid-2996949-m4,116,97,2.0,9.600000000000009,73.0
grid-2998724-m1,86,73,4.0,12.600000000000009,42.0
grid-2998724-m3,116,98,3.0,11.0,35.0
grid-2998724-m4,106,94,3.0,11.600000000000009,74.0
grid-2999024-m1,90,79,4.0,11.200000000000003,73.0
grid-2999024-m2,158,131,3.0,7.0,23.0
grid-2999024-m3,92,78,3.0,12.0,46.0
grid-2999024-m4,93,78,4.0,12.0,72.0
grid-2999024-m5,80,67,4.0,16.200000000000003,78.0
grid-3000371-m1,95,85,3.0,12.700000000000003,56.0
grid-3000371-m2,125,107,3.0,9.700000000000003,63.0
grid-3000371-m3,85,69,4.0,14.700000000000003,76.0
grid-3000372-m1,89,77,4.0,13.299999999999997,66.0
grid-3000372-m2,98,86,3.0,10.400000000000006,72.0
grid-3000372-m3,106,91,4.0,9.600000000000009,59.0
grid-3000372-m4,72,58,3.0,14.0,103.0
grid-3000375-m1,83,74,4.5,11.0,71.0
grid-3000375-m2,89,75,4.0,13.299999999999997,74.0
grid-3000375-m3,115,94,2.0,10.0,29.0
grid-3000375-m4,203,174,2.0,4.0,48.0
grid-3000375-m5,81,74,5.0,13.0,68.0
grid-3002597-m1,83,72,3.5,16.900000000000006,74.0
grid-3002597-m2,102,83,4.0,11.0,74.0
grid-3002597-m3,97,83,4.0,10.5,72.0
grid-3002598-m1,141,117,2.0,9.100000000000009,57.0
grid-3002598-m2,82,76,4.0,13.0,74.0
grid-3002598-m3,84,73,4.0,14.799999999999997,72.0
grid-3002598-m4,97,85,3.0,13.0,77.0
grid-3002599-m1,128,113,3.0,8.0,26.0
grid-3002599-m2,81,69,4.0,12.100000000000009,40.0
grid-3002599-m3,78,65,4.0,13.0,40.0
grid-3002599-m4,88,82,4.0,12.0,74.0
grid-3002600-m1,95,79,3.0,12.0,39.0
grid-3002600-m2,81,66,4.5,13.100000000000009,69.0
grid-3002600-m3,96,82,3.0,14.0,74.0
grid-3002600-m4,86,71,4.0,13.600000000000009,75.0
grid-3002600-m5,87,78,4.0,11.5,21.0
grid-3002601-m1,81,69,3.0,13.100000000000009,69.0
grid-3002601-m2,85,75,4.0,13.700000000000003,72.0
grid-3002601-m3,112,95,3.0,10.0,40.0
grid-3002601-m4,85,72,3.0,14.700000000000003,70.0
grid-3002601-m5,106,90,2.0,11.600000000000009,71.0
grid-3002602-m1,77,68,5.0,15.0,75.0
grid-3002602-m2,117,107,3.0,10.0,47.0
grid-3002602-m3,141,116,2.0,10.0,63.0
grid-3002602-m4,107,87,3.0,10.0,68.0
grid-3002603-m1,110,93,3.0,11.0,57.0
grid-3002603-m2,95,83,3.0,12.0,72.0
grid-3002603-m3,97,86,3.5,12.5,61.0
grid-3004386-m1,86,71,3.0,16.400000000000034,36.0
grid-3004386-m2,84,66,2.0,14.0,39.0
grid-3004386-m3,80,73,4.0,12.200000000000003,69.0
grid-3004386-m4,95,81,3.5,12.0,72.0
grid-3004388-m1,91,76,3.0,13.100000000000009,29.0
grid-3004388-m2,91,78,4.0,12.200000000000017,69.0
grid-3004388-m3,82,69,4.0,13.0,26.0
grid-3004388-m4,93,83,3.0,13.900000000000006,72.0
grid-3004388-m5,129,107,2.5,8.0,28.0
grid-3005559-m1,115,97,3.0,9.700000000000003,71.0
grid-3005559-m2,0,0,,,
grid-3005559-m3,103,90,3.0,10.900000000000006,58.0
grid-3005560-m1,122,105,3.0,8.0,34.0
grid-3005560-m2,79,66,4.0,14.299999999999997,74.0
grid-3005560-m3,85,71,3.0,14.700000000000003,75.0
grid-3005562-m1,97,81,3.0,12.0,27.0
grid-3005562-m2,96,84,3.0,11.600000000000009,73.0
grid-3005562-m3,96,86,3.0,12.0,64.0
grid-3005563-m1,118,101,3.0,10.400000000000006,47.0
grid-3005563-m2,97,78,4.0,12.0,74.0
grid-3005563-m3,94,88,3.0,12.799999999999997,70.0
grid-3005563-m4,119,98,3.0,9.0,58.0
grid-3005569-m1,87,74,4.0,12.0,74.0
grid-3005569-m2,99,85,3.5,13.0,47.0
grid-3005569-m3,129,110,2.0,9.0,20.0
grid-3005570-m1,99,84,3.0,10.599999999999994,24.0
grid-3005570-m2,90,76,3.0,12.0,25.0
grid-3005570-m3,113,94,3.0,10.900000000000006,71.0
grid-3005570-m4,124,105,3.0,8.0,63.0
