match,feature,argmax_shift,corr,n
grid-2964617-m1,radiant_nw_adv,4,0.9928886793254098,360
grid-2964617-m1,radiant_xp_adv,2,0.9627522242363933,361
grid-2964617-m1,deaths_radiant,3,0.9999999999999998,361
grid-2964617-m1,deaths_dire,2,0.9960008868720083,361
grid-2964617-m2,radiant_nw_adv,2,0.8225155711268954,344
grid-2964617-m2,radiant_xp_adv,1,0.950195406552781,343
grid-2964617-m2,deaths_radiant,1,0.9961258132629092,343
grid-2964617-m2,deaths_dire,-6,0.9892599018596981,336
grid-2964619-m1,radiant_nw_adv,2,0.8754671140765812,373
grid-2964619-m1,radiant_xp_adv,1,0.9511662056665714,373
grid-2964619-m1,deaths_radiant,2,0.9999999999999999,373
grid-2964619-m1,deaths_dire,2,0.9984347595842653,373
grid-2964619-m2,radiant_nw_adv,3,0.9102262139297491,351
grid-2964619-m2,radiant_xp_adv,2,0.9485685845063794,352
grid-2964619-m2,deaths_radiant,2,0.9966023734641837,352
grid-2964619-m2,deaths_dire,3,0.9992892474480312,351
grid-2964620-m1,radiant_nw_adv,2,0.9611250368252974,516
grid-2964620-m1,radiant_xp_adv,2,0.9732679271216635,516
grid-2964620-m1,deaths_radiant,3,0.9992684508841578,517
grid-2964620-m1,deaths_dire,3,0.9999999999999999,517
grid-2964620-m2,radiant_nw_adv,1,0.9970495491126465,428
grid-2964620-m2,radiant_xp_adv,1,0.9905331977486747,428
grid-2964620-m2,deaths_radiant,2,0.9979461573330791,429
grid-2964620-m2,deaths_dire,2,0.9994366277960014,429
grid-2965523-m1,radiant_nw_adv,2,0.9842147953577075,379
grid-2965523-m1,radiant_xp_adv,1,0.9280787309765609,379
grid-2965523-m1,deaths_radiant,2,0.9995226980905034,379
grid-2965523-m1,deaths_dire,2,0.9992793477066525,379
grid-2965523-m2,radiant_nw_adv,1,0.9768307728032946,242
grid-2965523-m2,radiant_xp_adv,0,0.9401561623522477,241
grid-2965523-m2,deaths_radiant,1,0.997675792318873,242
grid-2965523-m2,deaths_dire,2,0.9882626805187519,243
grid-2965523-m3,radiant_nw_adv,2,0.9871412703991284,387
grid-2965523-m3,radiant_xp_adv,1,0.9564084490915716,387
grid-2965523-m3,deaths_radiant,0,1.0,386
grid-2965523-m3,deaths_dire,1,0.9988212144494809,387
grid-2965524-m1,radiant_nw_adv,2,0.9705934575943095,357
grid-2965524-m1,radiant_xp_adv,2,0.920993976180899,357
grid-2965524-m1,deaths_radiant,1,0.9984353467218514,357
grid-2965524-m1,deaths_dire,3,0.9986341896042558,357
grid-2965524-m2,radiant_nw_adv,4,0.9850080901512874,339
grid-2965524-m2,radiant_xp_adv,2,0.9711868560575376,340
grid-2965524-m2,deaths_radiant,2,0.9987884851448251,340
grid-2965524-m2,deaths_dire,1,0.9970035190512877,339
grid-2965524-m3,radiant_nw_adv,2,0.990561464621211,452
grid-2965524-m3,radiant_xp_adv,2,0.9921829238037175,452
grid-2965524-m3,deaths_radiant,1,0.990185872133355,452
grid-2965524-m3,deaths_dire,2,0.9995020724597345,452
grid-2965525-m1,radiant_nw_adv,1,0.9597671659701491,330
grid-2965525-m1,radiant_xp_adv,0,0.9521168275364269,329
grid-2965525-m1,deaths_radiant,0,0.9989728914501356,329
grid-2965525-m1,deaths_dire,1,0.9987266050334249,330
grid-2965525-m2,radiant_nw_adv,2,0.8937862144109148,350
grid-2965525-m2,radiant_xp_adv,2,0.929261252347498,350
grid-2965525-m2,deaths_radiant,3,0.9984790206668759,351
grid-2965525-m2,deaths_dire,2,0.9987981915489457,350
grid-2965526-m1,radiant_nw_adv,2,0.7703082698212624,300
grid-2965526-m1,radiant_xp_adv,2,0.9232686105658557,300
grid-2965526-m1,deaths_radiant,2,0.9999999999999998,300
grid-2965526-m1,deaths_dire,3,0.9982292723578158,300
grid-2965526-m2,radiant_nw_adv,3,0.9081394040020598,370
grid-2965526-m2,radiant_xp_adv,2,0.9509841671770481,370
grid-2965526-m2,deaths_radiant,3,0.9965782778327289,370
grid-2965526-m2,deaths_dire,3,0.999302627845006,370
grid-2965526-m3,radiant_nw_adv,4,0.9945253830195262,386
grid-2965526-m3,radiant_xp_adv,2,0.941040236770025,384
grid-2965526-m3,deaths_radiant,3,0.9977085572472337,385
grid-2965526-m3,deaths_dire,2,0.9979010440071864,384
grid-2965527-m1,radiant_nw_adv,3,0.7597668638009492,324
grid-2965527-m1,radiant_xp_adv,2,0.9308574870832504,323
grid-2965527-m1,deaths_radiant,2,0.9968230127508589,323
grid-2965527-m1,deaths_dire,1,0.9981560640741559,322
grid-2965527-m2,radiant_nw_adv,-2,0.9724665987785799,384
grid-2965527-m2,radiant_xp_adv,1,0.976481744713582,387
grid-2965527-m2,deaths_radiant,3,0.9994092904253408,387
grid-2965527-m2,deaths_dire,2,0.9989813793880802,387
grid-2965527-m3,radiant_nw_adv,2,0.9939434256574623,373
grid-2965527-m3,radiant_xp_adv,2,0.9696457927691401,373
grid-2965527-m3,deaths_radiant,2,0.9985352983640977,373
grid-2965527-m3,deaths_dire,2,0.9991923775942376,373
grid-2965528-m1,radiant_nw_adv,3,0.9800811472285693,408
grid-2965528-m1,radiant_xp_adv,1,0.978613569359287,408
grid-2965528-m1,deaths_radiant,0,1.0,408
grid-2965528-m1,deaths_dire,2,0.9991543650495216,408
grid-2965528-m2,radiant_nw_adv,2,0.9388829458267676,409
grid-2965528-m2,radiant_xp_adv,3,0.939291823171375,410
grid-2965528-m2,deaths_radiant,4,0.9929933223493367,410
grid-2965528-m2,deaths_dire,2,0.9982793403010349,409
grid-2965528-m3,radiant_nw_adv,2,0.9799904534967766,371
grid-2965528-m3,radiant_xp_adv,0,0.9805053799744088,371
grid-2965528-m3,deaths_radiant,1,0.9986539220358078,371
grid-2965528-m3,deaths_dire,1,0.9988204234547601,371
grid-2965529-m1,radiant_nw_adv,2,0.8043064391764505,357
grid-2965529-m1,radiant_xp_adv,1,0.9443447030675588,356
grid-2965529-m1,deaths_radiant,2,0.9990124889797641,357
grid-2965529-m1,deaths_dire,2,0.999532433626415,357
grid-2965529-m2,radiant_nw_adv,3,0.9004857091074202,401
grid-2965529-m2,radiant_xp_adv,2,0.9689253091952186,400
grid-2965529-m2,deaths_radiant,2,0.998729235956427,400
grid-2965529-m2,deaths_dire,3,0.9989073936997263,401
grid-2965529-m3,radiant_nw_adv,2,0.9892529256115496,408
grid-2965529-m3,radiant_xp_adv,1,0.9724146975890006,407
grid-2965529-m3,deaths_radiant,1,0.9993503539426768,407
grid-2965529-m3,deaths_dire,2,0.9997596577417878,408
grid-2965530-m1,radiant_nw_adv,-2,0.8517735664246107,326
grid-2965530-m1,radiant_xp_adv,2,0.9362003167345682,330
grid-2965530-m1,deaths_radiant,2,0.9964748644935603,330
grid-2965530-m1,deaths_dire,3,0.9982033413718534,331
grid-2965530-m2,radiant_nw_adv,3,0.9905818811109155,352
grid-2965530-m2,radiant_xp_adv,2,0.9496016337100339,352
grid-2965530-m2,deaths_radiant,2,0.9993443894785724,352
grid-2965530-m2,deaths_dire,3,1.0,352
grid-2965530-m3,radiant_nw_adv,3,0.9292877427706615,482
grid-2965530-m3,radiant_xp_adv,3,0.9691233074885689,482
grid-2965530-m3,deaths_radiant,2,0.9992204414385164,482
grid-2965530-m3,deaths_dire,2,0.9995146750163729,482
grid-2967260-m1,radiant_nw_adv,3,0.9835030915278669,432
grid-2967260-m1,radiant_xp_adv,1,0.9669262361008821,432
grid-2967260-m1,deaths_radiant,1,0.9982053183353926,432
grid-2967260-m1,deaths_dire,2,0.9997173405776524,432
grid-2967260-m2,radiant_nw_adv,2,0.9191487254885966,395
grid-2967260-m2,radiant_xp_adv,2,0.9574331138837893,395
grid-2967260-m2,deaths_radiant,3,0.9978060703221668,395
grid-2967260-m2,deaths_dire,3,0.9983703442430023,395
grid-2967260-m3,radiant_nw_adv,2,0.9980448611486837,380
grid-2967260-m3,radiant_xp_adv,2,0.9835152662801169,380
grid-2967260-m3,deaths_radiant,2,0.9995781626033577,380
grid-2967260-m3,deaths_dire,1,1.0,380
grid-2967261-m2,radiant_nw_adv,4,0.9877772246450458,367
grid-2967261-m2,radiant_xp_adv,1,0.9412770162066652,365
grid-2967261-m2,deaths_radiant,4,0.9858622526796917,367
grid-2967261-m2,deaths_dire,3,0.9970627835251041,367
grid-2967261-m4,radiant_nw_adv,2,0.9864297715470016,396
grid-2967261-m4,radiant_xp_adv,2,0.9647758809186978,396
grid-2967261-m4,deaths_radiant,3,0.9999999999999999,397
grid-2967261-m4,deaths_dire,2,0.9990207142581616,396
grid-2967262-m1,radiant_nw_adv,-2,0.922783597974517,310
grid-2967262-m1,radiant_xp_adv,-2,0.9675262239870256,310
grid-2967262-m1,deaths_radiant,-3,0.9960563087801882,310
grid-2967262-m1,deaths_dire,-1,0.9984367763145162,311
grid-2967262-m2,radiant_nw_adv,2,0.7588907372374918,361
grid-2967262-m2,radiant_xp_adv,2,0.9342577825285139,361
grid-2967262-m2,deaths_radiant,0,1.0,359
grid-2967262-m2,deaths_dire,1,1.0,360
grid-2967262-m3,radiant_nw_adv,2,0.989962287200678,389
grid-2967262-m3,radiant_xp_adv,1,0.9784135961135079,390
grid-2967262-m3,deaths_radiant,2,0.9990731227376266,389
grid-2967262-m3,deaths_dire,0,0.9959177745416828,390
grid-2968611-m1,radiant_nw_adv,2,0.9926059467103177,367
grid-2968611-m1,radiant_xp_adv,2,0.9772830877234969,367
grid-2968611-m1,deaths_radiant,3,0.9989288760891964,368
grid-2968611-m1,deaths_dire,3,0.9991256008261188,368
grid-2968611-m2,radiant_nw_adv,0,0.9648123358360993,350
grid-2968611-m2,radiant_xp_adv,2,0.9733535642003847,352
grid-2968611-m2,deaths_radiant,2,0.9993574532167457,352
grid-2968611-m2,deaths_dire,2,0.9992447736007708,352
grid-2968611-m3,radiant_nw_adv,4,0.9419671302403742,438
grid-2968611-m3,radiant_xp_adv,3,0.9552586808728486,438
grid-2968611-m3,deaths_radiant,3,0.9987057108127931,438
grid-2968611-m3,deaths_dire,3,0.9983198337131126,438
grid-2968611-m4,radiant_nw_adv,2,0.9184202575538681,377
grid-2968611-m4,radiant_xp_adv,2,0.9489617866088172,377
grid-2968611-m4,deaths_radiant,2,0.9994221013514624,377
grid-2968611-m4,deaths_dire,2,0.9992110815637247,377
grid-2968612-m1,radiant_nw_adv,2,0.9794229544590376,350
grid-2968612-m1,radiant_xp_adv,1,0.9597220587854656,349
grid-2968612-m1,deaths_radiant,2,0.9996539877729949,350
grid-2968612-m1,deaths_dire,-1,1.0,347
grid-2968612-m2,radiant_nw_adv,3,0.9819291464145731,469
grid-2968612-m2,radiant_xp_adv,2,0.9646156444684432,469
grid-2968612-m2,deaths_radiant,3,0.9996384030054858,469
grid-2968612-m2,deaths_dire,2,0.9993303528271589,469
grid-2968612-m3,radiant_nw_adv,-8,0.9843189928958505,357
grid-2968612-m3,radiant_xp_adv,1,0.9778079300245345,360
grid-2968612-m3,deaths_radiant,1,0.9926591686437829,360
grid-2968612-m3,deaths_dire,1,0.9988639400671353,360
grid-2968612-m4,radiant_nw_adv,2,0.9854636412613335,364
grid-2968612-m4,radiant_xp_adv,2,0.9661176370507008,364
grid-2968612-m4,deaths_radiant,3,0.9926413203822072,364
grid-2968612-m4,deaths_dire,2,0.9984332967106624,364
grid-2968613-m1,radiant_nw_adv,1,0.9840565182430893,368
grid-2968613-m1,radiant_xp_adv,1,0.9544064068060163,368
grid-2968613-m1,deaths_radiant,1,0.9968157971836034,368
grid-2968613-m1,deaths_dire,1,0.9993433088037174,368
grid-2968613-m2,radiant_nw_adv,2,0.9936873138780877,378
grid-2968613-m2,radiant_xp_adv,3,0.9870099689123751,379
grid-2968613-m2,deaths_radiant,3,1.0,379
grid-2968613-m2,deaths_dire,2,0.9993936039620445,378
grid-2968613-m3,radiant_nw_adv,1,0.9954045241040078,383
grid-2968613-m3,radiant_xp_adv,2,0.9889685139765849,383
grid-2968613-m3,deaths_radiant,1,0.9992787019800469,383
grid-2968613-m3,deaths_dire,1,0.999732680010674,383
grid-2968614-m1,radiant_nw_adv,3,0.9857408318719512,338
grid-2968614-m1,radiant_xp_adv,2,0.9809780688600424,338
grid-2968614-m1,deaths_radiant,-5,1.0,335
grid-2968614-m1,deaths_dire,3,0.9985655309834223,338
grid-2968614-m2,radiant_nw_adv,2,0.9272369831715228,387
grid-2968614-m2,radiant_xp_adv,2,0.9576584644807744,387
grid-2968614-m2,deaths_radiant,3,0.9976558772397751,388
grid-2968614-m2,deaths_dire,2,0.9985242032160275,387
grid-2968614-m3,radiant_nw_adv,2,0.8019064625557084,289
grid-2968614-m3,radiant_xp_adv,1,0.8914462250086751,289
grid-2968614-m3,deaths_radiant,0,1.0,288
grid-2968614-m3,deaths_dire,2,0.998412802795517,289
grid-2971822-m2,radiant_nw_adv,2,0.9590936716863692,421
grid-2971822-m2,radiant_xp_adv,3,0.9444659719560079,422
grid-2971822-m2,deaths_radiant,3,0.9985080444794343,422
grid-2971822-m2,deaths_dire,0,-2.0,0
grid-2971823-m1,radiant_nw_adv,2,0.9598271667776559,351
grid-2971823-m1,radiant_xp_adv,1,0.9595687717185243,350
grid-2971823-m1,deaths_radiant,0,0.9990811375433404,349
grid-2971823-m1,deaths_dire,2,0.999268115829981,351
grid-2971823-m2,radiant_nw_adv,2,0.9214425698438967,461
grid-2971823-m2,radiant_xp_adv,2,0.9615354703770972,461
grid-2971823-m2,deaths_radiant,1,0.9989642226731642,460
grid-2971823-m2,deaths_dire,2,0.9990568031349679,461
grid-2971824-m1,radiant_nw_adv,4,0.9938270367564861,339
grid-2971824-m1,radiant_xp_adv,2,0.9887046605271274,339
grid-2971824-m1,deaths_radiant,5,0.9866629616510885,339
grid-2971824-m1,deaths_dire,2,0.9989777854208979,339
grid-2971824-m2,radiant_nw_adv,3,0.9099784432834037,371
grid-2971824-m2,radiant_xp_adv,2,0.9647343306973293,370
grid-2971824-m2,deaths_radiant,3,0.9971591716163184,371
grid-2971824-m2,deaths_dire,1,0.9990993946004041,369
grid-2971825-m1,radiant_nw_adv,0,0.8754945616566486,330
grid-2971825-m1,radiant_xp_adv,0,0.9295737155300599,330
grid-2971825-m1,deaths_radiant,-1,0.9982889099600996,331
grid-2971825-m1,deaths_dire,0,0.9984440417082895,330
grid-2971825-m2,radiant_nw_adv,3,0.9708827379849875,351
grid-2971825-m2,radiant_xp_adv,2,0.966437647179173,350
grid-2971825-m2,deaths_radiant,3,0.9985380107302286,351
grid-2971825-m2,deaths_dire,4,0.9961969428655761,352
grid-2971825-m3,radiant_nw_adv,0,0.9907980572856395,312
grid-2971825-m3,radiant_xp_adv,0,0.9629410541953815,312
grid-2971825-m3,deaths_radiant,-4,1.0,311
grid-2971825-m3,deaths_dire,0,0.9984127342810583,312
grid-2972362-m2,radiant_nw_adv,2,0.9791779350114272,370
grid-2972362-m2,radiant_xp_adv,2,0.9730422889971334,370
grid-2972362-m2,deaths_radiant,2,0.9993132240345824,370
grid-2972362-m2,deaths_dire,2,0.9979183811162129,370
grid-2972362-m3,radiant_nw_adv,4,0.9852470888566347,491
grid-2972362-m3,radiant_xp_adv,2,0.9769398137415664,490
grid-2972362-m3,deaths_radiant,4,0.9993484049773262,491
grid-2972362-m3,deaths_dire,2,0.9999999999999999,490
grid-2972363-m1,radiant_nw_adv,2,0.9124806184896949,332
grid-2972363-m1,radiant_xp_adv,1,0.8578636286912281,333
grid-2972363-m1,deaths_radiant,2,1.0,332
grid-2972363-m1,deaths_dire,-1,0.9956441625651854,333
grid-2972363-m2,radiant_nw_adv,2,0.8656164156535472,267
grid-2972363-m2,radiant_xp_adv,2,0.9388113112654173,267
grid-2972363-m2,deaths_radiant,2,0.9944156647418491,267
grid-2972363-m2,deaths_dire,2,1.0,267
grid-2972363-m3,radiant_nw_adv,3,0.9452689294087864,357
grid-2972363-m3,radiant_xp_adv,2,0.9563044532844807,356
grid-2972363-m3,deaths_radiant,2,0.9979065553675296,356
grid-2972363-m3,deaths_dire,3,0.9989614432740996,357
grid-2973272-m1,radiant_nw_adv,3,0.9220011926995504,434
grid-2973272-m1,radiant_xp_adv,2,0.9548021183567337,433
grid-2973272-m1,deaths_radiant,2,0.9964768558590046,433
grid-2973272-m1,deaths_dire,3,1.0,434
grid-2973272-m2,radiant_nw_adv,2,0.9295776299163299,377
grid-2973272-m2,radiant_xp_adv,1,0.9242792356298669,376
grid-2973272-m2,deaths_radiant,1,0.9982918106528392,376
grid-2973272-m2,deaths_dire,2,0.9994541875494167,377
grid-2973272-m3,radiant_nw_adv,3,0.9727654294375381,328
grid-2973272-m3,radiant_xp_adv,2,0.9594403700756517,327
grid-2973272-m3,deaths_radiant,0,1.0,327
grid-2973272-m3,deaths_dire,3,0.9994557726525508,328
grid-2973272-m4,radiant_nw_adv,3,0.9940674862433702,339
grid-2973272-m4,radiant_xp_adv,2,0.9781522980027341,339
grid-2973272-m4,deaths_radiant,3,1.0,339
grid-2973272-m4,deaths_dire,2,0.9992625590953294,339
grid-2973273-m1,radiant_nw_adv,4,0.9793159708488112,373
grid-2973273-m1,radiant_xp_adv,2,0.9637639867637812,371
grid-2973273-m1,deaths_radiant,2,1.0,371
grid-2973273-m1,deaths_dire,3,0.9973929344556971,372
grid-2973273-m2,radiant_nw_adv,3,0.8904506396596739,465
grid-2973273-m2,radiant_xp_adv,2,0.9569358388347128,465
grid-2973273-m2,deaths_radiant,2,1.0,465
grid-2973273-m2,deaths_dire,4,0.9988078677524308,465
grid-2973273-m3,radiant_nw_adv,4,0.9385023196964468,302
grid-2973273-m3,radiant_xp_adv,3,0.9124144441832457,302
grid-2973273-m3,deaths_radiant,4,0.9973033022789507,302
grid-2973273-m3,deaths_dire,4,1.0,302
grid-2973273-m4,radiant_nw_adv,1,0.995375028180967,305
grid-2973273-m4,radiant_xp_adv,0,0.9624177504768374,304
grid-2973273-m4,deaths_radiant,1,1.0,305
grid-2973273-m4,deaths_dire,2,0.9999999999999999,306
grid-2973274-m1,radiant_nw_adv,2,0.8723999730808523,328
grid-2973274-m1,radiant_xp_adv,2,0.9327677741700358,328
grid-2973274-m1,deaths_radiant,2,1.0,328
grid-2973274-m1,deaths_dire,2,0.9976706588283574,328
grid-2973274-m2,radiant_nw_adv,3,0.8928523064603885,355
grid-2973274-m2,radiant_xp_adv,2,0.9709113731036009,355
grid-2973274-m2,deaths_radiant,2,0.9960407462645057,355
grid-2973274-m2,deaths_dire,2,0.9978699342181218,355
grid-2973274-m3,radiant_nw_adv,4,0.9823893459538992,321
grid-2973274-m3,radiant_xp_adv,3,0.975378723173385,320
grid-2973274-m3,deaths_radiant,5,0.9973577724834505,322
grid-2973274-m3,deaths_dire,4,0.9989297837999196,321
grid-2973274-m4,radiant_nw_adv,1,0.9439490561597437,447
grid-2973274-m4,radiant_xp_adv,1,0.9433668455690329,447
grid-2973274-m4,deaths_radiant,1,0.9990706340215094,447
grid-2973274-m4,deaths_dire,2,0.9992438967520645,447
grid-2974335-m1,radiant_nw_adv,2,0.8411209954458949,357
grid-2974335-m1,radiant_xp_adv,2,0.9397066976954778,357
grid-2974335-m1,deaths_radiant,4,0.9975613571449602,359
grid-2974335-m1,deaths_dire,2,0.9978447501098918,357
grid-2974335-m2,radiant_nw_adv,2,0.9174982344655076,331
grid-2974335-m2,radiant_xp_adv,2,0.9496705732661078,331
grid-2974335-m2,deaths_radiant,2,0.9971411848848011,331
grid-2974335-m2,deaths_dire,2,0.9989253911403462,331
grid-2974335-m3,radiant_nw_adv,-3,0.9224492170397361,298
grid-2974335-m3,radiant_xp_adv,1,0.934149147631202,301
grid-2974335-m3,deaths_radiant,4,1.0,301
grid-2974335-m3,deaths_dire,0,-2.0,0
grid-2974337-m1,radiant_nw_adv,4,0.9489809484462637,298
grid-2974337-m1,radiant_xp_adv,2,0.9367158331952132,298
grid-2974337-m1,deaths_radiant,4,1.0,298
grid-2974337-m1,deaths_dire,5,0.9964968188345013,299
grid-2974337-m2,radiant_nw_adv,2,0.8737262724946068,369
grid-2974337-m2,radiant_xp_adv,2,0.935362658252225,369
grid-2974337-m2,deaths_radiant,3,0.998384748221716,370
grid-2974337-m2,deaths_dire,2,0.9988755888364551,369
grid-2974337-m3,radiant_nw_adv,3,0.9816784322954779,443
grid-2974337-m3,radiant_xp_adv,2,0.9265964506125316,442
grid-2974337-m3,deaths_radiant,2,0.998235011665608,442
grid-2974337-m3,deaths_dire,3,0.998984650310115,443
grid-2975625-m1,radiant_nw_adv,2,0.9020880841663558,342
grid-2975625-m1,radiant_xp_adv,2,0.9300865361891046,342
grid-2975625-m1,deaths_radiant,2,0.9996067682434607,342
grid-2975625-m1,deaths_dire,3,0.9979911615656056,343
grid-2975625-m2,radiant_nw_adv,2,0.9680864415773173,422
grid-2975625-m2,radiant_xp_adv,2,0.9739786554449192,422
grid-2975625-m2,deaths_radiant,2,0.998613771613348,422
grid-2975625-m2,deaths_dire,1,0.9975175212198841,422
grid-2975625-m3,radiant_nw_adv,2,0.9579290558057565,409
grid-2975625-m3,radiant_xp_adv,1,0.965064138692374,409
grid-2975625-m3,deaths_radiant,2,0.999314388517783,409
grid-2975625-m3,deaths_dire,3,0.9995874570341755,408
grid-2975625-m4,radiant_nw_adv,2,0.9485669749303931,512
grid-2975625-m4,radiant_xp_adv,1,0.9474610974299144,511
grid-2975625-m4,deaths_radiant,3,0.9986261713986647,512
grid-2975625-m4,deaths_dire,2,0.9981771317025909,512
grid-2975625-m5,radiant_nw_adv,-2,0.9651398721816741,423
grid-2975625-m5,radiant_xp_adv,-4,0.973182211351333,421
grid-2975625-m5,deaths_radiant,-3,0.9997096082681901,422
grid-2975625-m5,deaths_dire,2,0.9953354482509078,422
grid-2975627-m1,radiant_nw_adv,1,0.9159250338586586,399
grid-2975627-m1,radiant_xp_adv,2,0.9635305028865647,399
grid-2975627-m1,deaths_radiant,1,0.9982756061046495,399
grid-2975627-m1,deaths_dire,2,0.9978661770931748,399
grid-2975627-m2,radiant_nw_adv,-2,0.9076133128368548,337
grid-2975627-m2,radiant_xp_adv,1,0.9462970016840555,340
grid-2975627-m2,deaths_radiant,1,0.9999999999999999,340
grid-2975627-m2,deaths_dire,1,0.9969704436098982,340
grid-2975627-m3,radiant_nw_adv,3,0.9156450498309568,354
grid-2975627-m3,radiant_xp_adv,2,0.9403389304071526,354
grid-2975627-m3,deaths_radiant,3,0.9981764978700657,354
grid-2975627-m3,deaths_dire,2,0.9999999999999999,354
grid-2975627-m4,radiant_nw_adv,4,0.9543510075195987,369
grid-2975627-m4,radiant_xp_adv,2,0.9627941423803308,371
grid-2975627-m4,deaths_radiant,4,0.9987725274585993,369
grid-2975627-m4,deaths_dire,2,1.0,371
grid-2975628-m1,radiant_nw_adv,3,0.9077873499441789,367
grid-2975628-m1,radiant_xp_adv,2,0.9584794235803225,367
grid-2975628-m1,deaths_radiant,3,0.9986249436563654,367
grid-2975628-m1,deaths_dire,3,0.9979890375890178,367
grid-2975628-m2,radiant_nw_adv,1,0.8774522151820797,377
grid-2975628-m2,radiant_xp_adv,1,0.9491799522669013,377
grid-2975628-m2,deaths_radiant,1,0.9987649432260565,377
grid-2975628-m2,deaths_dire,1,0.9974120636307817,377
grid-2975628-m3,radiant_nw_adv,3,0.9620507626558374,361
grid-2975628-m3,radiant_xp_adv,2,0.9716184232329234,362
grid-2975628-m3,deaths_radiant,2,0.9982223319960151,362
grid-2975628-m3,deaths_dire,2,0.9982306667201599,362
grid-2975628-m4,radiant_nw_adv,3,0.9731756454164954,469
grid-2975628-m4,radiant_xp_adv,2,0.957217124094109,468
grid-2975628-m4,deaths_radiant,3,0.9987325235071239,469
grid-2975628-m4,deaths_dire,3,1.0,469
grid-2975628-m5,radiant_nw_adv,3,0.9485757846668619,327
grid-2975628-m5,radiant_xp_adv,1,0.9392528086308068,327
grid-2975628-m5,deaths_radiant,0,0.9976356346616774,326
grid-2975628-m5,deaths_dire,3,0.9990063380346456,327
grid-2975629-m1,radiant_nw_adv,2,0.9897108419098801,349
grid-2975629-m1,radiant_xp_adv,2,0.985881465211002,349
grid-2975629-m1,deaths_radiant,2,0.999015524770171,349
grid-2975629-m1,deaths_dire,2,0.9994929721803489,349
grid-2975629-m2,radiant_nw_adv,3,0.9799485915558533,387
grid-2975629-m2,radiant_xp_adv,2,0.9556489469532695,387
grid-2975629-m2,deaths_radiant,2,0.9967724412982887,387
grid-2975629-m2,deaths_dire,3,0.9994473582330348,387
grid-2975629-m3,radiant_nw_adv,2,0.9598232074284905,341
grid-2975629-m3,radiant_xp_adv,1,0.9303416326402427,341
grid-2975629-m3,deaths_radiant,2,0.9979430242785577,341
grid-2975629-m3,deaths_dire,2,1.0,341
grid-2976630-m1,radiant_nw_adv,2,0.9510467058985104,453
grid-2976630-m1,radiant_xp_adv,2,0.9717826040638189,453
grid-2976630-m1,deaths_radiant,3,0.9992186053132027,452
grid-2976630-m1,deaths_dire,2,0.9991294952073281,453
grid-2976630-m2,radiant_nw_adv,4,0.9464138130757656,349
grid-2976630-m2,radiant_xp_adv,2,0.9365324913496771,350
grid-2976630-m2,deaths_radiant,2,0.9983662520422558,350
grid-2976630-m2,deaths_dire,2,0.9992085496798019,350
grid-2976630-m3,radiant_nw_adv,1,0.9365835619079219,370
grid-2976630-m3,radiant_xp_adv,1,0.9427545100597229,370
grid-2976630-m3,deaths_radiant,2,0.999475970435082,370
grid-2976630-m3,deaths_dire,2,0.9968897653799007,370
grid-2976631-m1,radiant_nw_adv,2,0.9623716089464978,374
grid-2976631-m1,radiant_xp_adv,1,0.9441762757402006,373
grid-2976631-m1,deaths_radiant,2,0.9993134510444169,374
grid-2976631-m1,deaths_dire,1,0.9988654007334927,373
grid-2976631-m2,radiant_nw_adv,1,0.9207031624434548,422
grid-2976631-m2,radiant_xp_adv,2,0.9731100761033635,423
grid-2976631-m2,deaths_radiant,2,0.9960020364322115,423
grid-2976631-m2,deaths_dire,1,0.9984117767624258,422
grid-2976631-m3,radiant_nw_adv,2,0.9548146643794136,358
grid-2976631-m3,radiant_xp_adv,1,0.9687860452010937,359
grid-2976631-m3,deaths_radiant,1,0.9990598612651523,359
grid-2976631-m3,deaths_dire,2,0.9986496726880582,358
grid-2976631-m4,radiant_nw_adv,3,0.758861541205261,674
grid-2976631-m4,radiant_xp_adv,3,0.9608965242946423,674
grid-2976631-m4,deaths_radiant,2,0.9990701062810161,674
grid-2976631-m4,deaths_dire,3,0.9986353878056532,674
grid-2976631-m5,radiant_nw_adv,3,0.8327695604222274,322
grid-2976631-m5,radiant_xp_adv,1,0.926752555094332,324
grid-2976631-m5,deaths_radiant,1,0.9977668375608286,324
grid-2976631-m5,deaths_dire,2,1.0,323
grid-2977835-m1,radiant_nw_adv,1,0.9762307293366962,358
grid-2977835-m1,radiant_xp_adv,2,0.9688257252689816,358
grid-2977835-m1,deaths_radiant,2,0.9990584851600588,358
grid-2977835-m1,deaths_dire,1,0.9987214077090458,358
grid-2977835-m2,radiant_nw_adv,2,0.926675704239235,301
grid-2977835-m2,radiant_xp_adv,2,0.9540721255282141,301
grid-2977835-m2,deaths_radiant,3,0.9966925126713054,302
grid-2977835-m2,deaths_dire,2,0.9979451270400871,301
grid-2977835-m3,radiant_nw_adv,4,0.7077993452714829,433
grid-2977835-m3,radiant_xp_adv,2,0.9557902596676833,433
grid-2977835-m3,deaths_radiant,4,0.998363873585719,433
grid-2977835-m3,deaths_dire,4,0.9990927582208018,433
grid-2977837-m1,radiant_nw_adv,3,0.9491812770170076,331
grid-2977837-m1,radiant_xp_adv,2,0.9556325331855648,331
grid-2977837-m1,deaths_radiant,2,0.9991518494231107,331
grid-2977837-m1,deaths_dire,1,0.9951625485280062,330
grid-2977837-m2,radiant_nw_adv,2,0.7900756263547892,486
grid-2977837-m2,radiant_xp_adv,1,0.9789305895923802,485
grid-2977837-m2,deaths_radiant,2,0.999441620892276,486
grid-2977837-m2,deaths_dire,1,0.9993171791384065,485
grid-2977837-m3,radiant_nw_adv,2,0.9868901738337473,408
grid-2977837-m3,radiant_xp_adv,2,0.9732827527532164,408
grid-2977837-m3,deaths_radiant,2,0.9995247968331409,408
grid-2977837-m3,deaths_dire,2,1.0,408
grid-2978288-m1,radiant_nw_adv,4,0.9516959614509436,349
grid-2978288-m1,radiant_xp_adv,1,0.9437227495544857,348
grid-2978288-m1,deaths_radiant,2,0.9990309620215744,348
grid-2978288-m1,deaths_dire,2,0.9980308108738211,348
grid-2978288-m2,radiant_nw_adv,3,0.9495617358123937,347
grid-2978288-m2,radiant_xp_adv,2,0.9688030164119681,347
grid-2978288-m2,deaths_radiant,3,0.9979743426429963,347
grid-2978288-m2,deaths_dire,3,0.9994707024535557,347
grid-2978288-m3,radiant_nw_adv,3,0.9886592847366584,376
grid-2978288-m3,radiant_xp_adv,2,0.9539079675721311,376
grid-2978288-m3,deaths_radiant,1,0.9983644713522044,375
grid-2978288-m3,deaths_dire,3,0.9990151206305478,376
grid-2980509-m1,radiant_nw_adv,2,0.8252476597042072,336
grid-2980509-m1,radiant_xp_adv,1,0.9477496922353852,336
grid-2980509-m1,deaths_radiant,2,0.998301791638658,336
grid-2980509-m1,deaths_dire,2,0.9964796001543762,336
grid-2980509-m2,radiant_nw_adv,2,0.9890201929961056,341
grid-2980509-m2,radiant_xp_adv,1,0.9300847914854627,340
grid-2980509-m2,deaths_radiant,-4,1.0,339
grid-2980509-m2,deaths_dire,2,0.9964418559513046,341
grid-2980509-m3,radiant_nw_adv,4,0.9428784060644905,449
grid-2980509-m3,radiant_xp_adv,1,0.9126261633775082,448
grid-2980509-m3,deaths_radiant,2,0.99396719365057,449
grid-2980509-m3,deaths_dire,1,0.9991905632062007,448
grid-2984640-m1,radiant_nw_adv,2,0.9566354043628528,369
grid-2984640-m1,radiant_xp_adv,1,0.9538519110306207,369
grid-2984640-m1,deaths_radiant,1,0.9995171472009478,369
grid-2984640-m1,deaths_dire,1,0.9982149592437454,369
grid-2984640-m2,radiant_nw_adv,2,0.9179274340925468,349
grid-2984640-m2,radiant_xp_adv,2,0.918518987683733,349
grid-2984640-m2,deaths_radiant,2,0.9983930104416054,349
grid-2984640-m2,deaths_dire,3,0.9981043998648215,350
grid-2984640-m3,radiant_nw_adv,5,0.9871964233526777,322
grid-2984640-m3,radiant_xp_adv,2,0.9503004797577097,322
grid-2984640-m3,deaths_radiant,3,0.9985067697104996,322
grid-2984640-m3,deaths_dire,5,0.9999999999999999,322
grid-2984645-m1,radiant_nw_adv,3,0.9294947332912828,401
grid-2984645-m1,radiant_xp_adv,2,0.9346145087079877,400
grid-2984645-m1,deaths_radiant,4,0.9988537720305,401
grid-2984645-m1,deaths_dire,3,0.997066300779398,401
grid-2984645-m2,radiant_nw_adv,5,0.9928643699769778,401
grid-2984645-m2,radiant_xp_adv,3,0.978642781041055,400
grid-2984645-m2,deaths_radiant,4,0.9968104323305836,400
grid-2984645-m2,deaths_dire,5,0.9988647334017917,401
grid-2984646-m1,radiant_nw_adv,3,0.966815396425474,463
grid-2984646-m1,radiant_xp_adv,2,0.972981606422565,462
grid-2984646-m1,deaths_radiant,2,0.999170233277951,462
grid-2984646-m1,deaths_dire,3,0.9983028226883398,463
grid-2984646-m2,radiant_nw_adv,3,0.9955789384237692,369
grid-2984646-m2,radiant_xp_adv,2,0.9688886866910237,369
grid-2984646-m2,deaths_radiant,2,0.9991339324302196,369
grid-2984646-m2,deaths_dire,4,0.9985336540488843,369
grid-2987004-m1,radiant_nw_adv,3,0.7531553015203459,330
grid-2987004-m1,radiant_xp_adv,1,0.9671790858529368,328
grid-2987004-m1,deaths_radiant,3,0.9983206963395109,330
grid-2987004-m1,deaths_dire,1,0.9978805907094246,328
grid-2987004-m2,radiant_nw_adv,2,0.9867475118740474,524
grid-2987004-m2,radiant_xp_adv,2,0.9768167381985209,524
grid-2987004-m2,deaths_radiant,3,0.9990069486757143,524
grid-2987004-m2,deaths_dire,2,0.9967092351421077,524
grid-2987004-m3,radiant_nw_adv,5,0.9085698081689486,351
grid-2987004-m3,radiant_xp_adv,2,0.9517969927174423,349
grid-2987004-m3,deaths_radiant,1,0.9988064834572722,349
grid-2987004-m3,deaths_dire,2,0.9986785277803844,349
grid-2987004-m4,radiant_nw_adv,2,0.9226035236158553,362
grid-2987004-m4,radiant_xp_adv,1,0.9549763496081188,362
grid-2987004-m4,deaths_radiant,2,0.9962156284498868,362
grid-2987004-m4,deaths_dire,2,0.9976350029918417,362
grid-2987005-m1,radiant_nw_adv,2,0.5890265826789,463
grid-2987005-m1,radiant_xp_adv,2,0.9464507919614625,463
grid-2987005-m1,deaths_radiant,2,0.9990815148556177,463
grid-2987005-m1,deaths_dire,2,0.9999999999999998,463
grid-2987005-m2,radiant_nw_adv,3,0.9788426403812293,355
grid-2987005-m2,radiant_xp_adv,1,0.9383356602183109,357
grid-2987005-m2,deaths_radiant,3,0.9999999999999999,355
grid-2987005-m2,deaths_dire,2,0.9977439135726919,356
grid-2987005-m3,radiant_nw_adv,3,0.9392884311474089,330
grid-2987005-m3,radiant_xp_adv,2,0.9628324901302476,330
grid-2987005-m3,deaths_radiant,3,0.9982520144069627,330
grid-2987005-m3,deaths_dire,3,0.9987885433074604,330
grid-2987005-m4,radiant_nw_adv,4,0.9253431235784633,326
grid-2987005-m4,radiant_xp_adv,2,0.9489684956102321,326
grid-2987005-m4,deaths_radiant,4,0.9986543620078483,326
grid-2987005-m4,deaths_dire,3,1.0,326
grid-2987006-m1,radiant_nw_adv,3,0.8197083726732645,320
grid-2987006-m1,radiant_xp_adv,2,0.9475222788352154,320
grid-2987006-m1,deaths_radiant,3,0.9969742232064154,320
grid-2987006-m1,deaths_dire,2,0.9985976369404361,320
grid-2987006-m2,radiant_nw_adv,2,0.6909585419445713,425
grid-2987006-m2,radiant_xp_adv,2,0.9513471632945966,425
grid-2987006-m2,deaths_radiant,1,0.9990376954933331,425
grid-2987006-m2,deaths_dire,2,0.9983604786323905,425
grid-2987006-m3,radiant_nw_adv,2,0.9587810530993958,321
grid-2987006-m3,radiant_xp_adv,2,0.9411290336844584,321
grid-2987006-m3,deaths_radiant,2,0.9957259508079431,321
grid-2987006-m3,deaths_dire,2,0.9970155986609556,321
grid-2987006-m4,radiant_nw_adv,2,0.7630693273715577,366
grid-2987006-m4,radiant_xp_adv,1,0.9383444963766041,365
grid-2987006-m4,deaths_radiant,2,1.0,366
grid-2987006-m4,deaths_dire,3,0.9967132321586456,365
grid-2987017-m1,radiant_nw_adv,4,0.9771479982262753,310
grid-2987017-m1,radiant_xp_adv,3,0.9231716878381492,310
grid-2987017-m1,deaths_radiant,4,0.9985941928708812,310
grid-2987017-m1,deaths_dire,3,1.0,310
grid-2987017-m2,radiant_nw_adv,3,0.9679895509765757,412
grid-2987017-m2,radiant_xp_adv,2,0.9427125101954719,412
grid-2987017-m2,deaths_radiant,3,1.0,412
grid-2987017-m2,deaths_dire,0,-2.0,0
grid-2987017-m3,radiant_nw_adv,3,0.9424711313494726,326
grid-2987017-m3,radiant_xp_adv,2,0.9351250457360555,325
grid-2987017-m3,deaths_radiant,1,0.9999999999999999,325
grid-2987017-m3,deaths_dire,-1,1.0,323
grid-2987018-m1,radiant_nw_adv,2,0.9455847928295134,445
grid-2987018-m1,radiant_xp_adv,2,0.970315763389006,445
grid-2987018-m1,deaths_radiant,2,0.9990657794235699,445
grid-2987018-m1,deaths_dire,3,0.998706457568003,445
grid-2987018-m2,radiant_nw_adv,3,0.9617961694709931,453
grid-2987018-m2,radiant_xp_adv,2,0.9803237808648125,452
grid-2987018-m2,deaths_radiant,4,1.0,453
grid-2987018-m2,deaths_dire,3,0.9989865973739327,453
grid-2987018-m4,radiant_nw_adv,3,0.9955022117476091,376
grid-2987018-m4,radiant_xp_adv,3,0.982440555395982,376
grid-2987018-m4,deaths_radiant,3,0.9992882257113387,376
grid-2987018-m4,deaths_dire,3,0.9966070609830355,376
grid-2987018-m5,radiant_nw_adv,2,0.94438137016009,321
grid-2987018-m5,radiant_xp_adv,3,0.9464444102979608,321
grid-2987018-m5,deaths_radiant,3,0.9982930529826946,321
grid-2987018-m5,deaths_dire,3,0.9990253839634305,321
grid-2987019-m1,radiant_nw_adv,3,0.809543274897607,378
grid-2987019-m1,radiant_xp_adv,2,0.9084075134064566,377
grid-2987019-m1,deaths_radiant,3,0.9995736753465011,378
grid-2987019-m1,deaths_dire,2,0.9984306141110708,377
grid-2987019-m2,radiant_nw_adv,1,0.9315727019317169,194
grid-2987019-m2,radiant_xp_adv,1,0.9650889526521373,194
grid-2987019-m2,deaths_radiant,3,0.9970365206041197,195
grid-2987019-m2,deaths_dire,-14,1.0,191
grid-2987019-m3,radiant_nw_adv,3,0.993802113824114,373
grid-2987019-m3,radiant_xp_adv,1,0.9744475666451128,373
grid-2987019-m3,deaths_radiant,3,0.9977083607827527,373
grid-2987019-m3,deaths_dire,1,0.9968362401127395,373
grid-2987019-m4,radiant_nw_adv,3,0.9769662810346363,319
grid-2987019-m4,radiant_xp_adv,1,0.9652134044292656,319
grid-2987019-m4,deaths_radiant,1,0.9967274516880771,319
grid-2987019-m4,deaths_dire,2,0.9972781431498412,319
grid-2987019-m5,radiant_nw_adv,3,0.9667652080299153,314
grid-2987019-m5,radiant_xp_adv,2,0.9673961072720232,313
grid-2987019-m5,deaths_radiant,3,0.9987480481355866,314
grid-2987019-m5,deaths_dire,2,1.0,313
grid-2987020-m1,radiant_nw_adv,3,0.9171691962593312,379
grid-2987020-m1,radiant_xp_adv,2,0.9360238877295278,378
grid-2987020-m1,deaths_radiant,3,0.9986284204778355,379
grid-2987020-m1,deaths_dire,2,0.9977219960364241,378
grid-2987020-m2,radiant_nw_adv,3,0.9590279305966783,309
grid-2987020-m2,radiant_xp_adv,2,0.9541070524967258,309
grid-2987020-m2,deaths_radiant,-1,1.0,307
grid-2987020-m2,deaths_dire,3,0.9999999999999999,309
grid-2987020-m3,radiant_nw_adv,3,0.9858557670753296,339
grid-2987020-m3,radiant_xp_adv,2,0.9717866446697888,340
grid-2987020-m3,deaths_radiant,3,0.9973708956920626,339
grid-2987020-m3,deaths_dire,3,1.0,339
grid-2987020-m4,radiant_nw_adv,2,0.9722356374259192,358
grid-2987020-m4,radiant_xp_adv,1,0.966562669516145,357
grid-2987020-m4,deaths_radiant,2,0.9979705392796667,358
grid-2987020-m4,deaths_dire,4,0.9982974419187006,357
grid-2987021-m1,radiant_nw_adv,4,0.8991276396469216,493
grid-2987021-m1,radiant_xp_adv,3,0.9265807248392333,492
grid-2987021-m1,deaths_radiant,4,0.9957759608200162,493
grid-2987021-m1,deaths_dire,4,1.0,493
grid-2987021-m2,radiant_nw_adv,3,0.993083512220599,341
grid-2987021-m2,radiant_xp_adv,2,0.9797295526821521,341
grid-2987021-m2,deaths_radiant,3,1.0,341
grid-2987021-m2,deaths_dire,4,0.998708498159145,341
grid-2987021-m3,radiant_nw_adv,2,0.9336903576770494,313
grid-2987021-m3,radiant_xp_adv,2,0.9293349861176858,313
grid-2987021-m3,deaths_radiant,2,0.9999999999999999,313
grid-2987021-m3,deaths_dire,2,0.9999999999999999,313
grid-2987021-m4,radiant_nw_adv,2,0.9455289869333421,356
grid-2987021-m4,radiant_xp_adv,2,0.9499541314545843,356
grid-2987021-m4,deaths_radiant,2,0.9995441948661117,356
grid-2987021-m4,deaths_dire,2,0.9991814797002471,356
grid-2991209-m2,radiant_nw_adv,2,0.9788831975694406,415
grid-2991209-m2,radiant_xp_adv,2,0.9655815110745227,415
grid-2991209-m2,deaths_radiant,2,0.9990523371637569,415
grid-2991209-m2,deaths_dire,3,0.9992777603293417,416
grid-2991210-m1,radiant_nw_adv,3,0.9495672825348824,361
grid-2991210-m1,radiant_xp_adv,2,0.9779092452759,361
grid-2991210-m1,deaths_radiant,2,0.9993284547353802,361
grid-2991210-m1,deaths_dire,2,0.9995882459825995,361
grid-2991210-m2,radiant_nw_adv,3,0.9895343287269927,478
grid-2991210-m2,radiant_xp_adv,2,0.9878411346474845,477
grid-2991210-m2,deaths_radiant,2,0.9993714654644141,477
grid-2991210-m2,deaths_dire,0,1.0,475
grid-2991210-m3,radiant_nw_adv,3,0.9525384134348466,385
grid-2991210-m3,radiant_xp_adv,1,0.9749244302452501,383
grid-2991210-m3,deaths_radiant,3,0.9986004139855138,385
grid-2991210-m3,deaths_dire,3,0.998345358606798,385
grid-2991212-m1,radiant_nw_adv,2,0.7350620354992369,336
grid-2991212-m1,radiant_xp_adv,1,0.9591476471429772,335
grid-2991212-m1,deaths_radiant,3,0.9983889321398765,337
grid-2991212-m1,deaths_dire,2,0.9989885851123204,336
grid-2991212-m2,radiant_nw_adv,2,0.982161153303398,380
grid-2991212-m2,radiant_xp_adv,2,0.9815917720908163,380
grid-2991212-m2,deaths_radiant,2,0.9994537220347546,380
grid-2991212-m2,deaths_dire,1,0.9987428097230088,380
grid-2991212-m3,radiant_nw_adv,4,0.9904249876271933,353
grid-2991212-m3,radiant_xp_adv,2,0.9866713401491503,353
grid-2991212-m3,deaths_radiant,3,1.0,353
grid-2991212-m3,deaths_dire,2,0.9994715143068844,353
grid-2991213-m1,radiant_nw_adv,3,0.9833438463251628,379
grid-2991213-m1,radiant_xp_adv,2,0.9851525112119739,379
grid-2991213-m1,deaths_radiant,3,0.9983639177434562,379
grid-2991213-m1,deaths_dire,3,0.9990069433852845,379
grid-2991213-m2,radiant_nw_adv,3,0.9951037929457793,405
grid-2991213-m2,radiant_xp_adv,2,0.9945987728987937,404
grid-2991213-m2,deaths_radiant,1,0.9986712366059726,404
grid-2991213-m2,deaths_dire,3,0.9993818282636332,405
grid-2991214-m1,radiant_nw_adv,3,0.9482199821378767,487
grid-2991214-m1,radiant_xp_adv,2,0.973219746502548,486
grid-2991214-m1,deaths_radiant,3,1.0,487
grid-2991214-m1,deaths_dire,2,0.9987871600897853,486
grid-2991214-m2,radiant_nw_adv,3,0.979158618101378,363
grid-2991214-m2,radiant_xp_adv,2,0.969557056443235,362
grid-2991214-m2,deaths_radiant,2,0.9990882152473406,362
grid-2991214-m2,deaths_dire,3,0.99916823949483,363
grid-2991214-m3,radiant_nw_adv,3,0.9769573524450181,374
grid-2991214-m3,radiant_xp_adv,2,0.9456489594845295,373
grid-2991214-m3,deaths_radiant,3,0.9991951227342524,374
grid-2991214-m3,deaths_dire,5,1.0,374
grid-2991216-m1,radiant_nw_adv,3,0.8340021553017476,359
grid-2991216-m1,radiant_xp_adv,2,0.9034700016342371,358
grid-2991216-m1,deaths_radiant,1,0.9938564733253776,357
grid-2991216-m1,deaths_dire,2,0.9985425355011233,358
grid-2991216-m2,radiant_nw_adv,3,0.9869634513386765,315
grid-2991216-m2,radiant_xp_adv,2,0.9344033496066559,314
grid-2991216-m2,deaths_radiant,3,1.0,315
grid-2991216-m2,deaths_dire,0,-2.0,0
grid-2991216-m3,radiant_nw_adv,2,0.9294774922137681,370
grid-2991216-m3,radiant_xp_adv,1,0.9404518086108552,370
grid-2991216-m3,deaths_radiant,2,0.999306268966297,370
grid-2991216-m3,deaths_dire,3,0.9969634520114922,370
grid-2991217-m1,radiant_nw_adv,2,0.997022738409439,396
grid-2991217-m1,radiant_xp_adv,2,0.9926256797479537,396
grid-2991217-m1,deaths_radiant,2,0.9992166297629916,396
grid-2991217-m1,deaths_dire,3,0.9999999999999999,396
grid-2991217-m2,radiant_nw_adv,2,0.8436853412417975,341
grid-2991217-m2,radiant_xp_adv,1,0.9060923771301518,342
grid-2991217-m2,deaths_radiant,2,0.9993384997433201,341
grid-2991217-m2,deaths_dire,3,0.9969411839272323,340
grid-2991218-m1,radiant_nw_adv,3,0.9376954975718633,349
grid-2991218-m1,radiant_xp_adv,1,0.9479347431898029,349
grid-2991218-m1,deaths_radiant,3,0.9996682145035771,349
grid-2991218-m1,deaths_dire,3,0.9993453285031165,349
grid-2991218-m2,radiant_nw_adv,6,0.9479534980889552,331
grid-2991218-m2,radiant_xp_adv,2,0.9368843956067906,334
grid-2991218-m2,deaths_radiant,2,0.9989629602995445,334
grid-2991218-m2,deaths_dire,3,0.9979580104545395,333
grid-2994622-m1,radiant_nw_adv,3,0.9724710446969226,322
grid-2994622-m1,radiant_xp_adv,2,0.9610361618563563,321
grid-2994622-m1,deaths_radiant,3,0.9979280145939842,322
grid-2994622-m1,deaths_dire,1,0.9851428382004185,321
grid-2994622-m2,radiant_nw_adv,-9,0.7764261838734817,344
grid-2994622-m2,radiant_xp_adv,2,0.870045113968843,355
grid-2994622-m2,deaths_radiant,2,0.9970258082224609,355
grid-2994622-m2,deaths_dire,2,1.0,355
grid-2996948-m1,radiant_nw_adv,2,0.921635906320016,322
grid-2996948-m1,radiant_xp_adv,1,0.9431146401288382,322
grid-2996948-m1,deaths_radiant,2,1.0,322
grid-2996948-m1,deaths_dire,1,0.9999999999999999,322
grid-2996948-m2,radiant_nw_adv,2,0.9899622212563471,451
grid-2996948-m2,radiant_xp_adv,2,0.9402250541303983,451
grid-2996948-m2,deaths_radiant,2,0.9984756485188597,451
grid-2996948-m2,deaths_dire,2,0.9986518929796473,451
grid-2996948-m3,radiant_nw_adv,3,0.9362574537368682,348
grid-2996948-m3,radiant_xp_adv,2,0.9509792635155008,348
grid-2996948-m3,deaths_radiant,4,0.9994621531845836,347
grid-2996948-m3,deaths_dire,2,0.9994798861421805,348
grid-2996948-m4,radiant_nw_adv,5,0.9419393306714692,371
grid-2996948-m4,radiant_xp_adv,2,0.9552409360877026,370
grid-2996948-m4,deaths_radiant,3,0.9984144713454058,371
grid-2996948-m4,deaths_dire,3,1.0,371
grid-2996948-m5,radiant_nw_adv,4,0.8069222294933672,304
grid-2996948-m5,radiant_xp_adv,1,0.9169849784551483,305
grid-2996948-m5,deaths_radiant,3,0.9981762125895631,305
grid-2996948-m5,deaths_dire,1,0.9951039748431155,305
grid-2996949-m1,radiant_nw_adv,1,0.894726296722681,369
grid-2996949-m1,radiant_xp_adv,-3,0.9142083119255051,367
grid-2996949-m1,deaths_radiant,-3,0.998331218558406,367
grid-2996949-m1,deaths_dire,-2,0.9966553679256562,368
grid-2996949-m2,radiant_nw_adv,2,0.9728559581632926,399
grid-2996949-m2,radiant_xp_adv,1,0.9501990956152906,398
grid-2996949-m2,deaths_radiant,3,0.9971009133907286,400
grid-2996949-m2,deaths_dire,2,0.9992040759339201,399
grid-2996949-m4,radiant_nw_adv,-5,0.9509297689949574,425
grid-2996949-m4,radiant_xp_adv,-7,0.9664174743099406,425
grid-2996949-m4,deaths_radiant,-7,0.9977718195716537,425
grid-2996949-m4,deaths_dire,-6,0.9990360394053222,425
grid-2998724-m3,radiant_nw_adv,3,0.9805999537240823,464
grid-2998724-m3,radiant_xp_adv,3,0.9727743899167042,464
grid-2998724-m3,deaths_radiant,3,0.9988413370949284,464
grid-2998724-m3,deaths_dire,3,0.9991832836177337,464
grid-2998724-m4,radiant_nw_adv,3,0.9618107518724195,403
grid-2998724-m4,radiant_xp_adv,2,0.9157713949879398,404
grid-2998724-m4,deaths_radiant,4,0.9985283208094047,402
grid-2998724-m4,deaths_dire,1,0.9915881736512809,404
grid-2999024-m1,radiant_nw_adv,3,0.7214949248256658,385
grid-2999024-m1,radiant_xp_adv,2,0.9229419276108694,384
grid-2999024-m1,deaths_radiant,3,0.9989542684259658,385
grid-2999024-m1,deaths_dire,2,0.9996888432984244,384
grid-2999024-m2,radiant_nw_adv,3,0.9954990130282544,553
grid-2999024-m2,radiant_xp_adv,2,0.994563376280777,553
grid-2999024-m2,deaths_radiant,2,0.9997746633214498,553
grid-2999024-m2,deaths_dire,3,0.9979578262665227,553
grid-2999024-m4,radiant_nw_adv,2,0.9976907118264654,373
grid-2999024-m4,radiant_xp_adv,2,0.9850502963644244,373
grid-2999024-m4,deaths_radiant,2,0.9992637420636453,373
grid-2999024-m4,deaths_dire,0,0.997273093096896,372
grid-2999024-m5,radiant_nw_adv,1,0.9551540586598413,327
grid-2999024-m5,radiant_xp_adv,2,0.9140324004276822,327
grid-2999024-m5,deaths_radiant,1,1.0,327
grid-2999024-m5,deaths_dire,3,0.9971188888602877,327
grid-3000371-m1,radiant_nw_adv,3,0.9253968985696015,347
grid-3000371-m1,radiant_xp_adv,2,0.9588637339464733,347
grid-3000371-m1,deaths_radiant,3,0.9970466889561178,347
grid-3000371-m1,deaths_dire,3,0.9984321453616635,347
grid-3000371-m2,radiant_nw_adv,3,0.9378434828725402,439
grid-3000371-m2,radiant_xp_adv,2,0.9670131852693815,440
grid-3000371-m2,deaths_radiant,3,0.9999999999999999,439
grid-3000371-m2,deaths_dire,3,0.9989298478670101,439
grid-3000371-m3,radiant_nw_adv,3,0.9526763889145289,317
grid-3000371-m3,radiant_xp_adv,1,0.9479778076119149,317
grid-3000371-m3,deaths_radiant,1,0.9975804007701226,317
grid-3000371-m3,deaths_dire,3,0.9943600657927498,317
grid-3000372-m1,radiant_nw_adv,4,0.9244014917550671,325
grid-3000372-m1,radiant_xp_adv,1,0.9400052876772549,326
grid-3000372-m1,deaths_radiant,0,-2.0,0
grid-3000372-m1,deaths_dire,0,-2.0,0
grid-3000372-m2,radiant_nw_adv,2,0.9634377478654352,317
grid-3000372-m2,radiant_xp_adv,1,0.9649162791953588,317
grid-3000372-m2,deaths_radiant,1,0.9980965748845436,317
grid-3000372-m2,deaths_dire,1,0.9988276277995247,317
grid-3000372-m3,radiant_nw_adv,5,0.8807141237824836,408
grid-3000372-m3,radiant_xp_adv,1,0.9697343723578692,408
grid-3000372-m3,deaths_radiant,0,-2.0,0
grid-3000372-m3,deaths_dire,0,-2.0,0
grid-3000372-m4,radiant_nw_adv,3,0.9467373078427019,286
grid-3000372-m4,radiant_xp_adv,1,0.8526834864803293,285
grid-3000372-m4,deaths_radiant,0,-2.0,0
grid-3000372-m4,deaths_dire,1,0.9974934041788449,285
grid-3000375-m1,radiant_nw_adv,1,0.9813378939087087,324
grid-3000375-m1,radiant_xp_adv,1,0.9650093264485795,324
grid-3000375-m1,deaths_radiant,-1,0.9999999999999998,322
grid-3000375-m1,deaths_dire,3,0.9999999999999999,325
grid-3000375-m2,radiant_nw_adv,1,0.9479623536026539,311
grid-3000375-m2,radiant_xp_adv,1,0.962943213736793,311
grid-3000375-m2,deaths_radiant,0,-2.0,0
grid-3000375-m2,deaths_dire,-13,1.0,306
grid-3000375-m3,radiant_nw_adv,4,0.9468353692766038,381
grid-3000375-m3,radiant_xp_adv,2,0.9659025290195742,381
grid-3000375-m3,deaths_radiant,2,0.9963699498378851,381
grid-3000375-m3,deaths_dire,2,0.9990743490401256,381
grid-3000375-m4,radiant_nw_adv,2,0.9269902350306063,644
grid-3000375-m4,radiant_xp_adv,2,0.9633831035392035,644
grid-3000375-m4,deaths_radiant,2,0.9994656720463477,644
grid-3000375-m4,deaths_dire,2,0.9992468648334731,644
grid-3000375-m5,radiant_nw_adv,2,0.9478866910529551,306
grid-3000375-m5,radiant_xp_adv,1,0.9548588349790328,305
grid-3000375-m5,deaths_radiant,2,1.0,306
grid-3000375-m5,deaths_dire,0,-2.0,0
grid-3002597-m1,radiant_nw_adv,3,0.9578898394746838,363
grid-3002597-m1,radiant_xp_adv,2,0.944261861855877,363
grid-3002597-m1,deaths_radiant,4,0.9983352066488035,362
grid-3002597-m1,deaths_dire,4,1.0,362
grid-3002597-m2,radiant_nw_adv,5,0.7528431980886099,329
grid-3002597-m2,radiant_xp_adv,1,0.9581347222757964,332
grid-3002597-m2,deaths_radiant,1,0.9979131703051752,332
grid-3002597-m2,deaths_dire,2,0.9968855204913296,332
grid-3002597-m3,radiant_nw_adv,2,0.9495256257186387,385
grid-3002597-m3,radiant_xp_adv,2,0.9277422320529757,385
grid-3002597-m3,deaths_radiant,2,0.9988696659405828,385
grid-3002597-m3,deaths_dire,2,0.9986480074680306,385
grid-3002598-m1,radiant_nw_adv,2,0.9868449243103409,517
grid-3002598-m1,radiant_xp_adv,2,0.9539326298156253,517
grid-3002598-m1,deaths_radiant,3,0.9990281840329147,517
grid-3002598-m1,deaths_dire,1,0.9988963399226987,517
grid-3002598-m2,radiant_nw_adv,5,0.9715487204684511,346
grid-3002598-m2,radiant_xp_adv,1,0.960745719594679,345
grid-3002598-m2,deaths_radiant,3,0.998564388870632,346
grid-3002598-m2,deaths_dire,0,0.9986277470461604,344
grid-3002598-m3,radiant_nw_adv,4,0.9873716271440945,326
grid-3002598-m3,radiant_xp_adv,2,0.96643245302944,327
grid-3002598-m3,deaths_radiant,5,0.9932435507836935,325
grid-3002598-m3,deaths_dire,0,-2.0,0
grid-3002598-m4,radiant_nw_adv,2,0.9922236570320191,363
grid-3002598-m4,radiant_xp_adv,1,0.9739665901148106,363
grid-3002598-m4,deaths_radiant,2,0.998410179972502,363
grid-3002598-m4,deaths_dire,2,0.9993912046947117,363
grid-3002599-m1,radiant_nw_adv,2,0.8596795519901327,507
grid-3002599-m1,radiant_xp_adv,3,0.9676962822647018,508
grid-3002599-m1,deaths_radiant,2,0.999222738830929,507
grid-3002599-m1,deaths_dire,3,0.998748950275699,508
grid-3002599-m2,radiant_nw_adv,5,0.7787645393684295,308
grid-3002599-m2,radiant_xp_adv,2,0.9317399686303298,307
grid-3002599-m2,deaths_radiant,3,0.9962144405552154,307
grid-3002599-m2,deaths_dire,2,0.9985402477419921,307
grid-3002599-m3,radiant_nw_adv,1,0.739073493961816,303
grid-3002599-m3,radiant_xp_adv,2,0.9052341710581888,303
grid-3002599-m3,deaths_radiant,1,0.9999999999999999,303
grid-3002599-m3,deaths_dire,0,-2.0,0
grid-3002599-m4,radiant_nw_adv,2,0.962861814547463,331
grid-3002599-m4,radiant_xp_adv,1,0.9399897830857499,330
grid-3002599-m4,deaths_radiant,2,0.9982353476233942,331
grid-3002599-m4,deaths_dire,2,0.9999999999999998,331
grid-3002600-m1,radiant_nw_adv,2,0.9422776729456572,401
grid-3002600-m1,radiant_xp_adv,3,0.9530239548038936,401
grid-3002600-m1,deaths_radiant,3,0.9993504424328506,401
grid-3002600-m1,deaths_dire,3,0.9987086152715495,401
grid-3002600-m2,radiant_nw_adv,1,0.9293436161752728,318
grid-3002600-m2,radiant_xp_adv,1,0.9265328902922407,318
grid-3002600-m2,deaths_radiant,3,0.9962432654686134,318
grid-3002600-m2,deaths_dire,1,1.0,318
grid-3002600-m3,radiant_nw_adv,2,0.9840046134054271,369
grid-3002600-m3,radiant_xp_adv,1,0.9571709196437492,368
grid-3002600-m3,deaths_radiant,2,0.9994521848092649,369
grid-3002600-m3,deaths_dire,2,0.9993423256347742,369
grid-3002600-m4,radiant_nw_adv,3,0.8977835361619545,356
grid-3002600-m4,radiant_xp_adv,2,0.9479744042418518,356
grid-3002600-m4,deaths_radiant,3,0.9989616963384164,356
grid-3002600-m4,deaths_dire,3,0.9990838432514098,356
grid-3002600-m5,radiant_nw_adv,5,0.9477476576801414,349
grid-3002600-m5,radiant_xp_adv,1,0.9741461516126849,347
grid-3002600-m5,deaths_radiant,2,1.0,348
grid-3002600-m5,deaths_dire,4,0.9961528825470781,349
grid-3002601-m2,radiant_nw_adv,0,0.9616924651319793,338
grid-3002601-m2,radiant_xp_adv,0,0.9597619721173959,338
grid-3002601-m2,deaths_radiant,1,0.9976594827245745,339
grid-3002601-m2,deaths_dire,0,-2.0,0
grid-3002601-m3,radiant_nw_adv,2,0.9697336340468474,448
grid-3002601-m3,radiant_xp_adv,2,0.9782656755963435,448
grid-3002601-m3,deaths_radiant,2,0.9990427755393022,448
grid-3002601-m3,deaths_dire,2,0.9986669834748638,448
grid-3002601-m4,radiant_nw_adv,2,0.9602817761579854,320
grid-3002601-m4,radiant_xp_adv,2,0.9539407209185262,320
grid-3002601-m4,deaths_radiant,-1,1.0,317
grid-3002601-m4,deaths_dire,1,0.9971013099472581,319
grid-3002601-m5,radiant_nw_adv,2,0.9684230720789216,409
grid-3002601-m5,radiant_xp_adv,1,0.946806671192309,408
grid-3002601-m5,deaths_radiant,2,0.9992819454265361,409
grid-3002601-m5,deaths_dire,0,0.9958209876875201,407
grid-3002602-m1,radiant_nw_adv,2,0.9150146796053017,308
grid-3002602-m1,radiant_xp_adv,1,0.9449452672264527,308
grid-3002602-m1,deaths_radiant,2,1.0,308
grid-3002602-m1,deaths_dire,3,0.9999999999999998,308
grid-3002602-m2,radiant_nw_adv,3,0.9797879629548376,480
grid-3002602-m2,radiant_xp_adv,1,0.9730764495854908,479
grid-3002602-m2,deaths_radiant,3,0.9976161839174763,480
grid-3002602-m2,deaths_dire,3,0.9986328202518715,480
grid-3002602-m3,radiant_nw_adv,2,0.9886818294555096,396
grid-3002602-m3,radiant_xp_adv,2,0.9434648690728944,396
grid-3002602-m3,deaths_radiant,2,0.9989997022479644,396
grid-3002602-m3,deaths_dire,2,0.9987171591711146,396
grid-3002602-m4,radiant_nw_adv,3,0.9658186163790833,405
grid-3002602-m4,radiant_xp_adv,2,0.9661274821091828,405
grid-3002602-m4,deaths_radiant,2,0.9984127383565204,405
grid-3002602-m4,deaths_dire,1,0.9967941243907112,405
grid-3002603-m1,radiant_nw_adv,2,0.9800313718860818,427
grid-3002603-m1,radiant_xp_adv,1,0.9386171313575785,426
grid-3002603-m1,deaths_radiant,2,0.9995416056061274,427
grid-3002603-m1,deaths_dire,2,0.9958624251029008,427
grid-3002603-m2,radiant_nw_adv,4,0.9879106688943161,379
grid-3002603-m2,radiant_xp_adv,2,0.9345090539758956,379
grid-3002603-m2,deaths_radiant,2,0.9958701683593031,379
grid-3002603-m2,deaths_dire,0,-2.0,0
grid-3002603-m3,radiant_nw_adv,4,0.9574437639487163,386
grid-3002603-m3,radiant_xp_adv,2,0.9820172080265894,386
grid-3002603-m3,deaths_radiant,3,0.9999999999999998,386
grid-3002603-m3,deaths_dire,2,0.99884663707932,386
grid-3004386-m1,radiant_nw_adv,2,0.9927265898991635,340
grid-3004386-m1,radiant_xp_adv,2,0.9697622177524555,340
grid-3004386-m1,deaths_radiant,2,0.9988722175995277,340
grid-3004386-m1,deaths_dire,2,0.9989249085857258,340
grid-3004386-m2,radiant_nw_adv,3,0.8228032298258156,306
grid-3004386-m2,radiant_xp_adv,1,0.8962152469477228,304
grid-3004386-m2,deaths_radiant,2,0.9999999999999999,305
grid-3004386-m2,deaths_dire,2,0.9972709281507154,305
grid-3004386-m3,radiant_nw_adv,1,0.9962016760671475,354
grid-3004386-m3,radiant_xp_adv,2,0.9914306141463957,353
grid-3004386-m3,deaths_radiant,3,0.9995789201722741,352
grid-3004386-m3,deaths_dire,0,-2.0,0
grid-3004386-m4,radiant_nw_adv,2,0.9928517565521828,356
grid-3004386-m4,radiant_xp_adv,1,0.9792717593836215,356
grid-3004386-m4,deaths_radiant,2,0.9991241323680096,356
grid-3004386-m4,deaths_dire,2,0.9992762851003311,356
grid-3004388-m1,radiant_nw_adv,2,0.9493748036120657,330
grid-3004388-m1,radiant_xp_adv,1,0.9325073573642073,330
grid-3004388-m1,deaths_radiant,1,0.9957162944903983,330
grid-3004388-m1,deaths_dire,2,0.9983852232278219,330
grid-3004388-m2,radiant_nw_adv,2,0.9614545151447725,348
grid-3004388-m2,radiant_xp_adv,1,0.9344162296041527,348
grid-3004388-m2,deaths_radiant,2,0.9990253813339487,348
grid-3004388-m2,deaths_dire,2,0.9989667920706309,348
grid-3004388-m3,radiant_nw_adv,3,0.9256207140507006,350
grid-3004388-m3,radiant_xp_adv,1,0.9398451798167359,349
grid-3004388-m3,deaths_radiant,2,0.9982213287079595,350
grid-3004388-m3,deaths_dire,2,0.9984734373401396,350
grid-3004388-m4,radiant_nw_adv,0,0.8557196685265004,346
grid-3004388-m4,radiant_xp_adv,-3,0.9311109320945246,344
grid-3004388-m4,deaths_radiant,-2,0.9967550313561168,344
grid-3004388-m4,deaths_dire,-2,0.9988595765828876,344
grid-3004388-m5,radiant_nw_adv,3,0.9389392966750568,445
grid-3004388-m5,radiant_xp_adv,2,0.9713036793398563,445
grid-3004388-m5,deaths_radiant,3,0.9983665981709088,445
grid-3004388-m5,deaths_dire,2,0.9994666934195459,445
grid-3005559-m1,radiant_nw_adv,2,0.9732319812126703,447
grid-3005559-m1,radiant_xp_adv,2,0.9870839417576438,447
grid-3005559-m1,deaths_radiant,2,0.9991549338496633,447
grid-3005559-m1,deaths_dire,2,0.9987762696269064,447
grid-3005559-m2,radiant_nw_adv,3,0.9634536849576565,68
grid-3005559-m2,radiant_xp_adv,3,0.9526654953903168,68
grid-3005559-m2,deaths_radiant,3,0.9901747696344667,68
grid-3005559-m2,deaths_dire,5,0.9774410973439029,70
grid-3005559-m3,radiant_nw_adv,2,0.9769869853764601,379
grid-3005559-m3,radiant_xp_adv,2,0.9761675975722439,379
grid-3005559-m3,deaths_radiant,2,0.9997654614645103,379
grid-3005559-m3,deaths_dire,2,0.9994022160389799,379
grid-3005560-m1,radiant_nw_adv,4,0.9728642323596853,488
grid-3005560-m1,radiant_xp_adv,2,0.9794861178865674,487
grid-3005560-m1,deaths_radiant,3,0.998450603117765,488
grid-3005560-m1,deaths_dire,3,0.9987803801248015,488
grid-3005560-m2,radiant_nw_adv,3,0.9895794980681722,357
grid-3005560-m2,radiant_xp_adv,2,0.9889647195426502,357
grid-3005560-m2,deaths_radiant,0,-2.0,0
grid-3005560-m2,deaths_dire,2,0.9994905400131118,357
grid-3005560-m3,radiant_nw_adv,4,0.9589920191367766,367
grid-3005560-m3,radiant_xp_adv,2,0.976566203002656,368
grid-3005560-m3,deaths_radiant,2,0.9984588353028055,368
grid-3005560-m3,deaths_dire,3,0.9992045151781095,368
grid-3005562-m1,radiant_nw_adv,1,0.9921950899435547,347
grid-3005562-m1,radiant_xp_adv,1,0.9840991966912849,347
grid-3005562-m1,deaths_radiant,1,0.9994631576956463,347
grid-3005562-m1,deaths_dire,-1,1.0,346
grid-3005562-m2,radiant_nw_adv,2,0.9273483319350434,370
grid-3005562-m2,radiant_xp_adv,2,0.9330916106986625,370
grid-3005562-m2,deaths_radiant,3,0.9987762192540067,370
grid-3005562-m2,deaths_dire,2,0.9990188894277329,370
grid-3005562-m3,radiant_nw_adv,3,0.9806981966042272,388
grid-3005562-m3,radiant_xp_adv,2,0.9544827206568851,388
grid-3005562-m3,deaths_radiant,4,0.9985614241445232,387
grid-3005562-m3,deaths_dire,3,0.9991558569635653,388
grid-3005563-m1,radiant_nw_adv,3,0.9424325628353613,386
grid-3005563-m1,radiant_xp_adv,1,0.9389804108210641,385
grid-3005563-m1,deaths_radiant,2,0.9985714370105161,386
grid-3005563-m1,deaths_dire,2,0.9991230200949909,386
grid-3005563-m2,radiant_nw_adv,3,0.9652062120991046,386
grid-3005563-m2,radiant_xp_adv,2,0.9569577339930769,386
grid-3005563-m2,deaths_radiant,2,0.9985665672975854,386
grid-3005563-m2,deaths_dire,3,0.9976129388386917,386
grid-3005563-m3,radiant_nw_adv,1,0.9660787931105681,400
grid-3005563-m3,radiant_xp_adv,2,0.9344656383676939,401
grid-3005563-m3,deaths_radiant,1,0.9990064194355462,400
grid-3005563-m3,deaths_dire,2,0.9988199097007274,401
grid-3005563-m4,radiant_nw_adv,2,0.9483109090192371,465
grid-3005563-m4,radiant_xp_adv,2,0.9433286631245753,465
grid-3005563-m4,deaths_radiant,3,0.9992292576425483,466
grid-3005563-m4,deaths_dire,2,0.9991427160435816,465
grid-3005569-m1,radiant_nw_adv,3,0.9664376013831883,338
grid-3005569-m1,radiant_xp_adv,1,0.9599258520106512,338
grid-3005569-m1,deaths_radiant,2,0.9988318499017781,338
grid-3005569-m1,deaths_dire,4,0.9953276770681598,339
grid-3005569-m2,radiant_nw_adv,1,0.9794552511571899,361
grid-3005569-m2,radiant_xp_adv,1,0.9550443591500581,361
grid-3005569-m2,deaths_radiant,2,0.9985204355162647,361
grid-3005569-m2,deaths_dire,1,0.9980065074871023,361
grid-3005569-m3,radiant_nw_adv,3,0.9890282565493567,484
grid-3005569-m3,radiant_xp_adv,3,0.9908375481237638,484
grid-3005569-m3,deaths_radiant,3,0.9996374285477513,484
grid-3005569-m3,deaths_dire,3,0.9996650172085988,484
grid-3005570-m1,radiant_nw_adv,1,0.9977642861965667,378
grid-3005570-m1,radiant_xp_adv,1,0.9903326992748381,378
grid-3005570-m1,deaths_radiant,1,0.9983761692838895,378
grid-3005570-m1,deaths_dire,1,0.999544195430845,378
grid-3005570-m2,radiant_nw_adv,2,0.9755608514629002,337
grid-3005570-m2,radiant_xp_adv,2,0.9672326819474792,337
grid-3005570-m2,deaths_radiant,2,0.9985642147466017,337
grid-3005570-m2,deaths_dire,1,0.9993141005817819,336
grid-3005570-m3,radiant_nw_adv,2,0.978169079123088,450
grid-3005570-m3,radiant_xp_adv,2,0.9546307076339091,450
grid-3005570-m3,deaths_radiant,2,0.999144351752737,450
grid-3005570-m3,deaths_dire,1,0.998004047876562,449
grid-3005570-m4,radiant_nw_adv,2,0.9891939207791328,442
grid-3005570-m4,radiant_xp_adv,2,0.9698873431271996,442
grid-3005570-m4,deaths_radiant,2,0.9984803185690727,442
grid-3005570-m4,deaths_dire,2,0.9994956619161621,442
