match,n,med_gap,p90,max_gap,stale_share
grid-2964617-m1,93,3.6080081462860107,13.8996238231659,75.3021068572998,0.17769635871604636
grid-2964617-m2,93,3.6042004823684692,11.165380620956423,75.28196787834167,0.13512788127969813
grid-2964619-m1,94,3.634035110473633,13.469578981399534,50.046605825424194,0.09071579376856485
grid-2964619-m2,117,2.0082534551620483,11.779759526252747,70.57589197158813,0.16213258019200077
grid-2964620-m1,150,2.000725030899048,7.694514513015753,54.07896614074707,0.08543367253409492
grid-2964620-m2,117,2.8113428354263306,9.660989999771118,71.30973291397095,0.10242543132216841
grid-2965523-m1,106,2.4346749782562256,12.509666204452522,167.85810804367065,0.37868572738435535
grid-2965523-m2,32,4.810683965682983,8.408336162567139,20.389310121536255,0.00812835207691899
grid-2965523-m3,87,3.9913545846939087,13.031685948371887,70.46947407722473,0.1298997680346171
grid-2965524-m1,87,3.2023779153823853,16.222071051597595,72.8403992652893,0.16180639929241605
grid-2965524-m2,95,2.4051958322525024,12.822245931625366,76.09500479698181,0.1523289194813481
grid-2965524-m3,115,2.801693558692932,12.059721159935002,117.50815916061401,0.36189568793332133
grid-2965525-m1,94,3.2001590728759766,10.844898509979245,43.110095262527466,0.07807173905549226
grid-2965525-m2,92,4.030689001083374,10.415828943252563,67.34110689163208,0.11525501939985487
grid-2965526-m1,92,3.1911442279815674,14.849426031112671,134.19653606414795,0.28883132183993304
grid-2965526-m2,86,3.21004581451416,14.416281461715698,40.80878400802612,0.18879973711790862
grid-2965526-m3,91,3.4049899578094482,14.857790184020999,76.12168502807617,0.12047702559718379
grid-2965527-m1,81,3.2090113162994385,12.113227391242988,26.029491901397705,0.07752710139309918
grid-2965527-m2,109,3.1961915493011475,9.614071536064149,75.35054802894592,0.14347147323467113
grid-2965527-m3,109,2.8045331239700317,8.92601442337036,34.093416929244995,0.04262040147074947
grid-2965528-m1,101,3.599329948425293,11.591575503349304,70.11258292198181,0.1338461125338519
grid-2965528-m2,107,2.8060845136642456,10.808891534805298,75.31231904029846,0.15803349547915987
grid-2965528-m3,95,2.3943389654159546,12.00237970352173,157.0208818912506,0.3607376990494905
grid-2965529-m1,88,4.006117820739746,11.541819095611578,75.29714584350586,0.13224181775693541
grid-2965529-m2,94,4.004383087158203,11.77384223937988,69.3037440776825,0.1528581319031892
grid-2965529-m3,105,2.8060258626937866,10.723489856719976,70.49543309211731,0.14707812644817211
grid-2965530-m1,80,3.2206618785858154,13.290633296966554,116.1629250049591,0.24656628326133445
grid-2965530-m2,78,4.810043811798096,14.024134540557862,72.89987397193909,0.1270140352072539
grid-2965530-m3,123,2.7985960245132446,9.92798631191254,18.8301899433136,0.008994431848879214
grid-2967260-m1,110,3.197437047958374,9.300255966186525,88.13007307052612,0.17313322844328705
grid-2967260-m2,96,3.215146064758301,11.235572862625123,74.11575293540955,0.12929222583770753
grid-2967260-m3,91,3.19519305229187,12.103514695167549,74.5111768245697,0.1448370960023668
grid-2967261-m2,90,3.606821298599243,10.479636001586915,36.87899899482727,0.07222177805723967
grid-2967261-m4,95,3.9906164407730103,12.011158895492553,27.634493827819824,0.036571125189463295
grid-2967262-m1,74,5.192919969558716,14.983932447433467,26.06550908088684,0.04562106397416857
grid-2967262-m2,100,3.2020020484924316,12.169718980789186,71.29934477806091,0.1694879620163529
grid-2967262-m3,95,3.6032239198684692,12.580742931365968,78.5393180847168,0.1450412220425076
grid-2968611-m1,92,3.5949740409851074,10.820768117904663,34.06419777870178,0.0483417687592683
grid-2968611-m2,93,3.4230844974517822,11.539731359481816,73.31013107299805,0.15076259771982828
grid-2968611-m3,121,2.8010789155960083,10.818040680885314,29.647480726242065,0.042636169769145825
grid-2968611-m4,104,3.5604348182678223,11.149114942550659,205.9430000782013,0.372593245682893
grid-2968612-m1,84,3.61063289642334,13.842826318740842,83.68535614013672,0.2102796099804066
grid-2968612-m2,129,2.399604916572571,8.528737258911132,62.08205485343933,0.08618849736672861
grid-2968612-m3,92,3.200545072555542,12.010792970657349,81.32617616653442,0.18430087080708257
grid-2968612-m4,87,3.1997510194778442,14.43184757232666,133.77575421333313,0.28669217427571614
grid-2968613-m1,82,3.2088937759399414,12.42713212966919,33.250818967819214,0.061815075521115904
grid-2968613-m2,92,3.2044732570648193,15.614934921264648,72.95220398902893,0.1488080276383294
grid-2968613-m3,102,3.2034308910369873,10.790129899978638,88.92758917808533,0.20583307566466155
grid-2968614-m1,88,3.6085281372070312,12.421974039077758,31.637576818466187,0.06242436303032769
grid-2968614-m2,99,3.1995850801467896,9.738699316978453,69.33663487434387,0.14498285717434353
grid-2968614-m3,72,3.613162040710449,16.02630090713501,24.03687024116516,0.04276560854028772
grid-2971822-m2,105,2.802447557449341,9.493879055976869,21.6611909866333,0.010483687012283891
grid-2971823-m1,104,2.794856071472168,11.538779926300048,22.030200719833374,0.018560172010351112
grid-2971823-m2,109,4.009923934936523,9.987075400352477,57.70021319389343,0.12565265187510738
grid-2971824-m1,88,2.8462209701538086,12.977982902526858,71.72143125534058,0.1478717940825003
grid-2971824-m2,93,4.00832998752594,10.810500454902648,70.10936117172241,0.12855730763188114
grid-2971825-m1,82,4.809329032897949,13.212626934051514,113.7231810092926,0.24205528497695922
grid-2971825-m2,89,3.014408826828003,11.339084839820861,38.05728721618652,0.12571493961192942
grid-2971825-m3,84,3.2025043964385986,13.384854745864864,25.25567603111267,0.058919218292942756
grid-2972362-m2,87,2.8179008960723877,12.01543414592743,86.9330050945282,0.22446950232541119
grid-2972362-m3,136,2.804385185241699,7.855122947692874,66.08498692512512,0.09274997578726875
grid-2972363-m1,92,2.830265998840332,11.20241117477417,148.59253692626953,0.32588908230816876
grid-2972363-m2,68,3.1876060962677,19.5536862373352,74.08775496482849,0.2500116458645573
grid-2972363-m3,89,3.4078410863876343,15.443146276473993,147.81624698638916,0.30753190914789835
grid-2973272-m1,114,2.8126401901245117,9.851566743850706,96.09794282913208,0.16852877846470585
grid-2973272-m2,106,3.214369058609009,9.69425969123841,18.015601873397827,0.008277984901710793
grid-2973272-m3,89,3.6067440509796143,15.221384835243224,98.15178894996643,0.23776721821890937
grid-2973272-m4,90,3.2132768630981445,11.620796155929565,102.94586777687073,0.2019815034336514
grid-2973273-m1,98,3.9923510551452637,10.396317958831787,18.42880892753601,0.0075998593259740755
grid-2973273-m2,120,3.184113025665283,11.284875535964968,69.75565695762634,0.1048188085909243
grid-2973273-m3,83,4.2258220911026,13.88564038276673,89.36084508895874,0.20418744484583537
grid-2973273-m4,85,3.6260100603103638,14.287696909904481,89.75357604026794,0.16732543574439154
grid-2973274-m1,81,4.17305052280426,13.264539957046512,163.0627179145813,0.36988093455632526
grid-2973274-m2,83,4.004481673240662,12.00403552055359,94.18206286430359,0.2125031316721881
grid-2973274-m3,99,2.8096100091934204,10.937075924873351,27.273680925369263,0.03366687606882166
grid-2973274-m4,125,2.808958888053894,8.00304319858551,85.74511003494263,0.13453668002729063
grid-2974335-m1,95,3.206593871116638,13.663672757148746,187.07256984710693,0.4224777248170641
grid-2974335-m2,94,3.2047019004821777,15.11555294990539,141.76834201812744,0.3771488776913396
grid-2974335-m3,80,4.0047218799591064,12.110919618606568,49.273115158081055,0.10037784134900128
grid-2974337-m1,77,3.8052542209625244,15.816341638565063,72.50501894950867,0.1783598891010991
grid-2974337-m2,87,3.0026944875717163,12.822697639465332,75.24817395210266,0.19530358932636402
grid-2974337-m3,116,3.1726460456848145,9.443807888031008,58.88300538063049,0.11662277115715874
grid-2975625-m1,102,2.8072519302368164,11.208070039749146,38.05626702308655,0.07133064799838595
grid-2975625-m2,95,4.02266001701355,10.707717895507814,72.55487012863159,0.12118659990805167
grid-2975625-m3,92,3.991419792175293,13.218199968338013,69.31726002693176,0.11670001568617644
grid-2975625-m4,129,3.207877278327942,8.00145444869995,52.05919098854065,0.07428077591790093
grid-2975625-m5,129,2.400818943977356,11.4584837436676,177.88362431526184,0.8779989427990383
grid-2975627-m1,109,3.603335976600647,10.150334548950195,55.27782869338989,0.09287702904807196
grid-2975627-m2,94,3.990845203399658,12.976511144638058,70.93481421470642,0.13077113363477919
grid-2975627-m3,92,3.201413154602051,15.622023105621338,69.67153215408325,0.23941211744591043
grid-2975627-m4,95,2.9971249103546143,13.903030252456666,71.28233122825623,0.1299288135987741
grid-2975628-m1,93,3.2057905197143555,12.040190029144288,74.91062307357788,0.13670984462455468
grid-2975628-m2,86,4.0038368701934814,12.82480230331421,70.50353789329529,0.12853307591544258
grid-2975628-m3,96,2.8052978515625,14.173812627792373,69.29723596572876,0.13308142997600414
grid-2975628-m4,137,2.0023938417434692,8.615597367286682,43.669753074645996,0.07291387452019585
grid-2975628-m5,91,3.4033732414245605,14.023613500595093,75.73137497901917,0.15231059039080586
grid-2975629-m1,94,2.80375599861145,13.784587240219112,77.69473195075989,0.16197058271478723
grid-2975629-m2,118,2.785828113555908,10.169807195663454,54.089253187179565,0.13157615705772682
grid-2975629-m3,103,2.994438409805298,10.722714757919316,78.4997022151947,0.18726610475116306
grid-2976630-m1,132,2.013629198074341,9.19351315498352,389.025447845459,0.9900444874057064
grid-2976630-m2,85,3.998208522796631,13.496084952354432,70.90912413597107,0.14049192137188382
grid-2976630-m3,100,2.7904319763183594,11.619001960754394,72.14915895462036,0.15183555196832726
grid-2976631-m1,105,2.0068005323410034,12.987688279151918,25.235132217407227,0.03742691455063996
grid-2976631-m2,108,2.3927688598632812,10.326889085769658,74.09048104286194,0.1723284889150549
grid-2976631-m3,83,3.9883469343185425,16.35217943191529,71.69947075843811,0.15699131135587338
grid-2976631-m4,199,2.0040361881256104,4.911178064346317,42.129875898361206,0.04843607213762072
grid-2976631-m5,87,3.599401116371155,12.612942457199097,116.17983794212341,0.3211325579219394
grid-2977835-m1,83,4.013749003410339,11.216832423210144,46.87963104248047,0.06701351757402774
grid-2977835-m2,89,3.3951873779296875,14.95299732685089,74.88880276679993,0.14585928784476387
grid-2977835-m3,111,2.8096489906311035,11.353304815292368,72.10094904899597,0.11665342560520879
grid-2977837-m1,89,3.602334976196289,14.26831896305084,72.0958161354065,0.1622398014421816
grid-2977837-m2,130,2.8172080516815186,7.666367578506471,135.05337500572205,0.2562319314038312
grid-2977837-m3,102,2.805751085281372,11.618000745773315,72.92638897895813,0.13671860385824133
grid-2978288-m1,83,3.79873788356781,13.576647663116457,70.50677609443665,0.17013198490496034
grid-2978288-m2,91,3.9977495670318604,12.960533976554881,70.8471188545227,0.12858097288343642
grid-2978288-m3,94,3.610307216644287,10.739656543731689,78.87777733802795,0.16178148013574106
grid-2980509-m1,104,2.8055930137634277,12.002976131439208,71.26175594329834,0.13091443291416874
grid-2980509-m2,82,4.4033730030059814,13.257562160491943,71.21478009223938,0.1572930901138871
grid-2980509-m3,123,3.3317339420318604,8.013628363609314,51.69030284881592,0.08025585942798191
grid-2984640-m1,106,2.8332102298736572,9.635621976852418,28.870763063430786,0.05063814851972792
grid-2984640-m2,88,4.398968935012817,11.800062751770021,83.752610206604,0.1501297774138274
grid-2984640-m3,90,2.808143138885498,12.89740595817566,26.84284281730652,0.06411940521664089
grid-2984645-m1,115,2.011818051338196,10.568828535079959,70.12133002281189,0.1339096192960386
grid-2984645-m2,92,2.424820899963379,12.01694393157959,36.903911113739014,0.09937156129766393
grid-2984646-m1,108,3.2105071544647217,10.820634412765504,52.0731360912323,0.10923670265409681
grid-2984646-m2,92,3.1923470497131348,10.823314905166626,42.52316999435425,0.10355875227186415
grid-2987004-m1,81,3.785110592842102,14.07222738265992,69.5812029838562,0.17005923280009516
grid-2987004-m2,132,2.8116719722747803,8.007719993591309,56.5060498714447,0.07958303115986011
grid-2987004-m3,105,3.1866852045059204,12.244706916809088,38.05796504020691,0.06745906538433499
grid-2987004-m4,99,2.8821619749069214,12.255403304100035,24.03606081008911,0.03559547265370687
grid-2987005-m1,130,2.805272102355957,9.692771673202516,55.29778003692627,0.08033269820389924
grid-2987005-m2,90,3.988945722579956,10.702530860900882,42.093888998031616,0.11084446509679159
grid-2987005-m3,89,3.3948060274124146,16.907574772834778,36.4571430683136,0.09620709066037779
grid-2987005-m4,88,3.9813690185546875,12.157411575317385,68.91439890861511,0.15530389459044844
grid-2987006-m1,73,5.207428336143494,14.025146174430848,73.32742214202881,0.1531830138630337
grid-2987006-m2,110,2.8083319664001465,10.79819951057434,72.0913450717926,0.12109848216727928
grid-2987006-m3,83,2.410829544067383,17.02031822204591,72.11081886291504,0.21110708448621962
grid-2987006-m4,87,2.8354512453079224,15.010685563087463,68.12796020507812,0.1325477578021862
grid-2987017-m1,90,3.987246036529541,12.010935258865356,26.066998958587646,0.04257773690753513
grid-2987017-m2,105,3.1898398399353027,11.215074276924133,52.86989378929138,0.08698172701729669
grid-2987017-m3,89,3.6041524410247803,12.933374881744383,68.90047001838684,0.14119293292363486
grid-2987018-m1,122,2.805593729019165,10.785697937011719,36.45202827453613,0.05282037434754548
grid-2987018-m2,114,2.4202630519866943,9.543604135513304,71.33961272239685,0.13450088810037683
grid-2987018-m4,85,3.99481737613678,12.294141364097596,26.078495979309082,0.050767721953215425
grid-2987018-m5,87,3.790720582008362,15.035138368606567,48.502124071121216,0.1517788123201441
grid-2987019-m1,107,3.196141004562378,10.608927488327026,35.243215799331665,0.10560645041642365
grid-2987019-m2,24,2.8050320148468018,11.60897092819214,439.763130903244,0.7922500349857189
grid-2987019-m3,107,2.6152350902557373,11.191131114959717,64.82152199745178,0.15674602499714604
grid-2987019-m4,87,3.636154294013977,16.435227632522583,38.26263117790222,0.1023895678696809
grid-2987019-m5,85,4.803261399269104,11.215223169326782,68.91504096984863,0.13460347166767828
grid-2987020-m1,108,3.1816909313201904,12.021141958236695,38.4623019695282,0.11518699637165776
grid-2987020-m2,87,3.4100170135498047,13.223867893218994,76.08761286735535,0.13363767597410414
grid-2987020-m3,80,4.007760047912598,11.805146312713624,69.30588269233704,0.15378268515622173
grid-2987020-m4,107,2.0108529329299927,12.648326396942139,74.11397886276245,0.14120749323456375
grid-2987021-m1,125,3.1831159591674805,8.609386897087099,54.50331115722656,0.07136480764106468
grid-2987021-m2,99,3.6068880558013916,11.167182421684265,71.31097602844238,0.11520194786566275
grid-2987021-m3,74,4.810855150222778,14.183037853240963,70.50312900543213,0.19451234693880434
grid-2987021-m4,110,2.406820058822632,12.500872945785524,67.73277592658997,0.12795922535437124
grid-2991209-m2,97,3.210417151451111,10.222881078720093,72.52297592163086,0.14570871944780703
grid-2991210-m1,94,3.6345701217651367,14.262125873565672,82.09648013114929,0.19016473514062388
grid-2991210-m2,133,2.40568745136261,8.733046650886541,140.6913549900055,0.25617429459536517
grid-2991210-m3,83,4.001054286956787,12.03427312374115,70.87259602546692,0.19237422634054113
grid-2991212-m1,94,2.8192052841186523,13.822660160064695,74.09028601646423,0.18430982342472782
grid-2991212-m2,92,3.213953971862793,10.807404041290283,85.3287422657013,0.15605540010664198
grid-2991212-m3,98,2.811206102371216,10.488660049438483,28.32703995704651,0.05128349551448116
grid-2991213-m1,100,2.4112110137939453,11.311614322662354,71.7413101196289,0.1701509647899204
grid-2991213-m2,101,3.945880889892578,10.449488949775699,49.15980911254883,0.08828884098264907
grid-2991214-m1,128,2.7969448566436768,10.004249572753906,76.12329316139221,0.18648637179975155
grid-2991214-m2,93,3.2020870447158813,11.94327077865601,70.91207695007324,0.17095528531957555
grid-2991214-m3,100,3.5896480083465576,11.212236595153808,65.67922520637512,0.13147196460653235
grid-2991216-m1,91,3.0219409465789795,11.693302798271185,70.075838804245,0.17233189388557715
grid-2991216-m2,79,3.587544083595276,14.390132093429562,25.244204998016357,0.04781804261384187
grid-2991216-m3,113,2.410655379295349,10.821893310546875,72.10122203826904,0.1543058744183293
grid-2991217-m1,91,3.6049394607543945,14.028018975257874,61.2663631439209,0.1285892336456864
grid-2991217-m2,90,4.001115083694458,12.911852169036866,73.2893340587616,0.20802685022354125
grid-2991218-m1,88,3.1893539428710938,13.767692518234256,72.08362102508545,0.20452730346609044
grid-2991218-m2,90,3.2017860412597656,15.060865879058841,72.91421008110046,0.15992267970685606
grid-2994622-m1,83,4.00395143032074,12.044828939437867,26.842639207839966,0.04543501403596666
grid-2994622-m2,84,4.801417827606201,13.042866182327268,21.22158908843994,0.021671061604111284
grid-2996948-m1,86,3.2347609996795654,17.70703754425051,270.73942708969116,0.5948438821015535
grid-2996948-m2,105,3.2099461555480957,11.506811499595644,38.87437176704407,0.0862087368965149
grid-2996948-m3,89,3.4015380144119263,13.055961036682127,75.31156706809998,0.16492152964627302
grid-2996948-m4,96,3.606170177459717,11.853356170654301,70.93149423599243,0.14051062354335078
grid-2996948-m5,80,4.001740217208862,13.383791399002078,68.52576017379761,0.11859888765547011
grid-2996949-m1,100,2.804713010787964,14.014299201965333,46.46868681907654,0.15463129811816745
grid-2996949-m2,101,2.8447118997573853,10.475471878051762,72.43156099319458,0.14701020938378792
grid-2996949-m4,116,2.4468460083007812,9.687692499160773,738.3401081562042,1.0
grid-2998724-m3,116,3.1964099407196045,10.871275901794434,130.62318801879883,0.28439080980088977
grid-2998724-m4,106,3.1507978439331055,11.628743505477905,77.36438512802124,0.23688477719271625
grid-2999024-m1,90,3.2102890014648438,11.05661659240723,74.09314489364624,0.18197728130552504
grid-2999024-m2,158,2.4221928119659424,7.208306789398193,22.072433948516846,0.015012253655327691
grid-2999024-m4,93,3.8109710216522217,12.03267526626587,72.50801992416382,0.12717152613180654
grid-2999024-m5,80,3.9809460639953613,15.781609582901003,77.72009706497192,0.19320423779664217
grid-3000371-m1,95,3.2040936946868896,12.852744054794314,125.79013085365295,0.32591786561188874
grid-3000371-m2,125,2.8386313915252686,9.605743288993839,62.924614906311035,0.11130557943273474
grid-3000371-m3,85,4.007112979888916,14.015792226791381,76.08922696113586,0.20193981285448429
grid-3000372-m1,89,4.001532196998596,13.461267495155333,66.45593094825745,0.10694577914697152
grid-3000372-m2,98,2.805734872817993,10.49418988227845,71.70218992233276,0.18749287923177083
grid-3000372-m3,106,3.6175191402435303,9.680869770050055,58.11752104759216,0.10400859823933355
grid-3000372-m4,72,3.1818041801452637,13.60163426399231,102.57129383087158,0.3808235217023779
grid-3000375-m1,83,4.4045222997665405,11.924672698974614,71.21409797668457,0.16474010944366455
grid-3000375-m2,89,3.606737971305847,13.305266165733332,74.0148549079895,0.15881525189788254
grid-3000375-m3,115,2.0023324489593506,10.001071953773499,28.84415078163147,0.04623184027495208
grid-3000375-m4,203,2.0073055028915405,4.02892963886261,115.78856992721558,0.18858365924270065
grid-3000375-m5,81,4.606147885322571,12.101434993743903,68.07221984863281,0.14558915341341938
grid-3002597-m1,83,3.2135138511657715,16.39235315322876,74.40970921516418,0.16050202405011213
grid-3002597-m2,102,3.96999192237854,10.82324504852295,73.38752794265747,0.13305751085281373
grid-3002597-m3,97,4.0020469427108765,10.202298521995544,71.30624508857727,0.12045615205058345
grid-3002598-m1,141,2.006868362426758,9.201978063583374,332.1150212287903,0.6625473852510806
grid-3002598-m2,82,3.998318910598755,13.608050107955933,73.00740623474121,0.19629591791718096
grid-3002598-m3,84,3.6178369522094727,15.295057344436641,72.52947807312012,0.1561194477257905
grid-3002598-m4,97,2.822589874267578,13.028536558151245,76.46757292747498,0.1470928978036951
grid-3002599-m1,128,3.1984641551971436,8.576261329650881,26.04029893875122,0.02773932483461168
grid-3002599-m2,81,3.6023712158203125,11.068460631370565,40.08946394920349,0.12787136413432934
grid-3002599-m3,78,4.021580934524536,13.123049688339238,40.841832876205444,0.09606824495174267
grid-3002599-m4,88,3.606470823287964,11.540045261383062,72.9303469657898,0.14344078125777068
grid-3002600-m1,95,3.2069884538650513,12.272184205055238,38.049580097198486,0.07437399625778199
grid-3002600-m2,81,4.221955180168152,13.742552018165599,69.22521924972534,0.1298465366716738
grid-3002600-m3,96,3.1974759101867676,13.617698526382455,73.70695090293884,0.14862944903197112
grid-3002600-m4,86,3.9870991706848145,13.665062236785898,75.40429067611694,0.17747361836610018
grid-3002600-m5,87,4.389593482017517,11.574767589569092,21.22988271713257,0.020926658753995544
grid-3002601-m2,85,4.001578450202942,15.617240858078002,243.56009912490845,0.6066236390007866
grid-3002601-m3,112,3.2313790321350098,9.981298923492432,38.96614098548889,0.06841084250697384
grid-3002601-m4,85,3.23078453540802,14.970930838584902,70.51989102363586,0.16600504804540564
grid-3002601-m5,106,2.4066131114959717,11.472191715240482,72.04526162147522,0.13225749024638422
grid-3002602-m1,77,4.800854921340942,15.231588363647461,74.01932191848755,0.17750345336066353
grid-3002602-m2,117,3.561701536178589,9.6152024269104,46.86832571029663,0.06405836476220025
grid-3002602-m3,141,1.7974746227264404,10.00493257045746,63.66995668411255,0.10169729126824273
grid-3002602-m4,107,2.8136619329452515,9.801597237586975,68.50355505943298,0.17747422191831802
grid-3002603-m1,110,2.8123390674591064,10.814597892761231,57.28244590759277,0.09518743488523695
grid-3002603-m2,95,3.5872745513916016,12.692300629615785,72.48565793037415,0.15018016673900464
grid-3002603-m3,97,3.406783938407898,12.219802379608154,62.028810024261475,0.10105300082100763
grid-3004386-m1,86,3.203404188156128,16.626781272888213,120.63158392906189,0.41757792720088255
grid-3004386-m2,84,2.006134033203125,13.930093908309935,40.06998562812805,0.09075996566701819
grid-3004386-m3,80,3.202331066131592,12.013113164901734,106.5852439403534,0.25642969564155293
grid-3004386-m4,95,3.2000808715820312,12.018134808540344,71.32109904289246,0.11235452713789763
grid-3004388-m1,91,2.816710352897644,13.645440936088566,30.058857917785645,0.04554380973180135
grid-3004388-m2,91,4.000446557998657,12.23000383377077,69.3194968700409,0.15914637247721355
grid-3004388-m3,82,3.9982101917266846,12.414734125137329,26.43409824371338,0.0840777074849164
grid-3004388-m4,93,3.206063985824585,14.612944555282604,163.8432810306549,0.4453265534506904
grid-3004388-m5,129,2.806488513946533,8.2707466840744,27.61311984062195,0.03638484522148415
grid-3005559-m1,115,2.805698037147522,10.025387024879455,174.6870152950287,0.5715456101629469
grid-3005559-m3,103,3.6038124561309814,10.376066327095034,58.50542712211609,0.11383324508313779
grid-3005560-m1,122,3.203871011734009,8.81558895111084,50.86202621459961,0.1165386818073414
grid-3005560-m2,79,4.225713014602661,14.433143877983094,74.08766913414001,0.17597842658007587
grid-3005560-m3,85,3.399020552635193,15.08993332386017,75.0191912651062,0.25069448241481074
grid-3005562-m1,97,3.1960304975509644,11.602734327316284,26.031723022460938,0.04170593906331945
grid-3005562-m2,96,2.8336341381073,12.035471868515016,74.106684923172,0.13750342616328487
grid-3005562-m3,96,3.2029929161071777,12.020752573013306,63.620689153671265,0.10094598752480965
grid-3005563-m1,118,3.1992781162261963,10.015730571746825,47.66085720062256,0.07507551157916034
grid-3005563-m2,97,4.00363290309906,11.987751364707947,136.96887922286987,0.2612740516662598
grid-3005563-m3,94,2.8042259216308594,13.138761091232299,69.66356897354126,0.13594040208392674
grid-3005563-m4,119,2.8099089860916138,9.6069899559021,57.27165699005127,0.09511118288393373
grid-3005569-m1,87,4.005221009254456,12.623158574104309,74.10280418395996,0.14864585973598338
grid-3005569-m2,99,3.4040404558181763,13.064254283905028,46.46243476867676,0.09078167941835191
grid-3005569-m3,129,2.2358003854751587,9.011991691589353,19.194716930389404,0.0059647334946526425
grid-3005570-m1,99,3.2050446271896362,10.612368345260615,23.63262915611267,0.04399418919174759
grid-3005570-m2,90,3.602267265319824,11.966132640838623,25.237112998962402,0.029099779658847386
grid-3005570-m3,113,2.5886266231536865,11.122088408470155,70.09674096107483,0.1507797537026582
grid-3005570-m4,124,3.2049949169158936,8.01697497367859,63.71638798713684,0.08990665011935764
