match,xp_step_offset,n,sd
grid-2964617-m1,3.0,39,10.40431812443521
grid-2964617-m2,2.0,32,0.7071067811865476
grid-2964619-m1,2.0,38,1.1275939624015026
grid-2964619-m2,3.0,37,2.007291311094826
grid-2964620-m1,2.0,36,9.133272505880171
grid-2964620-m2,2.0,41,0.7194088392074451
grid-2965523-m1,2.0,35,2.418635135436378
grid-2965523-m2,1.0,18,10.474690248521393
grid-2965523-m3,2.0,42,0.8984743935292003
grid-2965524-m1,2.0,35,3.053268573118296
grid-2965524-m2,3.0,42,1.9424836242258228
grid-2965524-m3,3.0,51,3.0252048967690763
grid-2965525-m1,1.0,35,6.44980619863884
grid-2965525-m2,3.0,29,0.7265968105415682
grid-2965526-m1,3.0,37,3.7138321591131205
grid-2965526-m2,3.0,39,3.7507833939559982
grid-2965526-m3,3.0,38,1.4604670447906956
grid-2965527-m1,2.0,32,1.8360538526960477
grid-2965527-m2,3.0,35,3.7521150498004157
grid-2965527-m3,2.0,39,0.9294650748918901
grid-2965528-m1,2.0,46,0.6164107338590359
grid-2965528-m2,3.0,37,7.5036879172435205
grid-2965528-m3,1.0,44,1.4234967422536
grid-2965529-m1,2.0,43,0.9866606249114617
grid-2965529-m2,2.0,36,0.6431020501550125
grid-2965529-m3,2.0,40,9.075241043630744
grid-2965530-m1,3.0,39,1.493355874724209
grid-2965530-m2,2.0,35,0.7362342129557214
grid-2965530-m3,3.0,32,8.27057094462045
grid-2967260-m1,2.0,39,1.1586793361738466
grid-2967260-m2,2.0,36,6.853121754191863
grid-2967260-m3,3.0,42,0.7453559924999299
grid-2967261-m2,2.0,40,1.5147194459701112
grid-2967261-m4,2.5,44,1.5459558010638519
grid-2967262-m1,-1.0,39,0.8619351955882879
grid-2967262-m2,3.0,33,0.7360580485752194
grid-2967262-m3,2.0,44,1.1281521496355325
grid-2968611-m1,2.0,38,9.609588067419162
grid-2968611-m2,3.0,39,1.5806189751202506
grid-2968611-m3,3.0,42,0.816496580927726
grid-2968611-m4,2.5,44,1.2120265114521256
grid-2968612-m1,2.0,37,0.7548237861496724
grid-2968612-m2,2.0,43,0.5855664331169381
grid-2968612-m3,2.0,40,8.123884538815158
grid-2968612-m4,3.0,40,10.086624807139403
grid-2968613-m1,2.0,38,1.2554589938817433
grid-2968613-m2,3.0,34,4.257295793581701
grid-2968613-m3,2.0,44,1.8767553766545209
grid-2968614-m1,2.0,45,2.230650682903041
grid-2968614-m2,3.0,38,0.803817071015856
grid-2968614-m3,2.0,30,0.8055363982396381
grid-2971822-m2,3.0,31,5.385068190587161
grid-2971823-m1,2.0,38,5.168423732446514
grid-2971823-m2,2.0,46,3.4608258681969386
grid-2971824-m1,3.0,46,4.818688021993967
grid-2971824-m2,3.0,40,1.6338222057494507
grid-2971825-m1,1.0,31,2.441404893990258
grid-2971825-m2,2.0,42,2.6178568721713193
grid-2971825-m3,1.0,32,1.2243461265099833
grid-2972362-m2,3.0,35,0.9731077923386515
grid-2972362-m3,3.0,41,0.5802623050424546
grid-2972363-m1,2.0,28,9.72189827772586
grid-2972363-m2,3.0,31,7.498317535880072
grid-2972363-m3,3.0,33,0.5504818825631803
grid-2973272-m1,2.5,30,1.9043809142780934
grid-2973272-m2,2.0,30,1.4067298564006125
grid-2973272-m3,3.0,33,10.305525544547026
grid-2973272-m4,2.0,39,7.8713354914817915
grid-2973273-m1,3.0,33,8.110123592350218
grid-2973273-m2,3.0,33,4.212230214416945
grid-2973273-m3,3.0,34,2.7141816458963124
grid-2973273-m4,2.0,34,3.134251012884052
grid-2973274-m1,3.0,33,3.6964728926004624
grid-2973274-m2,3.0,44,0.9628963711052209
grid-2973274-m3,4.0,40,6.602982280757688
grid-2973274-m4,2.0,33,2.7296286120941926
grid-2974335-m1,3.0,38,9.965487535903842
grid-2974335-m2,2.0,38,1.5550828108099108
grid-2974335-m3,2.0,28,4.5930015529396595
grid-2974337-m1,3.0,36,4.085505846855608
grid-2974337-m2,2.0,31,1.562436263008043
grid-2974337-m3,3.0,35,2.419984820326823
grid-2975625-m1,3.0,40,4.471017781221632
grid-2975625-m2,3.0,39,1.2753671913277833
grid-2975625-m3,2.0,39,0.7466779373621044
grid-2975625-m4,2.0,38,0.6662625737459033
grid-2975625-m5,-3.0,36,3.095571308885496
grid-2975627-m1,2.0,31,4.330757792732493
grid-2975627-m2,2.0,34,4.808801043300549
grid-2975627-m3,2.0,40,2.507987240796891
grid-2975627-m4,2.0,35,1.8450153475386215
grid-2975628-m1,2.5,36,0.7216878364870323
grid-2975628-m2,2.0,33,0.6356417261637282
grid-2975628-m3,2.0,37,0.874941300337224
grid-2975628-m4,2.0,37,2.907384618131936
grid-2975628-m5,2.0,32,2.1612261421470915
grid-2975629-m1,2.0,42,6.625382374623923
grid-2975629-m2,3.0,32,14.111131189153475
grid-2975629-m3,2.0,37,8.358826358179378
grid-2976630-m1,3.0,34,2.053985913166857
grid-2976630-m2,2.0,36,0.97618241060031
grid-2976630-m3,3.0,38,1.115243163179847
grid-2976631-m1,2.0,31,0.8109551670952602
grid-2976631-m2,2.0,43,3.180864908859752
grid-2976631-m3,2.0,36,6.447018164227284
grid-2976631-m4,3.0,35,0.6676183683170241
grid-2976631-m5,2.0,39,0.5969459859909135
grid-2977835-m1,2.0,39,10.009528662070851
grid-2977835-m2,2.0,35,0.7591617288906527
grid-2977835-m3,3.0,39,0.7969369368164131
grid-2977837-m1,3.0,32,5.925316447245666
grid-2977837-m2,2.0,45,1.3480667456091642
grid-2977837-m3,3.0,37,0.8233268222555576
grid-2978288-m1,2.0,33,0.8142441722754185
grid-2978288-m2,3.0,39,0.5629358564128243
grid-2978288-m3,3.0,36,1.228205053857452
grid-2980509-m1,3.0,31,4.506210305959994
grid-2980509-m2,2.0,35,0.7091242083423347
grid-2980509-m3,2.0,28,0.8474150369789052
grid-2984640-m1,2.0,43,1.1473391984692103
grid-2984640-m2,3.0,34,4.665358607251543
grid-2984640-m3,3.0,34,9.829383602592811
grid-2984645-m1,3.0,39,1.793405994876483
grid-2984645-m2,4.0,44,2.986885937444847
grid-2984646-m1,3.0,44,1.268458751125075
grid-2984646-m2,2.0,33,10.97128734495226
grid-2987004-m1,2.5,38,2.1873788055069845
grid-2987004-m2,2.0,40,1.4142135623730951
grid-2987004-m3,2.0,41,4.659111189183054
grid-2987004-m4,2.0,37,0.5994884598059144
grid-2987005-m1,2.0,38,2.1172356932116503
grid-2987005-m2,3.0,30,5.1778373863998475
grid-2987005-m3,3.0,43,7.1597698250767845
grid-2987005-m4,3.0,41,5.890231278075649
grid-2987006-m1,3.0,40,0.7870038119348597
grid-2987006-m2,3.0,38,1.045038402719199
grid-2987006-m3,2.0,34,10.048024819245128
grid-2987006-m4,2.0,29,0.5666095422467236
grid-2987017-m1,4.0,32,8.608680212436747
grid-2987017-m2,2.0,37,0.7480190542215159
grid-2987017-m3,3.0,35,0.7148569144683888
grid-2987018-m1,2.0,39,7.8570395409756575
grid-2987018-m2,3.0,42,0.7711492733667451
grid-2987018-m4,3.0,42,0.8883218145798872
grid-2987018-m5,3.0,36,3.235962085266753
grid-2987019-m1,2.0,28,1.5
grid-2987019-m2,2.0,18,0.9111788592698181
grid-2987019-m3,2.0,36,1.6414763002993507
grid-2987019-m4,2.0,35,2.2314999074019015
grid-2987019-m5,3.0,39,0.7142763219068778
grid-2987020-m1,2.0,33,0.8097205585386296
grid-2987020-m2,3.0,39,6.086490359108338
grid-2987020-m3,3.0,33,3.059855893664082
grid-2987020-m4,2.0,37,0.6174951166916682
grid-2987021-m1,3.0,33,0.8855538906789369
grid-2987021-m2,3.0,40,0.5910795208768445
grid-2987021-m3,3.0,33,0.8656276883082243
grid-2987021-m4,3.0,31,0.8775142263700284
grid-2991209-m2,3.0,44,4.027282987879397
grid-2991210-m1,3.0,42,7.636178657535191
grid-2991210-m2,3.0,44,5.478357116345636
grid-2991210-m3,2.0,49,0.7559289460184545
grid-2991212-m1,2.0,36,1.4390926496654024
grid-2991212-m2,2.0,43,2.4880460555803667
grid-2991212-m3,3.0,54,1.6216132799251588
grid-2991213-m1,3.0,41,2.322330364618076
grid-2991213-m2,3.0,53,3.3966456764273483
grid-2991214-m1,3.0,38,6.914044881290445
grid-2991214-m2,3.0,36,1.320248293146238
grid-2991214-m3,3.0,37,1.0613056170849657
grid-2991216-m1,2.0,35,1.8726822409341646
grid-2991216-m2,3.0,37,3.1397915095043474
grid-2991216-m3,2.0,34,1.2725475089872904
grid-2991217-m1,3.0,41,1.377131142779815
grid-2991217-m2,2.0,33,13.01514269587312
grid-2991218-m1,3.0,42,1.1170194386418952
grid-2991218-m2,2.0,31,2.032002032003048
grid-2994622-m1,3.0,32,0.856386850377795
grid-2994622-m2,2.0,29,10.377878237780235
grid-2996948-m1,2.0,36,0.9949719271429064
grid-2996948-m2,2.0,28,10.225019335344225
grid-2996948-m3,3.0,42,11.565376626290062
grid-2996948-m4,2.0,37,0.7150679219093486
grid-2996948-m5,3.0,27,0.8748897637790901
grid-2996949-m1,1.0,36,8.29821303089845
grid-2996949-m2,2.0,37,12.975056139051626
grid-2996949-m4,-6.0,35,5.732827061969425
grid-2998724-m3,3.0,41,0.632267385210523
grid-2998724-m4,3.0,35,1.019803902718557
grid-2999024-m1,3.0,40,0.6782329983125268
grid-2999024-m2,2.0,53,0.8913971178126578
grid-2999024-m4,2.0,46,1.981483280887972
grid-2999024-m5,2.0,32,1.2103072956898178
grid-3000371-m1,3.0,35,0.7698396334461416
grid-3000371-m2,2.0,39,2.037453387212198
grid-3000371-m3,2.0,33,1.6335553905386129
grid-3000372-m1,2.0,33,0.7119600075436807
grid-3000372-m2,2.0,42,1.139877067008174
grid-3000372-m3,2.0,36,9.512986575216374
grid-3000372-m4,3.0,10,5.817215828899594
grid-3000375-m1,2.0,36,8.769818824937163
grid-3000375-m2,2.0,34,8.240964434439004
grid-3000375-m3,2.0,35,1.6984987368802111
grid-3000375-m4,2.0,32,1.3136155973114814
grid-3000375-m5,2.0,44,1.0130858676373942
grid-3002597-m1,2.0,37,9.660564978555556
grid-3002597-m2,2.0,33,8.319823760229877
grid-3002597-m3,2.0,40,1.6401219466856725
grid-3002598-m1,2.0,34,1.0344414938275868
grid-3002598-m2,3.0,39,0.7466779373621045
grid-3002598-m3,2.0,39,3.0397325049273936
grid-3002598-m4,2.0,39,2.7036391575578427
grid-3002599-m1,3.0,43,4.522882151123057
grid-3002599-m2,3.0,32,12.57038776002952
grid-3002599-m3,3.0,32,10.447740111502583
grid-3002599-m4,3.0,39,3.0141022914417084
grid-3002600-m1,3.0,30,1.175679472569893
grid-3002600-m2,2.0,32,1.2231491119238078
grid-3002600-m3,2.0,33,1.5109031348264133
grid-3002600-m4,3.0,39,2.1449756285501924
grid-3002600-m5,2.0,37,8.38430479152013
grid-3002601-m2,1.0,36,2.0067401856841123
grid-3002601-m3,3.0,39,4.606829678251427
grid-3002601-m4,3.0,31,0.6704712803492427
grid-3002601-m5,2.0,39,0.6745100737418412
grid-3002602-m1,2.0,36,2.4309920243024705
grid-3002602-m2,2.0,38,2.3181805837416043
grid-3002602-m3,3.0,31,0.8249491517770594
grid-3002602-m4,3.0,35,1.4944796377853737
grid-3002603-m1,2.0,36,8.590611800745691
grid-3002603-m2,3.0,25,0.9499473669630334
grid-3002603-m3,3.0,40,2.0172691937369196
grid-3004386-m1,3.0,38,0.7663273567663702
grid-3004386-m2,2.0,33,0.5749595745760688
grid-3004386-m3,3.0,44,1.3164173143249618
grid-3004386-m4,2.0,35,0.7698396334461418
grid-3004388-m1,2.0,30,1.6799470891138875
grid-3004388-m2,3.0,37,0.9053045526726607
grid-3004388-m3,2.0,34,0.7853547013422758
grid-3004388-m4,0.0,42,2.246690688016276
grid-3004388-m5,3.0,42,7.077158172632114
grid-3005559-m1,2.0,44,7.095387571753105
grid-3005559-m2,3.5,8,10.905847055593618
grid-3005559-m3,3.0,49,0.7278593673521228
grid-3005560-m1,2.0,45,0.7837863150465955
grid-3005560-m2,3.0,46,3.4493362557041234
grid-3005560-m3,3.0,38,0.6641804981117876
grid-3005562-m1,2.0,36,0.9824855102126331
grid-3005562-m2,3.0,30,0.9213516640723501
grid-3005562-m3,2.0,32,1.0588171466310885
grid-3005563-m1,3.0,34,0.8447886244908864
grid-3005563-m2,2.0,37,4.91758223596514
grid-3005563-m3,2.0,40,1.8914280319377736
grid-3005563-m4,3.0,33,1.3278122606185845
grid-3005569-m1,2.5,40,0.7310095758606723
grid-3005569-m2,3.0,36,5.092584175077219
grid-3005569-m3,3.0,45,1.3498971154211057
grid-3005570-m1,2.0,47,0.7966657543340023
grid-3005570-m2,3.0,33,1.9356023542631893
grid-3005570-m3,2.0,39,0.7571704133453026
grid-3005570-m4,2.0,42,1.8706771786109873
