match_id,condition_id,slug_bt,feed_source,bt_pnl,bt_buy,bt_fills,dir,slug_live,mode,model,live_fills,live_buy,live_pnl,joined,tournament
115548681803406292,0x4adfd9bd37b3f3038c5d754af471e2ed9ed83a31aa9ba0c56b90f3a57d3d4e29,lol-kc-gx-2026-09-05-game1,grid,31.4615,299.9905,3.0,grid-3002598-m1,lol-kc-gx-2026-09-05-game1,live,20260904T193238Z,4,20.001,0.41849999999999987,2026-09-05T13:24,LEC - Summer 2026 (Playoffs: Playoffs)
115548681803406293,0xbf31d95e9770ded34e26abba50dccb7f4a27c1d731c0b9da2981d9c873c2f1cb,lol-kc-gx-2026-09-05-game2,grid,19.287101259999986,121.28989874000001,5.0,grid-3002598-m2,lol-kc-gx-2026-09-05-game2,live,20260904T193238Z,4,20.0016,-1.2529999999999992,2026-09-05T14:26,LEC - Summer 2026 (Playoffs: Playoffs)
115548681803406294,0x5447d943d191e51395057e3ac3c98f2e71a57cf928c405a4905334ac687eea88,lol-kc-gx-2026-09-05-game3,grid,0.0,0.0,0.0,grid-3002598-m3,lol-kc-gx-2026-09-05-game3,live,20260904T193238Z,2,10.001100000000001,0.2702999999999989,2026-09-05T15:25,LEC - Summer 2026 (Playoffs: Playoffs)
115548681803406295,0x231cfc89ff95321da71895e7b0709aaf5d4b3554456985115032844ac1935047,lol-kc-gx-2026-09-05-game4,grid,4.598200000000006,48.4283,7.0,grid-3002598-m4,lol-kc-gx-2026-09-05-game4,live,20260904T193238Z,4,20.0004,1.4511000000000003,2026-09-05T16:15,LEC - Summer 2026 (Playoffs: Playoffs)
115548681803406298,0x1146b9708f749457b6d6186fdfb5632e4f6498f2856907d347905dc3c8852e94,lol-vit-g2-2026-09-05-game1,grid,0.0,0.0,0.0,grid-3002597-m1,lol-vit-g2-2026-09-05-game1,live,20260904T193238Z,3,7.800000000000001,-0.006200999999999901,2026-09-05T10:20,LEC - Summer 2026 (Playoffs: Playoffs)
115548681803406299,0x21181fa61922e4d3642c7df508c641f00b38fae1cb8606ffaea849e61fe49b63,lol-vit-g2-2026-09-05-game2,grid,-0.3500000000000001,3.85,1.0,grid-3002597-m2,lol-vit-g2-2026-09-05-game2,live,20260904T193238Z,0,0.0,0.0,2026-09-05T11:23,LEC - Summer 2026 (Playoffs: Playoffs)
115548681803406300,0xfe216b4b15ab8358d56273ecb6a2918f8f84adb9eb078fde029bfa86c2052ee0,lol-vit-g2-2026-09-05-game3,grid,9.060800000000011,99.99719999999998,4.0,grid-3002597-m3,lol-vit-g2-2026-09-05-game3,live,20260904T193238Z,2,10.0028,0.2942,2026-09-05T12:19,LEC - Summer 2026 (Playoffs: Playoffs)
115548681803406304,0xea907ec44453facd6b3c8f9c9f915ea525d5d84254b6d19d7b191e0d6685d9d8,lol-g2-kc-2026-09-06-game1,grid,3.5711041999999953,99.99920000000002,1.0,grid-3002599-m1,lol-g2-kc-2026-09-06-game1,live,20260904T193238Z,8,40.0064,1.0716,2026-09-06T15:17,LEC - Summer 2026 (Playoffs: Playoffs)
115548681803406305,0x68304a5c051ffb4110f02a8f8ea34965f94eada0abb82d1942a4566953a9c6f7,lol-g2-kc-2026-09-06-game2,grid,-0.08031051000000389,484.19157150999996,22.0,grid-3002599-m2,lol-g2-kc-2026-09-06-game2,live,20260904T193238Z,8,33.131105000000005,1.068094999999997,2026-09-06T16:17,LEC - Summer 2026 (Playoffs: Playoffs)
115548681803406306,0xfcea265cfa009ab84e63e7a94daf6e316e14f7bbaa07f03530e797100fc4be68,lol-g2-kc-2026-09-06-game3,grid,38.00184551000001,269.4717992,7.0,grid-3002599-m3,lol-g2-kc-2026-09-06-game3,live,20260904T193238Z,7,30.000499999999995,2.9342000000000024,2026-09-06T17:14,LEC - Summer 2026 (Playoffs: Playoffs)
115548681803406307,0x5a4bfd4f6cc735450510e8214cc8f629a00541b55b097056f6ace70272868397,lol-g2-kc-2026-09-06-game4,grid,9.39062411999993,438.70740938,11.0,grid-3002599-m4,lol-g2-kc-2026-09-06-game4,live,20260904T193238Z,2,10.000499999999999,1.0170000000000012,2026-09-06T18:05,LEC - Summer 2026 (Playoffs: Playoffs)
115548681803406310,0x20ad3cac324c61b302cc9f5a9ebf2f5d98a6f0b7c60abd274ae17fcc7fe73b0d,lol-gx-navi-2026-09-11-game1,grid,31.281459720000118,419.78831728,23.0,grid-3002600-m1,lol-gx-navi-2026-09-11-game1,live,20260904T193238Z,6,28.005740000000003,1.3421599999999927,2026-09-11T15:11,LEC - Summer 2026 (Playoffs: Playoffs)
115548681803406312,0x14a8e97689782924f4cdcf0c221adacfe0f7760e865a55ddaa8ab5c9680e044b,lol-gx-navi-2026-09-11-game3,grid,5.961069119999934,299.99170000000004,6.0,grid-3002600-m3,lol-gx-navi-2026-09-11-game3,live,20260904T193238Z,13,80.001,1.269900000000007,2026-09-11T16:54,LEC - Summer 2026 (Playoffs: Playoffs)
115548681803406313,0xda66308efe02a16d74fb64e910b5cd74ee54d2ffc3c5ab3dd79a41b327db7202,lol-gx-navi-2026-09-11-game4,grid,-18.292038390000016,599.9875186,23.0,grid-3002600-m4,lol-gx-navi-2026-09-11-game4,live,20260904T193238Z,11,50.001400000000004,-1.1065000000000065,2026-09-11T17:53,LEC - Summer 2026 (Playoffs: Playoffs)
115548681803406314,0x473f04943f45bec86c85532e4ecff3fc2b6110d637aa9d7d5aa317126b9b66a7,lol-gx-navi-2026-09-11,grid,1.6948999999999899,99.99909999999998,2.0,grid-3002600-m5,lol-gx-navi-2026-09-11,live,20260904T193238Z,7,30.001499999999997,-0.11859999999999893,2026-09-11T18:53,LEC - Summer 2026 (Playoffs: Playoffs)
115548681803406317,0xb9bd43060fd883c4965a61df6ae632bd2800da66664277c32e29d28ba01f9e36,lol-vit-mkoi-2026-09-12-game2,grid,1.3891874200000274,236.26718558000002,8.0,grid-3002601-m2,lol-vit-mkoi-2026-09-12-game2,live,20260912T100410Z,11,149.9986,3.9209999999999936,2026-09-12T16:05,LEC - Summer 2026 (Playoffs: Playoffs)
115548681803406318,0x1310d36c69a75d7f6fea21d9e8054a95a185d938b92213a43436ef657e6b8ce8,lol-vit-mkoi-2026-09-12-game3,grid,-7.58549979999998,899.9741,17.0,grid-3002601-m3,lol-vit-mkoi-2026-09-12-game3,live,20260912T100410Z,16,180.5894,-22.854299999999988,2026-09-12T17:05,LEC - Summer 2026 (Playoffs: Playoffs)
115548681803406319,0xecb012a3de993ed87df4736241fafca0b89a3922f7cf1430c88f8d6b3a59968d,lol-vit-mkoi-2026-09-12-game4,grid,-75.68407233000002,499.99517233,20.0,grid-3002601-m4,lol-vit-mkoi-2026-09-12-game4,live,20260912T100410Z,15,195.27823600000002,-28.219236000000024,2026-09-12T18:01,LEC - Summer 2026 (Playoffs: Playoffs)
115548681803406320,0x6d38a2f25823f8ab0d999efa04465b795ab1fdf3b626605e12bb638df5e30fd5,lol-vit-mkoi-2026-09-12,grid,45.08530649999989,779.5529485000001,16.0,grid-3002601-m5,lol-vit-mkoi-2026-09-12,live,20260912T100410Z,28,513.057631,2.96206899999998,2026-09-12T18:48,LEC - Summer 2026 (Playoffs: Playoffs)
115548681803406322,0x92d15c3fe44383c33477ae8a91b79fac8bd404be3e1bd175225ecc0fa9c265b3,lol-navi-mkoi-2026-09-18-game1,grid,0.0,0.0,0.0,grid-3002602-m1,lol-navi-mkoi-2026-09-18-game1,live,20260915T210431Z,0,0.0,0.0,2026-09-18T15:18,LEC - Summer 2026 (Playoffs: Playoffs)
115548681803406323,0x6267d59a258ee3fff2b36889ca361ed7e5ff8412353994e8fc0dabc2dc4dcef0,lol-navi-mkoi-2026-09-18-game2,grid,-59.42520000000002,489.6017,11.0,grid-3002602-m2,lol-navi-mkoi-2026-09-18-game2,live,20260915T210431Z,5,14.9885,-0.24380000000000024,2026-09-18T16:24,LEC - Summer 2026 (Playoffs: Playoffs)
115548681803406324,0xfd255a1bdf6993fc627f26a93b18cd18aaa03aca612a4afc0020c715678130a5,lol-navi-mkoi-2026-09-18-game3,grid,6.881399999999928,354.6492,11.0,grid-3002602-m3,lol-navi-mkoi-2026-09-18-game3,live,20260915T210431Z,12,39.9769,0.22160000000000046,2026-09-18T17:16,LEC - Summer 2026 (Playoffs: Playoffs)
115548681803406325,0x0b5158f1dcd16aeb8c931ac9174a433145071654e02bc15f50fc01323e05a07d,lol-navi-mkoi-2026-09-18-game4,grid,0.9599781200000166,399.99469999999997,8.0,grid-3002602-m4,lol-navi-mkoi-2026-09-18-game4,live,20260915T210431Z,4,14.991499999999998,0.2405000000000026,2026-09-18T18:12,LEC - Summer 2026 (Playoffs: Playoffs)
115548681803406328,0x19ff39c352fd81585da861f2716c149a1a2aff4d9ce72eb64ffc2cd3dfef9317,lol-kc-mkoi-2026-09-19-game1,grid,4.295099999999991,101.65069999999999,4.0,grid-3002603-m1,lol-kc-mkoi-2026-09-19-game1,live,20260919T112946Z,0,0.0,0.0,2026-09-19T15:15,LEC - Summer 2026 (Playoffs: Playoffs)
115548681803406329,0x512074d56dcd8ff3e05e8798cf0a69954f22c7c48d96b827df5ff57783a81d69,lol-kc-mkoi-2026-09-19-game2,grid,23.51449999999998,231.99360000000001,8.0,grid-3002603-m2,lol-kc-mkoi-2026-09-19-game2,live,20260919T112946Z,2,4.9959,,2026-09-19T16:21,LEC - Summer 2026 (Playoffs: Playoffs)
115564797163821176,0x3aea17c2c4d7a938d09d10a663190711b2df524edf9d00493a4c3c20ebdc59bb,lol-sen-c9-2026-09-05-game1,grid,17.33865418000005,333.50887182,15.0,grid-2964617-m1,lol-sen-c9-2026-09-05-game1,live,20260904T193238Z,6,29.994500000000002,2.5918000000000028,2026-09-05T20:11,LCS - Split 3 2026 (Regular Season: Regular Season)
115564797163821177,0x200e622589aa7012240572b7c3db42f953c4f43d020965f6695a9a4f8fe2a20e,lol-sen-c9-2026-09-05-game2,grid,0.28199939999996104,299.9980356,13.0,grid-2964617-m2,lol-sen-c9-2026-09-05-game2,live,20260904T193238Z,9,41.629778,-0.6719779999999993,2026-09-05T20:56,LCS - Split 3 2026 (Regular Season: Regular Season)
115564797163886788,0xe4e20638c3d7f37f631bc9697058dc69c1ccf89cac6784cefbc87294806b3080,lol-ly-dsg-2026-09-06-game1,grid,0.0,0.0,0.0,grid-2964620-m1,lol-ly-dsg-2026-09-06-game1,live,20260904T193238Z,0,0.0,0.0,2026-09-06T21:52,LCS - Split 3 2026 (Regular Season: Regular Season)
115564797163886789,0x5d22e3ac17107d7846690a5b9bbe46a0ba972e0bc0cfdd409bf3a58c3483193f,lol-ly-dsg-2026-09-06-game2,grid,0.0,0.0,0.0,grid-2964620-m2,lol-ly-dsg-2026-09-06-game2,live,20260904T193238Z,0,0.0,0.0,2026-09-06T22:34,LCS - Split 3 2026 (Regular Season: Regular Season)
115564797164345556,0x95364e57745e3496a4572d7a886cbaa9beb38e9a02d1526619398825b2934c16,lol-sr-fly-2026-09-06-game1,grid,6.933021130000071,298.21369999999996,18.0,grid-2964619-m1,lol-sr-fly-2026-09-06-game1,live,20260904T193238Z,8,30.0019,-0.5427009999999992,2026-09-06T20:07,LCS - Split 3 2026 (Regular Season: Regular Season)
115564797164345557,0x9d4352b8b7f22c3946dda174cadf14e28555b99d84d7c4639355d5d17cad5854,lol-sr-fly-2026-09-06-game2,grid,35.50136598000009,626.78234668,13.0,grid-2964619-m2,lol-sr-fly-2026-09-06-game2,live,20260904T193238Z,8,28.691935,-2.6791350000000005,2026-09-06T20:58,LCS - Split 3 2026 (Regular Season: Regular Season)
115565004607949376,0x3c066beb5372f624ec11efb9359a24b91af73b82c39e00f5a0358ac29883a74a,lol-c9-sr-2026-09-12-game1,grid,-2.5872190000000046,223.729524,8.0,grid-2980509-m1,lol-c9-sr-2026-09-12-game1,live,20260912T100410Z,13,166.064029,-0.2503289999999865,2026-09-12T20:11,LCS - Split 3 2026 (Playoffs: Playoffs)
115565004607949377,0x8f00e8b0f0a226c3616174ac84926b80cabb18b014b27c42ae4c6291823e3e6a,lol-c9-sr-2026-09-12-game2,grid,-7.541099820000007,401.9384,14.0,grid-2980509-m2,lol-c9-sr-2026-09-12-game2,live,20260912T100410Z,13,120.0036,-5.250399999999999,2026-09-12T21:04,LCS - Split 3 2026 (Playoffs: Playoffs)
115565004607949378,0x7fbacb9f18ed22fdd1bb3c4c897759673c2aff368e7e1d2743e3444a22f18ed0,lol-c9-sr-2026-09-12-game3,grid,34.43566903999999,247.23651127999997,10.0,grid-2980509-m3,lol-c9-sr-2026-09-12-game3,live,20260912T100410Z,17,105.76929000000001,4.096243099999985,2026-09-12T21:52,LCS - Split 3 2026 (Playoffs: Playoffs)
115565004607949382,0x2e1ffad34ee36283f1bb0331b33053f54985a2e2f12b61e1fe302b9084f6fb77,lol-sen-fly-2026-09-13-game1,grid,16.88056696999996,200.00063403,8.0,grid-3000371-m1,lol-sen-fly-2026-09-13-game1,live,20260912T100410Z,7,119.9838,-7.7014,2026-09-13T20:13,LCS - Split 3 2026 (Playoffs: Playoffs)
115565004607949383,0xb662e1262c74dcefabe56d1da4c7e88eb274d6b3ef71eabac26cf9aac87f4933,lol-sen-fly-2026-09-13-game2,grid,-47.079378340000005,741.18090634,15.0,grid-3000371-m2,lol-sen-fly-2026-09-13-game2,live,20260912T100410Z,13,149.98583799999997,12.80186200000001,2026-09-13T21:07,LCS - Split 3 2026 (Playoffs: Playoffs)
115565004607949384,0x3be1ec592533f69074279694499abdc7976fce9167f7706130ae5cd13d41d7a3,lol-sen-fly-2026-09-13-game3,grid,-36.8578,299.99080000000004,10.0,grid-3000371-m3,lol-sen-fly-2026-09-13-game3,live,20260912T100410Z,9,119.989309,-14.174309000000015,2026-09-13T22:00,LCS - Split 3 2026 (Playoffs: Playoffs)
115565004607949389,0xaf1cb64c90fa77d795f978210bca3466e5cd965c6af6525664c634ff60a62de6,lol-ly-c9-2026-09-19-game2,grid,-38.11490000000005,816.0427,15.0,grid-3000372-m2,lol-ly-c9-2026-09-19-game2,live,20260919T112946Z,4,14.993500000000001,1.0048999999999975,2026-09-19T21:09,LCS - Split 3 2026 (Playoffs: Playoffs)
115565004607949390,0x7344b65297c8fab9b6e4e7f52e97a1a7203ef897ebe5bb094a49ee15df3b5739,lol-ly-c9-2026-09-19-game3,grid,-1.0047999999999888,99.9988,4.0,grid-3000372-m3,lol-ly-c9-2026-09-19-game3,live,20260919T112946Z,3,4.9972,-0.40300000000000047,2026-09-19T22:09,LCS - Split 3 2026 (Playoffs: Playoffs)
115565004607949391,0x1cfd2d2a2a7ddf646c2d7d6f9cb39bff00a2677a017a2996b399f4246d159b68,lol-ly-c9-2026-09-19-game4,grid,-36.763100000000065,242.89350000000002,4.0,grid-3000372-m4,lol-ly-c9-2026-09-19-game4,live,20260919T112946Z,2,4.998,-0.8819999999999997,2026-09-19T23:14,LCS - Split 3 2026 (Playoffs: Playoffs)
115565004607949400,0x212df7a824425d3ece0e3043c5c3e2ea66600a825fee8a6dd4e8686cd87f8468,lol-sr-sen-2026-09-18-game1,grid,23.274699999999996,99.9962,1.0,grid-3000375-m1,lol-sr-sen-2026-09-18-game1,live,20260915T210431Z,4,14.9914,4.054899999999998,2026-09-18T20:11,LCS - Split 3 2026 (Playoffs: Playoffs)
115565004607949401,0xc31b43a950a21e68e0f8cea9fcbb0ffb0e054866fec45587d63f008d9ffa92d8,lol-sr-sen-2026-09-18-game2,grid,7.8156999999999925,233.49660000000003,8.0,grid-3000375-m2,lol-sr-sen-2026-09-18-game2,live,20260915T210431Z,6,14.9863,1.0166000000000013,2026-09-18T20:56,LCS - Split 3 2026 (Playoffs: Playoffs)
115565004607949402,0x70ab13e615e6dd1c64a92bd766d8516f123aebaff96366efa44e2b342169836b,lol-sr-sen-2026-09-18-game3,grid,1.470499999999987,199.9888,2.0,grid-3000375-m3,lol-sr-sen-2026-09-18-game3,live,20260915T210431Z,0,0.0,0.0,2026-09-18T21:44,LCS - Split 3 2026 (Playoffs: Playoffs)
115565004607949403,0x65ca918c824341b7522746d763495bac1526600855a05d1a9b5b2fdc0ba6d30d,lol-sr-sen-2026-09-18-game4,grid,-7.487699999999975,228.4938,5.0,grid-3000375-m4,lol-sr-sen-2026-09-18-game4,live,20260915T210431Z,4,14.9879,2.6331000000000024,2026-09-18T22:30,LCS - Split 3 2026 (Playoffs: Playoffs)
115565004607949404,0x306c9eec4e057c4b2d2a6a8f8a118403a1f90fc7aa8d5b2033b30766c6de4967,lol-sr-sen-2026-09-18,grid,0.0,99.99399999999999,2.0,grid-3000375-m5,lol-sr-sen-2026-09-18,live,20260915T210431Z,2,4.998200000000001,-0.14920000000000044,2026-09-18T23:20,LCS - Split 3 2026 (Playoffs: Playoffs)
115565671526403064,0x87555d3f700b4f1c98441a57bda70af3a31932d6ffb1b8ecb3af5f5ecf77cc08,lol-vks-png1-2026-09-05-game1,grid,1.3213917700000124,163.08692316999998,10.0,grid-2973272-m1,lol-vks-png1-2026-09-05-game1,live,20260904T193238Z,2,9.9975,-0.2666000000000004,2026-09-05T16:12,CBLOL - Split 2 2026 (Playoffs: Playoffs)
115565671526403065,0x73b893d45198de9aa4874e0526bcb32b38bbceb373584fec79d17801766d10b0,lol-vks-png1-2026-09-05-game2,grid,-26.267455640000005,76.34476664,15.0,grid-2973272-m2,lol-vks-png1-2026-09-05-game2,live,20260904T193238Z,4,19.999699999999997,-5.618799999999999,2026-09-05T17:07,CBLOL - Split 2 2026 (Playoffs: Playoffs)
115565671526403066,0xf7868d5e0b3ad79f53c8be1d33db52498f4b95470aa57f241fa370cee229c455,lol-vks-png1-2026-09-05-game3,grid,58.86993116000005,590.92207132,16.0,grid-2973272-m3,lol-vks-png1-2026-09-05-game3,live,20260904T193238Z,6,29.995000000000005,1.856000259999998,2026-09-05T17:56,CBLOL - Split 2 2026 (Playoffs: Playoffs)
115565671526403067,0x4bbea1214d6b3794a5c0a3b47d0e3aeaeeb9c7b9c9d2f8905fd990026d1216ce,lol-vks-png1-2026-09-05-game4,grid,19.129182660000026,653.54975934,20.0,grid-2973272-m4,lol-vks-png1-2026-09-05-game4,live,20260904T193238Z,12,27.803700000000003,-0.8446833689999991,2026-09-05T18:55,CBLOL - Split 2 2026 (Playoffs: Playoffs)
115565671526403070,0x304ac181485b265e63e796e5289a12aa6d867fc8c640778bcf044afdfd02c55e,lol-los-fur-2026-09-13-game1,grid,-32.0,100.0,1.0,grid-2973273-m1,lol-los-fur-2026-09-13-game1,live,20260912T100410Z,0,0.0,0.0,2026-09-12T16:12,CBLOL - Split 2 2026 (Playoffs: Playoffs)
115565671526403071,0x2eaa98f35ea8c2537a549f0d78fecd440b7b313b968e6f1f5ff4734ccc0d7c81,lol-los-fur-2026-09-13-game2,grid,-22.032399999999967,220.8074,9.0,grid-2973273-m2,lol-los-fur-2026-09-13-game2,live,20260912T100410Z,14,143.88386200000002,-7.607962000000002,2026-09-12T17:10,CBLOL - Split 2 2026 (Playoffs: Playoffs)
115565671526403072,0x046b53e0bb62404bebe056caa644e7d68e99538083ca4909d20e83d2e6e78ab6,lol-los-fur-2026-09-13-game3,grid,-9.205258629999996,61.63225871,4.0,grid-2973273-m3,lol-los-fur-2026-09-13-game3,live,20260912T100410Z,11,209.9985,-7.087800000000001,2026-09-12T17:57,CBLOL - Split 2 2026 (Playoffs: Playoffs)
115565671526403073,0x47c327ca3a1ff6a5cd09d4fb9bedb388c582d7c6fd307bc642c9627183100d18,lol-los-fur-2026-09-13-game4,grid,25.575446810000003,172.63929999999996,8.0,grid-2973273-m4,lol-los-fur-2026-09-13-game4,live,20260912T100410Z,5,59.9998,7.491799999999998,2026-09-12T18:45,CBLOL - Split 2 2026 (Playoffs: Playoffs)
115565671526403076,0xadc9bd4c8ef5661b53b27155e401de41c63e169bcb697d6cf3e803a2bf14a211,lol-lll-png1-2026-09-13-game1,grid,74.48631089999996,199.99570000000003,2.0,grid-2973274-m1,lol-lll-png1-2026-09-13-game1,live,20260912T100410Z,2,29.997000000000003,3.8177999999999948,2026-09-13T16:11,CBLOL - Split 2 2026 (Playoffs: Playoffs)
115565671526403077,0x8838fb5db18cef53d55d94cc0c6b326b420d95f96f78877cf6aa8e164fe7bc7b,lol-lll-png1-2026-09-13-game2,grid,0.0,0.0,0.0,grid-2973274-m2,lol-lll-png1-2026-09-13-game2,live,20260912T100410Z,0,0.0,0.0,2026-09-13T16:59,CBLOL - Split 2 2026 (Playoffs: Playoffs)
115565671526403078,0x76941b0c9f107de81d31ae433c35b19632ba22867a1d91a498d9b994294c77a3,lol-lll-png1-2026-09-13-game3,grid,41.70087000000004,399.991,13.0,grid-2973274-m3,lol-lll-png1-2026-09-13-game3,live,20260912T100410Z,6,91.41096700000001,6.911032999999988,2026-09-13T17:54,CBLOL - Split 2 2026 (Playoffs: Playoffs)
115565671526403079,0x60069d0521d68996061a9c8dacd0a54ae621c3c3390b2d255cda813fa8b7e7e0,lol-lll-png1-2026-09-13-game4,grid,5.479768100000015,99.99539999999998,1.0,grid-2973274-m4,lol-lll-png1-2026-09-13-game4,live,20260912T100410Z,11,149.979857,-4.435857000000006,2026-09-13T18:46,CBLOL - Split 2 2026 (Playoffs: Playoffs)
116520885021783391,0xa7df0afc9daabf00ce0be562f2d71e5364e74e9ca617456e0a9d03eb4a08dcfc,lol-z5-fue-2026-09-07-game1,grid,-59.68694031999997,201.11522272,7.0,grid-2967262-m1,lol-z5-fue-2026-09-07-game1,live,20260904T193238Z,8,58.56379999999999,-13.001799999999996,2026-09-07T23:09,LRN - Split 2 2026 (Playoffs: Playoffs)
116520885021783392,0x9a7d65d7bcede3be79c66e51be72cdb74e5f043ac33bbbb5e5d9c708e4b75052,lol-z5-fue-2026-09-07-game2,grid,0.0,0.0,0.0,grid-2967262-m2,lol-z5-fue-2026-09-07-game2,live,20260904T193238Z,6,39.9975,-1.8367999999999984,2026-09-07T23:56,LRN - Split 2 2026 (Playoffs: Playoffs)
116520885021783393,0xa7350ea0f9d4c5e2656d6865dc19f1f67507a3c1948857094a9886279eae3eb7,lol-z5-fue-2026-09-07-game3,grid,37.30028540000003,182.82880000000003,9.0,grid-2967262-m3,lol-z5-fue-2026-09-07-game3,live,20260904T193238Z,3,19.9998,-0.9157999999999973,2026-09-08T01:07,LRN - Split 2 2026 (Playoffs: Playoffs)
116792888905448363,0xce7234044106c42b56ce09fbb3151432c7c3e44d57cc855f49088988298d3f62,lol-mvu-cont-2026-09-03-game1,grid,-96.89748983,453.7919,12.0,grid-2975625-m1,lol-mvu-cont-2026-09-03-game1,live,20260831T120859Z,3,9.997399999999999,0.0,2026-09-03T21:15,NACL - Summer 2026 (Playoffs: Playoffs)
116792888905448364,0x0c3bf3e475ff3fa70f353f9f392a37c9e774566148a20e050d14f645c29883e0,lol-mvu-cont-2026-09-03-game2,grid,-36.675500000000056,299.99685,10.0,grid-2975625-m2,lol-mvu-cont-2026-09-03-game2,live,20260831T120859Z,4,20.0038,0.936300000000001,2026-09-03T22:07,NACL - Summer 2026 (Playoffs: Playoffs)
116792888905448365,0x41536d869a9f04dcabac9c611fd81d0df2dbc39b472e1971a6b47d35b223fc53,lol-mvu-cont-2026-09-03-game3,grid,-5.491109799999993,136.0092608,7.0,grid-2975625-m3,lol-mvu-cont-2026-09-03-game3,live,20260831T120859Z,4,16.930822,-0.3824498840000007,2026-09-03T22:59,NACL - Summer 2026 (Playoffs: Playoffs)
116792888905448366,0x816b8bb241800c1bf98b21b29b27b9956440965324d188974167f2092ed28f38,lol-mvu-cont-2026-09-03-game4,grid,4.428092190000001,206.85250000000005,3.0,grid-2975625-m4,lol-mvu-cont-2026-09-03-game4,live,20260831T120859Z,4,20.000500000000002,1.5114999999999998,2026-09-03T23:47,NACL - Summer 2026 (Playoffs: Playoffs)
116792888905448367,0xad306a96f00df4b0bf0ea3b4a8febb149619d56f3b9268c14ae10afeca0f7d05,lol-mvu-cont-2026-09-03,grid,30.591286239999945,315.94088507000004,13.0,grid-2975625-m5,lol-mvu-cont-2026-09-03,live,20260831T120859Z,3,12.0068,-0.27619999999999933,2026-09-04T00:36,NACL - Summer 2026 (Playoffs: Playoffs)
116792888905448369,0xda7e2ed826b72354c1585e4fa40a2da5377a0319023ae9b04aadebd7eae57ff7,lol-mvu-nrg-2026-09-09-game1,grid,-8.42709260999996,345.04539260999996,18.0,grid-2975627-m1,lol-mvu-nrg-2026-09-09-game1,live,20260904T193238Z,6,15.002399999999998,0.5224000000000022,2026-09-09T21:08,NACL - Summer 2026 (Playoffs: Playoffs)
116792888905448370,0x43d1d8c427d3df671fea0ed2b20ea85fe96bc78e6a48f238dfaf6b6ca7ec8f6e,lol-mvu-nrg-2026-09-09-game2,grid,1.583610539999988,99.99920000000002,2.0,grid-2975627-m2,lol-mvu-nrg-2026-09-09-game2,live,20260904T193238Z,4,29.9896,0.4666999999999977,2026-09-09T22:07,NACL - Summer 2026 (Playoffs: Playoffs)
116792888905448371,0x3cb8c93ade4402e71e24cebe947fcdacd72d16e8c1f0ef6ab6a0908a952fb83e,lol-mvu-nrg-2026-09-09-game3,grid,-26.95942272000002,549.10302272,16.0,grid-2975627-m3,lol-mvu-nrg-2026-09-09-game3,live,20260904T193238Z,21,312.194133,-5.273832999999984,2026-09-09T22:58,NACL - Summer 2026 (Playoffs: Playoffs)
116792888905448372,0x9b7d167b93cb18c0ec8f379d2af12b15db8717302ef0e0f57401e4480a517799,lol-mvu-nrg-2026-09-09-game4,grid,-55.37880062999992,217.4978,8.0,grid-2975627-m4,lol-mvu-nrg-2026-09-09-game4,live,20260904T193238Z,12,150.00050000000002,-31.35269999999999,2026-09-09T23:50,NACL - Summer 2026 (Playoffs: Playoffs)
116792888905448375,0xc51423aeab366289827e1afa7efe733b187b68827e8ea5c5551726532878cc88,lol-wu-mvu-2026-09-10-game1,grid,1.4818240800000027,325.03717592,16.0,grid-2975628-m1,lol-wu-mvu-2026-09-10-game1,live,20260904T193238Z,5,30.0012,0.7826000000000004,2026-09-10T21:08,NACL - Summer 2026 (Playoffs: Playoffs)
116792888905448376,0xdc4fc99fba895d9e851aacb82515992c90a540a5c45283f76ef04b6ee6e4ed25,lol-wu-mvu-2026-09-10-game2,grid,-43.12065848999998,269.24965849,21.0,grid-2975628-m2,lol-wu-mvu-2026-09-10-game2,live,20260904T193238Z,2,4.692308,0.15239200000000075,2026-09-10T22:00,NACL - Summer 2026 (Playoffs: Playoffs)
116792888905448377,0x43ad37c267e66c9abfa6c4b01b75c1e69f26fc83aecee4dfe5d81ec76645c96b,lol-wu-mvu-2026-09-10-game3,grid,2.9610759400000504,969.86196072,64.0,grid-2975628-m3,lol-wu-mvu-2026-09-10-game3,live,20260904T193238Z,30,107.385742,-5.057642000000003,2026-09-10T22:48,NACL - Summer 2026 (Playoffs: Playoffs)
116792888905448378,0xbc1893a52da1567069e0bbc79652f8875a17782602c822c3ffe736a8c40174c6,lol-wu-mvu-2026-09-10-game4,grid,7.20859999999999,299.9866,4.0,grid-2975628-m4,lol-wu-mvu-2026-09-10-game4,live,20260904T193238Z,7,39.9967,1.7058999999999962,2026-09-10T23:41,NACL - Summer 2026 (Playoffs: Playoffs)
116792888905448381,0xb18417d1ecd7ee7f1b6e7621def9c7d92e56e03ee3ce08438a103a605600ffdd,lol-cpd-mvu-2026-09-11-game1,grid,28.287145840000004,325.7176,12.0,grid-2975629-m1,lol-cpd-mvu-2026-09-11-game1,live,20260904T193238Z,11,49.997,7.069600000000001,2026-09-11T21:05,NACL - Summer 2026 (Playoffs: Playoffs)
116792888905448382,0xa7868c361e85daf232d9fd77918c50a285ff5304e6e190ca9dcad03dd001db68,lol-cpd-mvu-2026-09-11-game2,grid,16.86021008999993,399.9909,14.0,grid-2975629-m2,lol-cpd-mvu-2026-09-11-game2,live,20260904T193238Z,18,88.49235,2.604549999999994,2026-09-11T22:03,NACL - Summer 2026 (Playoffs: Playoffs)
116792888905448383,0xf3bcd255d6de43be0cc99418c039719fa5d199e02a1335f0e4712876634f7ae6,lol-cpd-mvu-2026-09-11-game3,grid,26.075500000000005,99.9994,5.0,grid-2975629-m3,lol-cpd-mvu-2026-09-11-game3,live,20260904T193238Z,9,30.000300000000003,5.995000000000001,2026-09-11T23:01,NACL - Summer 2026 (Playoffs: Playoffs)
116793933806066931,0x8652e3a6df33417eeb5ae9a10d1282a7e38dfa6afca7cbaf35a15604988f563c,lol-fec-sec-2026-09-01,grid,0.0,0.0,0.0,grid-2965523-m3,lol-fec-sec-2026-09-01,live,20260831T120859Z,3,99.9982,-12.098202999999998,2026-09-01T18:35,Road of Legends - Summer 2026 (Playoffs: Playoffs)
116793933806066934,0x522d50b3c28a737ae7ca1d696880c571391095179d30e232e0d59e27f0400ded,lol-ban2-mcn-2026-09-01-game2,grid,-15.631787859999989,281.4883599,28.0,grid-2965524-m2,lol-ban2-mcn-2026-09-01-game2,live,20260831T120859Z,3,9.971612,-0.4688120000000007,2026-09-01T19:19,Road of Legends - Summer 2026 (Playoffs: Playoffs)
116793933806066935,0x1b00179d1b847edd7e5a6bfa5ba02905b61f30f3f627b6dd700a42e87d8694c2,lol-ban2-mcn-2026-09-01,grid,35.16472144000004,349.48925456,14.0,grid-2965524-m3,lol-ban2-mcn-2026-09-01,live,20260831T120859Z,7,22.463808999999998,1.1087900000000008,2026-09-01T20:17,Road of Legends - Summer 2026 (Playoffs: Playoffs)
116793933806066938,0xaad57cedc31af40d079a12def75d4c59f8d051c9ad3dd999aa4d2760e9271b0d,lol-fec-mcn-2026-09-08-game2,grid,75.85659511000003,180.20336170000004,6.0,grid-2965527-m2,lol-fec-mcn-2026-09-08-game2,live,20260904T193238Z,4,4.9986999999999995,-0.2702000000000009,2026-09-08T17:02,Road of Legends - Summer 2026 (Playoffs: Playoffs)
116793933806066943,0xf1bbcebe5f50384856c2d9da63e134fb7a9f833182b9e4a36ebbec94757e2c76,lol-sec-myth-2026-09-03-game1,grid,0.0,0.0,0.0,grid-2965525-m1,lol-sec-myth-2026-09-03-game1,live,20260831T120859Z,3,10.0012,-1.791100000000001,2026-09-03T16:13,Road of Legends - Summer 2026 (Playoffs: Playoffs)
116793933806066951,0xdb1e7b635ba1692235b1a012f8802688d668e18f28763af256f510593e73cdf0,lol-sec-ban2-2026-09-10-game1,grid,2.002600000000001,19.848000000000003,3.0,grid-2965528-m1,lol-sec-ban2-2026-09-10-game1,live,20260904T193238Z,0,0.0,0.0,2026-09-10T16:08,Road of Legends - Summer 2026 (Playoffs: Playoffs)
116793933806066952,0xed07b76991148da878c7eff57b9b98348e09d92d5d4f655c05e5a373a8a15839,lol-sec-ban2-2026-09-10-game2,grid,22.439999999999987,49.77,2.0,grid-2965528-m2,lol-sec-ban2-2026-09-10-game2,live,20260904T193238Z,13,155.6257,16.8183,2026-09-10T16:57,Road of Legends - Summer 2026 (Playoffs: Playoffs)
116793933806066953,0xc0f48c713c75d4ec738eaaa676c47371f6d4245e4462792ce9db8b3a3cc4aabd,lol-sec-ban2-2026-09-10-game3,grid,-119.91572083999995,296.48685425,26.0,grid-2965528-m3,lol-sec-ban2-2026-09-10-game3,live,20260904T193238Z,13,121.649145,-66.073645,2026-09-10T17:47,Road of Legends - Summer 2026 (Playoffs: Playoffs)
116793933806066957,0xd924b3b4d83008ae4062d9542abe762a704e85212ccb2ca6975094ce20ed42ee,lol-mcn-sec-2026-09-15-game1,grid,0.7696792000000272,183.672,7.0,grid-2965529-m1,lol-mcn-sec-2026-09-15-game1,live,20260912T100410Z,22,179.97313500000004,8.23240921000001,2026-09-15T16:21,Road of Legends - Summer 2026 (Playoffs: Playoffs)
116793933806066958,0x2ece996a6ae870b8664d6bd43f0a6d442814742a7efaa60d62184caf2622910e,lol-mcn-sec-2026-09-15-game2,grid,-0.16000000000000014,4.72,1.0,grid-2965529-m2,lol-mcn-sec-2026-09-15-game2,live,20260912T100410Z,23,269.979249,-19.952867855000033,2026-09-15T17:17,Road of Legends - Summer 2026 (Playoffs: Playoffs)
116793933806066959,0xfbf3c5f9a5395600b90a1b9550a50e16dc6d1790728496c87a3a1188d654b6a4,lol-mcn-sec-2026-09-15-game3,grid,30.843500000000006,46.4812,3.0,grid-2965529-m3,lol-mcn-sec-2026-09-15-game3,live,20260912T100410Z,0,0.0,0.0,2026-09-15T18:03,Road of Legends - Summer 2026 (Playoffs: Playoffs)
116793933806066964,0xc19c728ee981385ca22c186fc658f4f672de79545ae82f7d3446c027e0f94d26,lol-fec-sec-2026-09-17-game2,grid,0.0,0.0,0.0,grid-2965530-m2,lol-fec-sec-2026-09-17-game2,live,20260915T210431Z,0,0.0,0.0,2026-09-17T16:58,Road of Legends - Summer 2026 (Playoffs: Playoffs)
116793933806066965,0x43ad675b2ac6516597b7ee7e5f42a1b87c06f0470890fc357d6545897e38c605,lol-fec-sec-2026-09-17-game3,grid,0.0,0.0,0.0,grid-2965530-m3,lol-fec-sec-2026-09-17-game3,live,20260915T210431Z,2,3.1666670000000003,0.11973300000000009,2026-09-17T17:48,Road of Legends - Summer 2026 (Playoffs: Playoffs)
116833506932324835,0x62d54ecafdf6709492342f07ac067af57851b121d2503f04b4c8d50659b348a2,lol-ucam1-bar-2026-09-01-game2,grid,62.64714732000007,221.42339885,7.0,grid-2972362-m2,lol-ucam1-bar-2026-09-01-game2,live,20260831T120859Z,3,6.800000000000001,1.6199999999999992,2026-09-01T16:03,LES - Summer 2026 (Regional Finals: Regional Finals)
116833506932324836,0xa534a6a2423a8b5b4f605729ec8696ff034ba9b8779c328f4cd552d32f8789d2,lol-ucam1-bar-2026-09-01-game3,grid,55.33979999999997,310.1369,6.0,grid-2972362-m3,lol-ucam1-bar-2026-09-01-game3,live,20260831T120859Z,9,114.2895,13.725896000000002,2026-09-01T16:51,LES - Summer 2026 (Regional Finals: Regional Finals)
116833506932324840,0x35d830e0e7ecf4754201478388e5efe6ecaffb402e90c4a93231b983cb31a0ba,lol-koia-ucam1-2026-09-02-game1,grid,5.328179159999962,299.9864,9.0,grid-2972363-m1,lol-koia-ucam1-2026-09-02-game1,live,20260831T120859Z,22,297.837128,-5.336835999999941,2026-09-02T15:13,LES - Summer 2026 (Regional Finals: Regional Finals)
116833506932324841,0x0a4d7216d9e6c796d57103b38059477d0cae4c48ea1888cd1a328d7a092bdbb3,lol-koia-ucam1-2026-09-02-game2,grid,0.0,0.0,0.0,grid-2972363-m2,lol-koia-ucam1-2026-09-02-game2,live,20260831T120859Z,0,0.0,0.0,2026-09-02T16:13,LES - Summer 2026 (Regional Finals: Regional Finals)
116833506932324842,0x6b98f1ba16dde32b4d57d8c65fc0635080fd509054c8a349fadcfcdf8fc1193e,lol-koia-ucam1-2026-09-02-game3,grid,8.154625699999968,153.5267843,20.0,grid-2972363-m3,lol-koia-ucam1-2026-09-02-game3,live,20260831T120859Z,2,6.648292,0.5581080000000007,2026-09-02T17:02,LES - Summer 2026 (Regional Finals: Regional Finals)
116837902961537589,0x008eb92cc9c7a7cfbbc27d41ebe15695364830b4ac9786c8b42d1bdbbf5f0c80,lol-domi-drm-2026-09-03-game4,grid,0.0,0.0,0.0,grid-2968611-m4,lol-domi-drm-2026-09-03-game4,live,20260831T120859Z,0,0.0,0.0,2026-09-03T21:29,Liga Portuguesa - Summer 2026 (Playoffs: Playoffs)
116837902961537592,0x879f736c18018071bb5d58947893f45035b747c9ba896ebcf71d29d774c60497,lol-bublik-tos-2026-09-07-game1,grid,1.3400000000000016,12.37,2.0,grid-2968612-m1,lol-bublik-tos-2026-09-07-game1,live,20260904T193238Z,10,63.150783,4.347213000000006,2026-09-07T18:17,Liga Portuguesa - Summer 2026 (Playoffs: Playoffs)
116837902961537593,0xeb840e70b1848a8a459451d929ca01270ccc5966a06980c51a8ec9a483627f2b,lol-bublik-tos-2026-09-07-game2,grid,-3.7854996399999994,151.86430000000001,13.0,grid-2968612-m2,lol-bublik-tos-2026-09-07-game2,live,20260904T193238Z,5,70.0001,-30.794700000000002,2026-09-07T19:09,Liga Portuguesa - Summer 2026 (Playoffs: Playoffs)
116837902961537594,0x70819f3dac1a52a0c2e7560328f61a911037bcf18ff3f3a904f9e703bf50b812,lol-bublik-tos-2026-09-07-game3,grid,-171.41886740999996,229.97738748999998,24.0,grid-2968612-m3,lol-bublik-tos-2026-09-07-game3,live,20260904T193238Z,15,46.788177000000005,-10.408577000000003,2026-09-07T20:01,Liga Portuguesa - Summer 2026 (Playoffs: Playoffs)
116837902961537598,0x93ef9782737d9f1f33805543231ee286ab634dbe13e6728ef8d9c0719de4cd9a,lol-wd-domi-2026-09-08-game1,grid,0.23999999999999932,6.32,1.0,grid-2968613-m1,lol-wd-domi-2026-09-08-game1,live,20260904T193238Z,2,5.0,0.75,2026-09-08T18:21,Liga Portuguesa - Summer 2026 (Playoffs: Playoffs)
116837902961537599,0x8f1cda8035dfb6eafc5a0f1c00ab6798caba5cfee77036fffc85ea16d74521a6,lol-wd-domi-2026-09-08-game2,grid,0.0,0.0,0.0,grid-2968613-m2,lol-wd-domi-2026-09-08-game2,live,20260904T193238Z,5,14.9926,1.0523000000000007,2026-09-08T19:10,Liga Portuguesa - Summer 2026 (Playoffs: Playoffs)
116837902961537600,0xa8b8368e756ca53c375d993fbf0a5a3345a16772c302a7842b31e34f29297bbd,lol-wd-domi-2026-09-08-game3,grid,0.0,0.0,0.0,grid-2968613-m3,lol-wd-domi-2026-09-08-game3,live,20260904T193238Z,5,15.0027,-0.33970000000000056,2026-09-08T19:56,Liga Portuguesa - Summer 2026 (Playoffs: Playoffs)
116837902961537604,0x34ec2b1b7348ea903a4b905f16449f5f0330e5629027cea2948c3017902c0fe6,lol-tos-wd-2026-09-13-game1,grid,12.450000000000003,181.26,10.0,grid-2968614-m1,lol-tos-wd-2026-09-13-game1,live,20260912T100410Z,7,89.994686,-7.102186000000003,2026-09-13T18:13,Liga Portuguesa - Summer 2026 (Playoffs: Playoffs)
116837902961537605,0x88015005e46f9c5816c7e0145331613bee83913a66d723360efd381953fb1544,lol-tos-wd-2026-09-13-game2,grid,0.0,0.0,0.0,grid-2968614-m2,lol-tos-wd-2026-09-13-game2,live,20260912T100410Z,0,0.0,0.0,2026-09-13T19:25,Liga Portuguesa - Summer 2026 (Playoffs: Playoffs)
116996464901571353,0xb554552e16cb534d3c08571db474bfc75cd667458777e126a947fd6b5659ee8d,lol-esb-bg2-2026-09-05,grid,-8.946499999999972,133.494,6.0,grid-2991216-m3,lol-esb-bg2-2026-09-05,live,20260831T120859Z,4,19.997,-0.40713399999999966,2026-09-04T17:14,Hitpoint Masters - Summer 2026 (Regular Season: Regular Season)
116996464901636924,0x0aa52b93330a18d1aba77724f9950b4510ce449890e47dab7d2c4ad8dbb8df83,lol-mea-brt-2026-09-01-game2,grid,0.0,0.0,0.0,grid-2991210-m2,lol-mea-brt-2026-09-01-game2,live,20260831T120859Z,8,66.63095200000001,21.13764499999999,2026-09-01T17:10,Hitpoint Masters - Summer 2026 (Regular Season: Regular Season)
116996464901636925,0xd45d7b984919d7cf9c75a46aacbcef4742f7c614600ca132dc153c7e9f9ec433,lol-mea-brt-2026-09-01,grid,27.28559500000003,99.99870000000003,5.0,grid-2991210-m3,lol-mea-brt-2026-09-01,live,20260831T120859Z,0,0.0,0.0,2026-09-01T18:06,Hitpoint Masters - Summer 2026 (Regular Season: Regular Season)
116996464901636936,0x4fc84b3b3f20a27664e7f90a5d3a19647b6be5ab01c14103f6784b184c760c3d,lol-exe-ckz-2026-09-01-game2,grid,0.0,0.0,0.0,grid-2991209-m2,lol-exe-ckz-2026-09-01-game2,live,20260831T120859Z,0,0.0,0.0,2026-09-01T15:11,Hitpoint Masters - Summer 2026 (Regular Season: Regular Season)
116996464901636951,0xac7edc9184f0052d7525f97a398bf625f5ec38af46b69bc13fe3440662fcea1b,lol-exe-esb-2026-09-03-game1,grid,0.0,0.0,0.0,grid-2991214-m1,lol-exe-esb-2026-09-03-game1,live,20260831T120859Z,0,0.0,0.0,2026-09-03T15:55,Hitpoint Masters - Summer 2026 (Regular Season: Regular Season)
116996464901636960,0x647b6afa1769498fbb868eae039b599fd606fee8b42c7286778c05ad7a3816a9,lol-mea-esb-2026-09-06-game2,grid,0.0,0.0,0.0,grid-2991218-m2,lol-mea-esb-2026-09-06-game2,live,20260904T193238Z,3,9.9978,-0.5261999999999993,2026-09-06T13:11,Hitpoint Masters - Summer 2026 (Regular Season: Regular Season)
116996464901636979,0x4b9ad6ebcae0316476cc54393500d9670641c1d9a4ac4d4d38faa041d55e7b44,lol-mea-ot-2026-09-02-game1,grid,0.0,0.0,0.0,grid-2991212-m1,lol-mea-ot-2026-09-02-game1,live,20260831T120859Z,0,0.0,0.0,2026-09-02T16:14,Hitpoint Masters - Summer 2026 (Regular Season: Regular Season)
116996464901636991,0x42e7c98170a13a8cc076faeb218d0c44d781163f2b2ee0e36b004117422497cf,lol-nbs-exe-2026-09-08-game1,grid,0.0,0.0,0.0,grid-3005559-m1,lol-nbs-exe-2026-09-08-game1,live,20260904T193238Z,3,5.0016,-0.46889999999999965,2026-09-08T14:18,Hitpoint Masters - Summer 2026 (Playoffs: Playoffs)
116996464901636997,0x937e3da78b341d3f7e65ad02cca7eae82e36eb6604cb3e5ece365fad01ba3f0a,lol-ckz-mea-2026-09-09-game1,grid,0.0,0.0,0.0,grid-3005560-m1,lol-ckz-mea-2026-09-09-game1,live,20260904T193238Z,0,0.0,0.0,2026-09-09T14:16,Hitpoint Masters - Summer 2026 (Playoffs: Playoffs)
116996464901636999,0xa55ba082ce3b047b39177029082019e290bf447a9eb6381962b8cee79833a0fa,lol-ckz-mea-2026-09-09-game3,grid,-1.3600000000000003,6.580000000000001,2.0,grid-3005560-m3,lol-ckz-mea-2026-09-09-game3,live,20260904T193238Z,0,0.0,0.0,2026-09-09T15:59,Hitpoint Masters - Summer 2026 (Playoffs: Playoffs)
116996464901637003,0xa5d68feab388f8964a98930b6d9c68f6aa103eb2028d7a400c08739b67b8d69b,lol-nbs-ckz-2026-09-15-game1,grid,0.7199999999999998,5.04,1.0,grid-3005569-m1,lol-nbs-ckz-2026-09-15-game1,live,20260912T100410Z,0,0.0,0.0,2026-09-15T14:54,Hitpoint Masters - Summer 2026 (Playoffs: Playoffs)
116996464901637004,0x867be407fcf58b2d343f8bdc8b767fbcdc5976d0a5210fcd5dfd2d86e3de18df,lol-nbs-ckz-2026-09-15-game2,grid,0.0,0.0,0.0,grid-3005569-m2,lol-nbs-ckz-2026-09-15-game2,live,20260912T100410Z,0,0.0,0.0,2026-09-15T15:49,Hitpoint Masters - Summer 2026 (Playoffs: Playoffs)
116996464901637005,0x4dbb36cbf941ff6e32607f3bd9a49070cc801511abbc402ba508d8787b29ccb4,lol-nbs-ckz-2026-09-15-game3,grid,0.0,0.0,0.0,grid-3005569-m3,lol-nbs-ckz-2026-09-15-game3,live,20260912T100410Z,0,0.0,0.0,2026-09-15T16:35,Hitpoint Masters - Summer 2026 (Playoffs: Playoffs)
116996464901637009,0x709a41965b73fdb5ed3ed5685111b8724163fb2f6b145175d5ccfa20c5777277,lol-mea-brt-2026-09-10-game1,grid,0.0,0.0,0.0,grid-3005562-m1,lol-mea-brt-2026-09-10-game1,live,20260912T100410Z,0,0.0,0.0,2026-09-13T11:16,Hitpoint Masters - Summer 2026 (Playoffs: Playoffs)
116996464901637011,0xd08233d4c3e477ba14066b6bd24fd0e3e6e050596471455429c9dc5052ec22ba,lol-mea-brt-2026-09-10-game3,grid,0.0,0.0,0.0,grid-3005562-m3,lol-mea-brt-2026-09-10-game3,live,20260912T100410Z,0,0.0,0.0,2026-09-13T13:13,Hitpoint Masters - Summer 2026 (Playoffs: Playoffs)
116996464901637015,0xc884965f3e89a4b6a863ca4a289e478a456d6509ed7fb316067c327c50035422,lol-exe-esb-2026-09-14-game1,grid,31.811109719999934,443.27363495000003,25.0,grid-3005563-m1,lol-exe-esb-2026-09-14-game1,live,20260912T100410Z,4,19.378700000000002,0.7316999999999965,2026-09-14T14:30,Hitpoint Masters - Summer 2026 (Playoffs: Playoffs)
116996464901637016,0x4c6723310f1922b1999bd29cb5c07cd8ad59bb3a061bfe14f30bb67e7b09a07d,lol-exe-esb-2026-09-14-game2,grid,-16.977699959999917,554.19850329,18.0,grid-3005563-m2,lol-exe-esb-2026-09-14-game2,live,20260912T100410Z,20,305.626192,-5.110991999999996,2026-09-14T15:20,Hitpoint Masters - Summer 2026 (Playoffs: Playoffs)
116996464901702554,0x1ce39e2c9303c4e56fd66699df529524a11907c9e33fe0414856cdf7277dcb75,lol-exe-esb-2026-09-14-game4,grid,4.989200000000005,84.98072499999999,11.0,grid-3005563-m4,lol-exe-esb-2026-09-14-game4,live,20260912T100410Z,4,44.310624999999995,2.4230750000000034,2026-09-14T17:00,Hitpoint Masters - Summer 2026 (Playoffs: Playoffs)
116996464901702557,0x36841a12ef7c69ac48e78e16137d1fe7c021fd1ee7c1f3523b9b826662dc97d6,lol-mea-esb-2026-09-16-game1,grid,7.6250000000000115,104.87939999999999,3.0,grid-3005570-m1,lol-mea-esb-2026-09-16-game1,live,20260915T210431Z,10,80.51729999999999,-6.597399999999993,2026-09-16T14:30,Hitpoint Masters - Summer 2026 (Playoffs: Playoffs)
116996464901702558,0x06ac0a749b91709fc4897c78b3bc76bb482fc3d2c0e56def7609d7a6bec59e01,lol-mea-esb-2026-09-16-game2,grid,-6.043500000000019,212.1967,6.0,grid-3005570-m2,lol-mea-esb-2026-09-16-game2,live,20260915T210431Z,13,149.983826,-13.571225999999992,2026-09-16T15:06,Hitpoint Masters - Summer 2026 (Playoffs: Playoffs)
116996464901702559,0xef36d1c0604fd688e3c64507f9c28b4faabfb888ab37b0635e328da36a121ce1,lol-mea-esb-2026-09-16-game3,grid,2.4621002700000076,234.3724,13.0,grid-3005570-m3,lol-mea-esb-2026-09-16-game3,live,20260915T210431Z,8,29.9816,-2.0749999999999993,2026-09-16T15:51,Hitpoint Masters - Summer 2026 (Playoffs: Playoffs)
116996464901702560,0xb909f1dc46f1543ce67536efcdbd2ac5cb03664be437ec17c083cc328b40b9fa,lol-mea-esb-2026-09-16-game4,grid,-151.3282102,452.8255,10.0,grid-3005570-m4,lol-mea-esb-2026-09-16-game4,live,20260915T210431Z,5,14.9945,-2.7220999999999993,2026-09-16T16:53,Hitpoint Masters - Summer 2026 (Playoffs: Playoffs)
117030752644841602,0x09b50a51a4000b720a357cc25b18bde4825d5078ba4ca3387366ac234f20b762,lol-gen-kt-2026-09-01-game1,grid,0.0,0.0,0.0,grid-2987017-m1,lol-gen-kt-2026-09-01-game1,live,20260831T120859Z,2,20.002200000000002,-2.1624000000000017,2026-09-01T08:11,LCK - Split 3 2026 (Regional Championship: Regional Championship)
117030752644841603,0x96e8f0966d85c1107a629cba66a4f92daeef417baae0ba08c863a1747b8dda59,lol-gen-kt-2026-09-01-game2,grid,1.2819999999999965,99.996,1.0,grid-2987017-m2,lol-gen-kt-2026-09-01-game2,live,20260831T120859Z,4,40.0028,0.7563999999999993,2026-09-01T09:13,LCK - Split 3 2026 (Regional Championship: Regional Championship)
117030752644841604,0x13fcc7b9b9db02c982771387bb979142b8139c0defb77495624eaad924272500,lol-gen-kt-2026-09-01-game3,grid,-16.799600000000055,299.99580000000003,3.0,grid-2987017-m3,lol-gen-kt-2026-09-01-game3,live,20260831T120859Z,2,50.0038,-2.5976,2026-09-01T10:09,LCK - Split 3 2026 (Regional Championship: Regional Championship)
117030752644841608,0x94a6e49bbc0ba2ae8aa09a85a9caeee001de2ff9cb113e4462f023e8f0507ec8,lol-hle1-t1-2026-09-02-game1,grid,-18.083099999999945,499.98150000000004,7.0,grid-2987018-m1,lol-hle1-t1-2026-09-02-game1,live,20260831T120859Z,4,199.9968,9.235200000000006,2026-09-02T08:11,LCK - Split 3 2026 (Regional Championship: Regional Championship)
117030752644841611,0x34a73ece03776416b9240d6871f3df7c12272a97b8610d0d5b4aa3060f77c9f0,lol-hle1-t1-2026-09-02-game4,grid,9.059023240000045,527.7111473599999,15.0,grid-2987018-m4,lol-hle1-t1-2026-09-02-game4,live,20260831T120859Z,11,298.904703,,2026-09-02T10:48,LCK - Split 3 2026 (Regional Championship: Regional Championship)
117030752644841612,0x04cfc9a4750296502a38b7dd244e7d7c7e277576f62a56e7fdff8ae9d4e27fd2,lol-hle1-t1-2026-09-02,grid,19.48159999999993,341.9638,8.0,grid-2987018-m5,lol-hle1-t1-2026-09-02,live,20260831T120859Z,5,200.0032,12.456,2026-09-02T11:38,LCK - Split 3 2026 (Regional Championship: Regional Championship)
117030752644841614,0x93c0c7081d4d9cbb3e03d47c9c0a70ae95668e29f4693ce94ef9ab1733f7d0a1,lol-fox1-dk-2026-09-03-game1,grid,-57.86940000000002,599.9856,6.0,grid-2987019-m1,lol-fox1-dk-2026-09-03-game1,live,20260831T120859Z,6,90.00370000000001,-11.200199999999999,2026-09-03T08:08,LCK - Split 3 2026 (Regional Championship: Regional Championship)
117030752644841615,0x2f9e89a364b1aeb96ce709b8bb3cb08acddfc5b5df2b3fba45a4959d9e8815b4,lol-fox1-dk-2026-09-03-game2,grid,0.0,0.0,0.0,grid-2987019-m2,lol-fox1-dk-2026-09-03-game2,live,20260831T120859Z,2,10.0,0.6000000000000014,2026-09-03T09:15,LCK - Split 3 2026 (Regional Championship: Regional Championship)
117030752644841616,0xe93ad3b01e88a97fb5dad28c0c4b53ccac0631c5adad33a374c13a0446648119,lol-fox1-dk-2026-09-03-game3,grid,53.78833157,419.3425,12.0,grid-2987019-m3,lol-fox1-dk-2026-09-03-game3,live,20260831T120859Z,4,19.9915,2.0012000000000008,2026-09-03T10:17,LCK - Split 3 2026 (Regional Championship: Regional Championship)
117030752644841617,0xb9b5aa457e81057c73145f19d73eecdc3da0b8c49752adc08bee2033e66bfbac,lol-fox1-dk-2026-09-03-game4,grid,38.68129500000009,908.1718,25.0,grid-2987019-m4,lol-fox1-dk-2026-09-03-game4,live,20260831T120859Z,11,39.990899999999996,0.16589899999999957,2026-09-03T11:12,LCK - Split 3 2026 (Regional Championship: Regional Championship)
117030752644841618,0x7ce33f561c31ff28d18e27387eb672651dc1e10ad46ecdb532e7c416900d768d,lol-fox1-dk-2026-09-03,grid,15.35036150000002,699.9833,13.0,grid-2987019-m5,lol-fox1-dk-2026-09-03,live,20260831T120859Z,6,29.9993,0.6549000000000014,2026-09-03T12:00,LCK - Split 3 2026 (Regional Championship: Regional Championship)
117030752644841620,0x23b3fc2cebcd295a8f7f9260598dd0340606a72370bfb79176e555050236d61d,lol-gen-hle1-2026-09-05-game1,grid,-17.15580063999994,399.98806464,5.0,grid-2987021-m1,lol-gen-hle1-2026-09-05-game1,live,20260831T120859Z,2,10.0009,0.0,2026-09-05T08:08,LCK - Split 3 2026 (Regional Championship: Regional Championship)
117030752644841621,0xe711da7c4c2256ca421407b02e13e5c59c438da4f81a8a12960e0744cf229951,lol-gen-hle1-2026-09-05-game2,grid,23.17440000000002,199.9982,3.0,grid-2987021-m2,lol-gen-hle1-2026-09-05-game2,live,20260904T193238Z,10,50.0045,,2026-09-05T09:11,LCK - Split 3 2026 (Regional Championship: Regional Championship)
117030752644841622,0xf172da4c4ea78b722ffe8a5fe93d0e8cb00cebc5439f642b5ab2a1ce524eb24c,lol-gen-hle1-2026-09-05-game3,grid,8.107011560000018,144.81510644,5.0,grid-2987021-m3,lol-gen-hle1-2026-09-05-game3,live,20260904T193238Z,11,49.997,-1.8171009999999992,2026-09-05T10:19,LCK - Split 3 2026 (Regional Championship: Regional Championship)
117030752644841627,0x3d96fd4fab2f12358ebe188943df122b6b1b9af0d25e841863509e66a63a5106,lol-kt-dk-2026-09-04-game2,grid,19.1999,399.9911,7.0,grid-2987020-m2,lol-kt-dk-2026-09-04-game2,live,20260831T120859Z,7,21.870599,0.2038000000000011,2026-09-04T09:02,LCK - Split 3 2026 (Regional Championship: Regional Championship)
117030752644841628,0xe8c0801e4e986f92c577fc8477244a8a05a2df4ffecea4ff84c1158f342acb72,lol-kt-dk-2026-09-04-game3,grid,-75.44830100000004,799.988001,14.0,grid-2987020-m3,lol-kt-dk-2026-09-04-game3,live,20260831T120859Z,9,40.0007,-1.3999000000000006,2026-09-04T10:07,LCK - Split 3 2026 (Regional Championship: Regional Championship)
117030752644841629,0xbe1b23ceeabd4edf85c46122a109fecad298403f40290771223f2649d5f4edce,lol-kt-dk-2026-09-04-game4,grid,50.359177339999974,1329.6816212,22.0,grid-2987020-m4,lol-kt-dk-2026-09-04-game4,live,20260831T120859Z,9,40.0025,1.3260989999999975,2026-09-04T10:58,LCK - Split 3 2026 (Regional Championship: Regional Championship)
117030752644841632,0x5ca44789ebbeb595cc07296c561d60fbe525ed945a4c7ec4a61fd4308e093d0d,lol-t1-dk-2026-09-06-game1,grid,3.977299249999966,299.9913,4.0,grid-2987004-m1,lol-t1-dk-2026-09-06-game1,live,20260904T193238Z,10,49.997699999999995,-2.344699999999998,2026-09-06T08:09,LCK - Split 3 2026 (Regional Championship: Regional Championship)
117030752644841633,0xa7348264393db93ab548eb8485eb1f199320ab46b93ed33576f200d86faf7e72,lol-t1-dk-2026-09-06-game2,grid,40.028440169999996,660.74745983,20.0,grid-2987004-m2,lol-t1-dk-2026-09-06-game2,live,20260904T193238Z,9,41.25338,0.8068199999999983,2026-09-06T09:16,LCK - Split 3 2026 (Regional Championship: Regional Championship)
117030752644841634,0x6f91dc8e9759906e226adfeaf20e19956da4c7b49cce00d5a34f9835852a76ac,lol-t1-dk-2026-09-06-game3,grid,-25.811399999999935,510.8585,14.0,grid-2987004-m3,lol-t1-dk-2026-09-06-game3,live,20260904T193238Z,0,0.0,0.0,2026-09-06T10:09,LCK - Split 3 2026 (Regional Championship: Regional Championship)
117030752644841635,0xd32e955d1e7691f637c7be35ddd4f102b317e8623825b843c7bfd6d9cabeb2aa,lol-t1-dk-2026-09-06-game4,grid,165.3275,599.7853,11.0,grid-2987004-m4,lol-t1-dk-2026-09-06-game4,live,20260904T193238Z,4,14.977377,2.302622999999998,2026-09-06T11:13,LCK - Split 3 2026 (Regional Championship: Regional Championship)
117030752644841638,0x2ff1bd791decf05d2126cd422e53341b8a6c389aab39c69f0c4bab998ee70bc0,lol-hle1-t1-2026-09-12-game1,grid,70.0480365300001,339.2287,8.0,grid-2987005-m1,lol-hle1-t1-2026-09-12-game1,live,20260904T193238Z,15,49.995000000000005,1.9407999999999976,2026-09-12T05:21,LCK - Split 3 2026 (Regional Championship: Regional Championship)
117030752644841639,0x4aa743f46ffcadbe0bec2d56f96c7718a083bcb1724e73840aafb54a252bd3a3,lol-hle1-t1-2026-09-12-game2,grid,82.56060017000004,416.7358,10.0,grid-2987005-m2,lol-hle1-t1-2026-09-12-game2,live,20260904T193238Z,21,59.984233999999994,0.8785659999999993,2026-09-12T06:33,LCK - Split 3 2026 (Regional Championship: Regional Championship)
117030752644841640,0xb52a332637e1cd70df9970b8106c33aeb0a4a124f4d9fb5d9a426c0eea34853e,lol-hle1-t1-2026-09-12-game3,grid,45.95842888000001,876.826035,27.0,grid-2987005-m3,lol-hle1-t1-2026-09-12-game3,live,20260904T193238Z,10,29.995200000000004,-0.3349000000000028,2026-09-12T07:28,LCK - Split 3 2026 (Regional Championship: Regional Championship)
117030752644841641,0xaf50dfcfdc645e5925398ccf3b743951fbfdd16393880f58b1ddf122a1da6742,lol-hle1-t1-2026-09-12-game4,grid,40.94530014999998,499.98116484999997,6.0,grid-2987005-m4,lol-hle1-t1-2026-09-12-game4,live,20260904T193238Z,5,14.994900000000001,1.7330999999999985,2026-09-12T08:21,LCK - Split 3 2026 (Regional Championship: Regional Championship)
117030752644841644,0x5454c1ca515b620e7192ab4b958ad8b69904847e2a8e76714d25c8f1fe0910a7,lol-gen-hle1-2026-09-13-game1,grid,16.90630084000003,559.9530161600001,13.0,grid-2987006-m1,lol-gen-hle1-2026-09-13-game1,live,20260912T100410Z,6,118.088734,1.2977659999999958,2026-09-13T05:30,LCK - Split 3 2026 (Regional Championship: Regional Championship)
117030752644841645,0x05e8cc1b1a7544165cbb83a0537744b03aa41f7ff9dfaa5b7a4fdaa3beb511e3,lol-gen-hle1-2026-09-13-game2,grid,3.2786000000000115,99.9973,1.0,grid-2987006-m2,lol-gen-hle1-2026-09-13-game2,live,20260912T100410Z,0,0.0,0.0,2026-09-13T06:34,LCK - Split 3 2026 (Regional Championship: Regional Championship)
117030752644841646,0x4bcc7c8fbac762f6b5bef03f321beb7bf24e5b714daedc09e38a7ba4bacf46a4,lol-gen-hle1-2026-09-13-game3,grid,-8.948600000000056,726.3807,11.0,grid-2987006-m3,lol-gen-hle1-2026-09-13-game3,live,20260912T100410Z,2,30.0,-1.5000000000000036,2026-09-13T07:29,LCK - Split 3 2026 (Regional Championship: Regional Championship)
117030752644841647,0xed08b5ab40c60502809abf2494d27d3492d88e4a29d82c59a008dd4164516617,lol-gen-hle1-2026-09-13-game4,grid,60.405024849999904,451.02347514999997,12.0,grid-2987006-m4,lol-gen-hle1-2026-09-13-game4,live,20260912T100410Z,12,239.98286299999998,2.651736999999997,2026-09-13T08:19,LCK - Split 3 2026 (Regional Championship: Regional Championship)
117054582581341049,0x2b7ca5f097c2e319c17cb91845d6ddf59ddd8f75d9a3cc028f2555cd0b87f58c,lol-nbs-brt-2026-09-03-game1,grid,0.0,0.0,0.0,grid-2991213-m1,lol-nbs-brt-2026-09-03-game1,live,20260831T120859Z,0,0.0,0.0,2026-09-03T14:16,Hitpoint Masters - Summer 2026 (Regular Season: Regular Season)
117151111922858552,0xf5610d4dde7496aa055cad0179458f7ddc6ac5ea796cd36b1c705c65b15e110e,lol-bublik-domi-2026-09-10-game1,grid,0.0,0.0,0.0,grid-2999024-m1,lol-bublik-domi-2026-09-10-game1,live,20260904T193238Z,12,42.244218000000004,2.9207819999999955,2026-09-10T18:16,Liga Portuguesa - Summer 2026 (Playoffs: Playoffs)
117151111922858553,0x948c23cee4ed53d21b5b21ea42071e0e40014eac775b9150bf902985573ad7a0,lol-bublik-domi-2026-09-10-game2,grid,0.0,0.0,0.0,grid-2999024-m2,lol-bublik-domi-2026-09-10-game2,live,20260904T193238Z,4,9.9968,0.562,2026-09-10T19:06,Liga Portuguesa - Summer 2026 (Playoffs: Playoffs)
117151111922858556,0x2edcc9f499609d67119bd81e1e0e34562dfa243805b6ba9a4fe697cdf8ae72a4,lol-bublik-domi-2026-09-10,grid,0.0,0.0,0.0,grid-2999024-m5,lol-bublik-domi-2026-09-10,live,20260904T193238Z,6,29.9996,0.06709999999999951,2026-09-10T21:47,Liga Portuguesa - Summer 2026 (Playoffs: Playoffs)
117212895183030060,0xcd263fff231be51140924474eba167539a477f72d4c01ee245fdaf4ea07486a6,lol-llh-mgz-2026-09-08-game2,grid,48.153468989999986,183.19063315999998,17.0,grid-3004386-m2,lol-llh-mgz-2026-09-08-game2,live,20260904T193238Z,16,29.9969,9.731907079999996,2026-09-08T16:51,Esports Balkan League - Summer 2026 (Regional Finals: Regional Finals)
117212895183030062,0xce42d2ffe945df24933dc8d5cedcfd16115f7a0f3913ec7684092c9c55b568fc,lol-llh-mgz-2026-09-08-game4,grid,7.27,36.08,6.0,grid-3004386-m4,lol-llh-mgz-2026-09-08-game4,live,20260904T193238Z,0,0.0,0.0,2026-09-08T18:22,Esports Balkan League - Summer 2026 (Regional Finals: Regional Finals)
117212895183030067,0xd05d311781c0911789542dcce5f6a70ae02e17691ca83cbe1bac3966a2752518,lol-tsc-mgz-2026-09-10-game3,grid,-7.974100000000007,112.62610000000001,8.0,grid-3004388-m3,lol-tsc-mgz-2026-09-10-game3,live,20260904T193238Z,11,118.43880000000001,,2026-09-10T17:46,Esports Balkan League - Summer 2026 (Regional Finals: Regional Finals)
117212895183030069,0xbe4024a455dfb9645fba897753cea294b375bcc808b0f505fc41f3db93b81558,lol-tsc-mgz-2026-09-10,grid,-6.922645120000003,101.72283346,12.0,grid-3004388-m5,lol-tsc-mgz-2026-09-10,live,20260904T193238Z,18,44.416032,3.9675540000000042,2026-09-10T19:22,Esports Balkan League - Summer 2026 (Regional Finals: Regional Finals)
