match,esports_game_id,map_number,outcome_0,outcome_1,yes_is_radiant,model,joined_at_utc,horn_at_utc,grid_delay_s
grid-2964617-m1,115564797163821176,1,Sentinels,Cloud9,False,20260904T193238Z,2026-09-05T20:11:52.664624Z,2026-09-05T20:11:40Z,8.0
grid-2964617-m2,115564797163821177,2,Sentinels,Cloud9,False,20260904T193238Z,2026-09-05T20:56:50.291386Z,2026-09-05T20:56:38Z,8.0
grid-2964619-m1,115564797164345556,1,Shopify Rebellion,FlyQuest,True,20260904T193238Z,2026-09-06T20:07:55.222746Z,2026-09-06T20:07:43Z,8.0
grid-2964619-m2,115564797164345557,2,Shopify Rebellion,FlyQuest,True,20260904T193238Z,2026-09-06T20:58:03.667177Z,2026-09-06T20:57:52Z,8.0
grid-2964620-m1,115564797163886788,1,LYON,Disguised,False,20260904T193238Z,2026-09-06T21:52:13.885924Z,2026-09-06T21:52:00Z,8.0
grid-2964620-m2,115564797163886789,2,LYON,Disguised,True,20260904T193238Z,2026-09-06T22:34:44.050584Z,2026-09-06T22:34:32Z,8.0
grid-2965523-m1,116793933806066929,1,Frites Esports Club,Senshi Esports Club,False,20260831T120859Z,2026-09-01T16:25:24.040603Z,2026-09-01T16:25:12Z,8.0
grid-2965523-m2,116793933806066930,2,Frites Esports Club,Senshi Esports Club,True,20260831T120859Z,2026-09-01T17:44:48.450130Z,2026-09-01T17:38:22Z,8.0
grid-2965523-m3,116793933806066931,3,Frites Esports Club,Senshi Esports Club,True,20260831T120859Z,2026-09-01T18:35:48.583451Z,2026-09-01T18:35:36Z,8.0
grid-2965524-m1,116793933806066933,1,The Bandits,mCon esports,False,20260831T120859Z,2026-09-01T18:17:40.119413Z,2026-09-01T18:17:27Z,8.0
grid-2965524-m2,116793933806066934,2,The Bandits,mCon esports,True,20260831T120859Z,2026-09-01T19:19:11.788098Z,2026-09-01T19:19:00Z,8.0
grid-2965524-m3,116793933806066935,3,The Bandits,mCon esports,False,20260831T120859Z,2026-09-01T20:17:53.106632Z,2026-09-01T20:17:41Z,8.0
grid-2965525-m1,116793933806066943,1,Senshi Esports Club,Myth Esports,True,20260831T120859Z,2026-09-03T16:13:02.182589Z,2026-09-03T16:12:49Z,8.0
grid-2965525-m2,116793933806066944,2,Senshi Esports Club,Myth Esports,False,20260831T120859Z,2026-09-03T17:01:20.149219Z,2026-09-03T17:01:08Z,8.0
grid-2965526-m1,116793933806066947,1,The Bandits,ZennIT,False,20260831T120859Z,2026-09-03T18:02:49.067178Z,2026-09-03T18:02:36Z,8.0
grid-2965526-m2,116793933806066948,2,The Bandits,ZennIT,False,20260831T120859Z,2026-09-03T18:53:43.529960Z,2026-09-03T18:53:32Z,8.0
grid-2965526-m3,116793933806066949,3,The Bandits,ZennIT,True,20260831T120859Z,2026-09-03T19:44:13.757356Z,2026-09-03T19:44:01Z,8.0
grid-2965527-m1,116793933806066937,1,Frites Esports Club,mCon esports,False,20260904T193238Z,2026-09-08T16:09:00.656444Z,2026-09-08T16:08:47Z,8.0
grid-2965527-m2,116793933806066938,2,Frites Esports Club,mCon esports,True,20260904T193238Z,2026-09-08T17:02:53.971749Z,2026-09-08T17:02:41Z,8.0
grid-2965527-m3,116793933806066939,3,Frites Esports Club,mCon esports,True,20260904T193238Z,2026-09-08T17:55:24.726441Z,2026-09-08T17:54:00Z,8.0
grid-2965528-m1,116793933806066951,1,Senshi Esports Club,The Bandits,True,20260904T193238Z,2026-09-10T16:08:05.691535Z,2026-09-10T16:07:53Z,8.0
grid-2965528-m2,116793933806066952,2,Senshi Esports Club,The Bandits,True,20260904T193238Z,2026-09-10T16:57:59.883497Z,2026-09-10T16:57:48Z,8.0
grid-2965528-m3,116793933806066953,3,Senshi Esports Club,The Bandits,True,20260904T193238Z,2026-09-10T17:47:13.190273Z,2026-09-10T17:47:01Z,8.0
grid-2965529-m1,116793933806066957,1,mCon esports,Senshi Esports Club,False,20260912T100410Z,2026-09-15T16:21:58.137154Z,2026-09-15T16:21:46Z,8.0
grid-2965529-m2,116793933806066958,2,mCon esports,Senshi Esports Club,False,20260912T100410Z,2026-09-15T17:17:38.732204Z,2026-09-15T17:17:26Z,8.0
grid-2965529-m3,116793933806066959,3,mCon esports,Senshi Esports Club,False,20260912T100410Z,2026-09-15T18:03:56.558322Z,2026-09-15T18:03:44Z,8.0
grid-2965530-m1,116793933806066963,1,Frites Esports Club,Senshi Esports Club,True,20260915T210431Z,2026-09-17T16:06:17.060373Z,2026-09-17T16:06:04Z,8.0
grid-2965530-m2,116793933806066964,2,Frites Esports Club,Senshi Esports Club,False,20260915T210431Z,2026-09-17T16:58:02.549559Z,2026-09-17T16:57:51Z,8.0
grid-2965530-m3,116793933806066965,3,Frites Esports Club,Senshi Esports Club,False,20260915T210431Z,2026-09-17T17:48:21.810372Z,2026-09-17T17:48:10Z,8.0
grid-2967260-m1,116520885021783385,1,Fuego,3v Team,False,20260831T120859Z,2026-08-31T23:13:13.888247Z,2026-08-31T23:13:01Z,8.0
grid-2967260-m2,116520885021783386,2,Fuego,3v Team,False,20260831T120859Z,2026-09-01T00:08:02.567235Z,2026-09-01T00:07:51Z,8.0
grid-2967260-m3,116520885021783387,3,Fuego,3v Team,False,20260831T120859Z,2026-09-01T00:53:11.720781Z,2026-09-01T00:53:00Z,8.0
grid-2967261-m2,116520721101367284,2,Golden Lions,Maze Gaming,True,20260831T120859Z,2026-09-01T21:06:40.538637Z,2026-09-01T21:06:29Z,8.0
grid-2967261-m4,116520721101367286,4,Golden Lions,Maze Gaming,True,20260831T120859Z,2026-09-01T22:47:50.585712Z,2026-09-01T22:47:38Z,8.0
grid-2967262-m1,116520885021783391,1,Zeu5 Esports,Fuego,True,20260904T193238Z,2026-09-07T23:09:07.687049Z,2026-09-07T23:08:55Z,8.0
grid-2967262-m2,116520885021783392,2,Zeu5 Esports,Fuego,True,20260904T193238Z,2026-09-07T23:56:41.603168Z,2026-09-07T23:56:29Z,8.0
grid-2967262-m3,116520885021783393,3,Zeu5 Esports,Fuego,True,20260904T193238Z,2026-09-08T01:07:01.072795Z,2026-09-08T01:06:50Z,8.0
grid-2968611-m1,116837902961537586,1,Dominion Goblins,Dream Esports,True,20260831T120859Z,2026-09-03T18:14:46.546810Z,2026-09-03T18:14:33Z,8.0
grid-2968611-m2,116837902961537587,2,Dominion Goblins,Dream Esports,True,20260831T120859Z,2026-09-03T19:18:38.786588Z,2026-09-03T19:18:27Z,8.0
grid-2968611-m3,116837902961537588,3,Dominion Goblins,Dream Esports,False,20260831T120859Z,2026-09-03T20:30:55.904559Z,2026-09-03T20:30:44Z,8.0
grid-2968611-m4,116837902961537589,4,Dominion Goblins,Dream Esports,False,20260831T120859Z,2026-09-03T21:29:45.155951Z,2026-09-03T21:29:33Z,8.0
grid-2968612-m1,116837902961537592,1,Bubliki,The Otter Side,False,20260904T193238Z,2026-09-07T18:17:13.818194Z,2026-09-07T18:17:01Z,8.0
grid-2968612-m2,116837902961537593,2,Bubliki,The Otter Side,True,20260904T193238Z,2026-09-07T19:09:55.077331Z,2026-09-07T19:09:44Z,8.0
grid-2968612-m3,116837902961537594,3,Bubliki,The Otter Side,False,20260904T193238Z,2026-09-07T20:01:02.224495Z,2026-09-07T19:59:59Z,8.0
grid-2968612-m4,116837902961537595,4,Bubliki,The Otter Side,False,20260904T193238Z,2026-09-07T20:49:01.907677Z,2026-09-07T20:48:50Z,8.0
grid-2968613-m1,116837902961537598,1,White Dragons,Dominion Goblins,True,20260904T193238Z,2026-09-08T18:21:52.170938Z,2026-09-08T18:21:40Z,8.0
grid-2968613-m2,116837902961537599,2,White Dragons,Dominion Goblins,True,20260904T193238Z,2026-09-08T19:10:33.035675Z,2026-09-08T19:10:21Z,8.0
grid-2968613-m3,116837902961537600,3,White Dragons,Dominion Goblins,True,20260904T193238Z,2026-09-08T19:56:54.656612Z,2026-09-08T19:56:42Z,8.0
grid-2968614-m1,116837902961537604,1,The Otter Side,White Dragons,False,20260912T100410Z,2026-09-13T18:13:55.579852Z,2026-09-13T18:13:42Z,8.0
grid-2968614-m2,116837902961537605,2,The Otter Side,White Dragons,True,20260912T100410Z,2026-09-13T19:25:34.706702Z,2026-09-13T19:25:23Z,8.0
grid-2968614-m3,116837902961537606,3,The Otter Side,White Dragons,True,20260912T100410Z,2026-09-13T20:35:37.741818Z,2026-09-13T20:34:17Z,8.0
grid-2971821-m1,116878159559860076,1,Verdant,Arctic Pandas,False,20260831T120859Z,2026-08-31T16:06:27.043667Z,2026-08-31T16:15:18Z,
grid-2971822-m2,116878159559860081,2,Deer Gaming,The Ruddy Sack,True,20260831T120859Z,2026-08-31T18:57:30.610207Z,2026-08-31T18:55:26Z,8.0
grid-2971823-m1,116878159559860098,1,Deer Gaming,Bulldog Esports,False,20260831T120859Z,2026-09-02T16:09:55.613058Z,2026-09-02T16:09:44Z,8.0
grid-2971823-m2,116878159559860099,2,Deer Gaming,Bulldog Esports,True,20260831T120859Z,2026-09-02T17:05:31.627319Z,2026-09-02T17:05:20Z,8.0
grid-2971824-m1,116878159559860102,1,Verdant,DMG Esports,True,20260831T120859Z,2026-09-02T18:07:24.518203Z,2026-09-02T18:07:10Z,8.0
grid-2971824-m2,116878159559860103,2,Verdant,DMG Esports,False,20260831T120859Z,2026-09-02T18:55:27.490132Z,2026-09-02T18:55:15Z,8.0
grid-2971825-m1,116878159559860092,1,Arctic Pandas,The Ruddy Sack,False,20260904T193238Z,2026-09-07T16:03:42.686429Z,2026-09-07T16:03:30Z,8.0
grid-2971825-m2,116878159559860093,2,Arctic Pandas,The Ruddy Sack,True,20260904T193238Z,2026-09-07T16:58:58.266806Z,2026-09-07T16:57:34Z,8.0
grid-2971825-m3,116878159559860094,3,Arctic Pandas,The Ruddy Sack,False,20260904T193238Z,2026-09-07T17:52:55.395675Z,2026-09-07T17:52:44Z,8.0
grid-2972362-m2,116833506932324835,2,UCAM Esports Club,Barça eSports,False,20260831T120859Z,2026-09-01T16:03:29.942497Z,2026-09-01T16:03:17Z,8.0
grid-2972362-m3,116833506932324836,3,UCAM Esports Club,Barça eSports,False,20260831T120859Z,2026-09-01T16:51:01.883323Z,2026-09-01T16:50:49Z,8.0
grid-2972363-m1,116833506932324840,1,⁠Movistar KOI Fénix,UCAM Esports Club,True,20260831T120859Z,2026-09-02T15:13:34.184466Z,2026-09-02T15:13:21Z,8.0
grid-2972363-m2,116833506932324841,2,⁠Movistar KOI Fénix,UCAM Esports Club,True,20260831T120859Z,2026-09-02T16:13:24.310363Z,2026-09-02T16:13:12Z,8.0
grid-2972363-m3,116833506932324842,3,⁠Movistar KOI Fénix,UCAM Esports Club,True,20260831T120859Z,2026-09-02T17:02:52.994176Z,2026-09-02T17:02:41Z,8.0
grid-2973272-m1,115565671526403064,1,Vivo Keyd Stars,paiN Gaming,False,20260904T193238Z,2026-09-05T16:12:57.843644Z,2026-09-05T16:12:45Z,8.0
grid-2973272-m2,115565671526403065,2,Vivo Keyd Stars,paiN Gaming,True,20260904T193238Z,2026-09-05T17:07:03.191068Z,2026-09-05T17:06:51Z,8.0
grid-2973272-m3,115565671526403066,3,Vivo Keyd Stars,paiN Gaming,False,20260904T193238Z,2026-09-05T17:56:01.860690Z,2026-09-05T17:55:50Z,8.0
grid-2973272-m4,115565671526403067,4,Vivo Keyd Stars,paiN Gaming,False,20260904T193238Z,2026-09-05T18:55:05.265709Z,2026-09-05T18:54:53Z,8.0
grid-2973273-m1,115565671526403070,1,LOS,FURIA Esports,False,20260912T100410Z,2026-09-12T16:12:48.891863Z,2026-09-12T16:11:39Z,8.0
grid-2973273-m2,115565671526403071,2,LOS,FURIA Esports,True,20260912T100410Z,2026-09-12T17:10:18.212745Z,2026-09-12T17:10:06Z,8.0
grid-2973273-m3,115565671526403072,3,LOS,FURIA Esports,True,20260912T100410Z,2026-09-12T17:57:06.303780Z,2026-09-12T17:56:54Z,8.0
grid-2973273-m4,115565671526403073,4,LOS,FURIA Esports,False,20260912T100410Z,2026-09-12T18:45:41.746200Z,2026-09-12T18:45:30Z,8.0
grid-2973274-m1,115565671526403076,1,LOUD,paiN Gaming,False,20260912T100410Z,2026-09-13T16:11:51.381282Z,2026-09-13T16:11:39Z,8.0
grid-2973274-m2,115565671526403077,2,LOUD,paiN Gaming,False,20260912T100410Z,2026-09-13T16:59:53.328379Z,2026-09-13T16:59:41Z,8.0
grid-2973274-m3,115565671526403078,3,LOUD,paiN Gaming,True,20260912T100410Z,2026-09-13T17:54:05.854664Z,2026-09-13T17:53:54Z,8.0
grid-2973274-m4,115565671526403079,4,LOUD,paiN Gaming,True,20260912T100410Z,2026-09-13T18:46:24.719223Z,2026-09-13T18:46:13Z,8.0
grid-2974335-m1,116809554933343383,1,INTZ e-Sports,RMD Gaming,False,20260831T120859Z,2026-08-31T20:04:47.157146Z,2026-08-31T20:04:34Z,8.0
grid-2974335-m2,116809554933343384,2,INTZ e-Sports,RMD Gaming,True,20260831T120859Z,2026-08-31T20:51:34.126119Z,2026-08-31T20:51:22Z,8.0
grid-2974335-m3,116809554933343385,3,INTZ e-Sports,RMD Gaming,True,20260831T120859Z,2026-08-31T21:43:28.384128Z,2026-08-31T21:41:58Z,8.0
grid-2974337-m1,116809554933343377,1,Estral Esports,Vivo Keyd Stars Academy,False,20260831T120859Z,2026-09-02T20:05:09.196143Z,2026-09-02T20:04:55Z,8.0
grid-2974337-m2,116809554933343378,2,Estral Esports,Vivo Keyd Stars Academy,True,20260831T120859Z,2026-09-02T20:52:45.112273Z,2026-09-02T20:52:33Z,8.0
grid-2974337-m3,116809554933343379,3,Estral Esports,Vivo Keyd Stars Academy,True,20260831T120859Z,2026-09-02T21:42:45.552551Z,2026-09-02T21:42:33Z,8.0
grid-2975625-m1,116792888905448363,1,Maryville University,Contingent Esports,True,20260831T120859Z,2026-09-03T21:15:55.739121Z,2026-09-03T21:14:31Z,8.0
grid-2975625-m2,116792888905448364,2,Maryville University,Contingent Esports,False,20260831T120859Z,2026-09-03T22:07:48.307533Z,2026-09-03T22:07:37Z,8.0
grid-2975625-m3,116792888905448365,3,Maryville University,Contingent Esports,False,20260831T120859Z,2026-09-03T22:59:42.570849Z,2026-09-03T22:59:31Z,8.0
grid-2975625-m4,116792888905448366,4,Maryville University,Contingent Esports,False,20260831T120859Z,2026-09-03T23:47:04.552301Z,2026-09-03T23:46:53Z,8.0
grid-2975625-m5,116792888905448367,5,Maryville University,Contingent Esports,False,20260831T120859Z,2026-09-04T00:36:32.686233Z,2026-09-04T00:36:21Z,8.0
grid-2975627-m1,116792888905448369,1,Maryville University,NRG Esports,False,20260904T193238Z,2026-09-09T21:08:31.101709Z,2026-09-09T21:08:04Z,8.0
grid-2975627-m2,116792888905448370,2,Maryville University,NRG Esports,False,20260904T193238Z,2026-09-09T22:07:33.331431Z,2026-09-09T22:07:21Z,8.0
grid-2975627-m3,116792888905448371,3,Maryville University,NRG Esports,False,20260904T193238Z,2026-09-09T22:58:36.071189Z,2026-09-09T22:58:24Z,8.0
grid-2975627-m4,116792888905448372,4,Maryville University,NRG Esports,False,20260904T193238Z,2026-09-09T23:50:09.667344Z,2026-09-09T23:49:58Z,8.0
grid-2975628-m1,116792888905448375,1,Winthrop University,Maryville University,True,20260904T193238Z,2026-09-10T21:08:07.896678Z,2026-09-10T21:07:56Z,8.0
grid-2975628-m2,116792888905448376,2,Winthrop University,Maryville University,True,20260904T193238Z,2026-09-10T22:00:39.966552Z,2026-09-10T22:00:29Z,8.0
grid-2975628-m3,116792888905448377,3,Winthrop University,Maryville University,True,20260904T193238Z,2026-09-10T22:48:42.468055Z,2026-09-10T22:48:31Z,8.0
grid-2975628-m4,116792888905448378,4,Winthrop University,Maryville University,True,20260904T193238Z,2026-09-10T23:41:59.480942Z,2026-09-10T23:41:47Z,8.0
grid-2975628-m5,116792888905448379,5,Winthrop University,Maryville University,True,20260904T193238Z,2026-09-11T00:33:03.271038Z,2026-09-11T00:32:52Z,8.0
grid-2975629-m1,116792888905448381,1,Cupid Esports,Maryville University,True,20260904T193238Z,2026-09-11T21:05:14.943524Z,2026-09-11T21:05:03Z,8.0
grid-2975629-m2,116792888905448382,2,Cupid Esports,Maryville University,True,20260904T193238Z,2026-09-11T22:03:35.538622Z,2026-09-11T22:03:23Z,8.0
grid-2975629-m3,116792888905448383,3,Cupid Esports,Maryville University,True,20260904T193238Z,2026-09-11T23:01:00.168074Z,2026-09-11T23:00:49Z,8.0
grid-2976630-m1,116917034792783754,1,New Meta,L Guide Gaming,False,20260831T120859Z,2026-09-05T05:19:10.132444Z,2026-09-05T05:18:58Z,8.0
grid-2976630-m2,116917034792783755,2,New Meta,L Guide Gaming,True,20260831T120859Z,2026-09-05T06:26:27.037279Z,2026-09-05T06:26:15Z,8.0
grid-2976630-m3,116917034792783756,3,New Meta,L Guide Gaming,True,20260831T120859Z,2026-09-05T07:30:37.377038Z,2026-09-05T07:30:26Z,8.0
grid-2976631-m1,116917034792783760,1,FENNEL,New Meta,True,20260904T193238Z,2026-09-06T05:43:30.703948Z,2026-09-06T05:42:10Z,8.0
grid-2976631-m2,116917034792783761,2,FENNEL,New Meta,True,20260904T193238Z,2026-09-06T06:39:12.696050Z,2026-09-06T06:39:01Z,8.0
grid-2976631-m3,116917034792783762,3,FENNEL,New Meta,False,20260904T193238Z,2026-09-06T07:48:53.173283Z,2026-09-06T07:48:42Z,8.0
grid-2976631-m4,116917034792783763,4,FENNEL,New Meta,True,20260904T193238Z,2026-09-06T08:51:24.104786Z,2026-09-06T08:51:12Z,8.0
grid-2976631-m5,116917034792783764,5,FENNEL,New Meta,False,20260904T193238Z,2026-09-06T09:52:40.329090Z,2026-09-06T09:52:27Z,8.0
grid-2977835-m1,116696189685662300,1,Zena Esports,TITANS,False,20260831T120859Z,2026-09-02T16:16:18.945202Z,2026-09-02T16:16:03Z,8.0
grid-2977835-m2,116696189685662301,2,Zena Esports,TITANS,True,20260831T120859Z,2026-09-02T17:15:32.135492Z,2026-09-02T17:15:20Z,8.0
grid-2977835-m3,116696189685662302,3,Zena Esports,TITANS,True,20260831T120859Z,2026-09-02T18:03:51.389175Z,2026-09-02T18:03:40Z,8.0
grid-2977837-m1,116696189685662288,1,HMBLE,Colossal Gaming,False,20260831T120859Z,2026-09-03T16:09:19.053008Z,2026-09-03T16:09:05Z,8.0
grid-2977837-m2,116696189685662289,2,HMBLE,Colossal Gaming,False,20260831T120859Z,2026-09-03T17:00:13.245238Z,2026-09-03T17:00:01Z,8.0
grid-2977837-m3,116696189685662290,3,HMBLE,Colossal Gaming,False,20260831T120859Z,2026-09-03T17:53:24.521301Z,2026-09-03T17:53:13Z,8.0
grid-2978288-m1,116713193618227896,1,Unicorns Of Love Sexy Edition,Kaufland Hangry Knights,False,20260831T120859Z,2026-09-01T15:06:04.782186Z,2026-09-01T15:05:52Z,8.0
grid-2978288-m2,116713193618227897,2,Unicorns Of Love Sexy Edition,Kaufland Hangry Knights,False,20260831T120859Z,2026-09-01T16:06:45.497058Z,2026-09-01T16:06:33Z,8.0
grid-2978288-m3,116713193618227898,3,Unicorns Of Love Sexy Edition,Kaufland Hangry Knights,True,20260831T120859Z,2026-09-01T17:00:17.184755Z,2026-09-01T17:00:05Z,8.0
grid-2980509-m1,115565004607949376,1,Cloud9,Shopify Rebellion,False,20260912T100410Z,2026-09-12T20:11:37.703447Z,2026-09-12T20:11:24Z,8.0
grid-2980509-m2,115565004607949377,2,Cloud9,Shopify Rebellion,True,20260912T100410Z,2026-09-12T21:04:57.414589Z,2026-09-12T21:04:46Z,8.0
grid-2980509-m3,115565004607949378,3,Cloud9,Shopify Rebellion,True,20260912T100410Z,2026-09-12T21:52:16.519690Z,2026-09-12T21:52:05Z,8.0
grid-2984640-m1,116895891142270566,1,Lodis,BOMBA Team,True,20260831T120859Z,2026-09-01T17:18:48.611467Z,2026-09-01T17:18:35Z,8.0
grid-2984640-m2,116895891142270567,2,Lodis,BOMBA Team,True,20260831T120859Z,2026-09-01T18:09:45.647758Z,2026-09-01T18:09:34Z,8.0
grid-2984640-m3,116895891142270568,3,Lodis,BOMBA Team,True,20260831T120859Z,2026-09-01T19:07:01.713926Z,2026-09-01T19:06:50Z,8.0
grid-2984645-m1,116895891142270586,1,DOCISK,Barcząca Esports,False,20260831T120859Z,2026-09-03T15:11:02.472911Z,2026-09-03T15:10:49Z,8.0
grid-2984645-m2,116895891142270587,2,DOCISK,Barcząca Esports,True,20260831T120859Z,2026-09-03T16:09:16.653256Z,2026-09-03T16:09:04Z,8.0
grid-2984646-m1,116895891142270590,1,Lodis,DOCISK,True,20260831T120859Z,2026-09-04T15:09:19.020819Z,2026-09-04T15:09:06Z,8.0
grid-2984646-m2,116895891142270591,2,Lodis,DOCISK,True,20260831T120859Z,2026-09-04T16:03:31.406824Z,2026-09-04T16:03:20Z,8.0
grid-2987004-m1,117030752644841632,1,T1,Dplus KIA,False,20260904T193238Z,2026-09-06T08:09:55.409647Z,2026-09-06T08:09:42Z,8.0
grid-2987004-m2,117030752644841633,2,T1,Dplus KIA,False,20260904T193238Z,2026-09-06T09:16:04.945745Z,2026-09-06T09:15:54Z,8.0
grid-2987004-m3,117030752644841634,3,T1,Dplus KIA,False,20260904T193238Z,2026-09-06T10:09:10.733600Z,2026-09-06T10:08:51Z,8.0
grid-2987004-m4,117030752644841635,4,T1,Dplus KIA,False,20260904T193238Z,2026-09-06T11:13:17.254708Z,2026-09-06T11:11:51Z,8.0
grid-2987005-m1,117030752644841638,1,Hanwha Life Esports,T1,True,20260904T193238Z,2026-09-12T05:21:34.546304Z,2026-09-12T05:21:22Z,8.0
grid-2987005-m2,117030752644841639,2,Hanwha Life Esports,T1,False,20260904T193238Z,2026-09-12T06:33:58.239178Z,2026-09-12T06:33:47Z,8.0
grid-2987005-m3,117030752644841640,3,Hanwha Life Esports,T1,True,20260904T193238Z,2026-09-12T07:28:05.758624Z,2026-09-12T07:27:54Z,8.0
grid-2987005-m4,117030752644841641,4,Hanwha Life Esports,T1,False,20260904T193238Z,2026-09-12T08:21:40.242218Z,2026-09-12T08:21:27Z,8.0
grid-2987006-m1,117030752644841644,1,Gen.G,Hanwha Life Esports,True,20260912T100410Z,2026-09-13T05:30:22.768538Z,2026-09-13T05:30:10Z,8.0
grid-2987006-m2,117030752644841645,2,Gen.G,Hanwha Life Esports,False,20260912T100410Z,2026-09-13T06:34:14.741520Z,2026-09-13T06:34:03Z,8.0
grid-2987006-m3,117030752644841646,3,Gen.G,Hanwha Life Esports,False,20260912T100410Z,2026-09-13T07:29:38.189530Z,2026-09-13T07:29:26Z,8.0
grid-2987006-m4,117030752644841647,4,Gen.G,Hanwha Life Esports,True,20260912T100410Z,2026-09-13T08:19:23.259004Z,2026-09-13T08:19:12Z,8.0
grid-2987017-m1,117030752644841602,1,Gen.G,KT Rolster,True,20260831T120859Z,2026-09-01T08:11:31.834467Z,2026-09-01T08:11:19Z,8.0
grid-2987017-m2,117030752644841603,2,Gen.G,KT Rolster,True,20260831T120859Z,2026-09-01T09:13:24.429576Z,2026-09-01T09:13:13Z,8.0
grid-2987017-m3,117030752644841604,3,Gen.G,KT Rolster,True,20260831T120859Z,2026-09-01T10:09:07.233185Z,2026-09-01T10:08:55Z,8.0
grid-2987018-m1,117030752644841608,1,Hanwha Life Esports,T1,False,20260831T120859Z,2026-09-02T08:11:28.216502Z,2026-09-02T08:11:15Z,8.0
grid-2987018-m2,117030752644841609,2,Hanwha Life Esports,T1,False,20260831T120859Z,2026-09-02T09:05:18.974871Z,2026-09-02T09:05:06Z,8.0
grid-2987018-m4,117030752644841611,4,Hanwha Life Esports,T1,False,20260831T120859Z,2026-09-02T10:48:14.009470Z,2026-09-02T10:46:47Z,
grid-2987018-m5,117030752644841612,5,Hanwha Life Esports,T1,False,20260831T120859Z,2026-09-02T11:38:50.155675Z,2026-09-02T11:38:38Z,8.0
grid-2987019-m1,117030752644841614,1,BNK FEARX,Dplus KIA,True,20260831T120859Z,2026-09-03T08:08:15.532316Z,2026-09-03T08:08:02Z,8.0
grid-2987019-m2,117030752644841615,2,BNK FEARX,Dplus KIA,True,20260831T120859Z,2026-09-03T09:15:06.721955Z,2026-09-03T09:14:54Z,8.0
grid-2987019-m3,117030752644841616,3,BNK FEARX,Dplus KIA,False,20260831T120859Z,2026-09-03T10:17:33.071212Z,2026-09-03T10:17:21Z,8.0
grid-2987019-m4,117030752644841617,4,BNK FEARX,Dplus KIA,True,20260831T120859Z,2026-09-03T11:12:01.210610Z,2026-09-03T11:11:50Z,8.0
grid-2987019-m5,117030752644841618,5,BNK FEARX,Dplus KIA,False,20260831T120859Z,2026-09-03T12:00:07.921278Z,2026-09-03T11:59:56Z,8.0
grid-2987020-m1,117030752644841626,1,KT Rolster,Dplus KIA,True,20260831T120859Z,2026-09-04T08:08:10.660521Z,2026-09-04T08:07:58Z,8.0
grid-2987020-m2,117030752644841627,2,KT Rolster,Dplus KIA,False,20260831T120859Z,2026-09-04T09:02:33.667957Z,2026-09-04T09:02:21Z,8.0
grid-2987020-m3,117030752644841628,3,KT Rolster,Dplus KIA,True,20260831T120859Z,2026-09-04T10:07:46.328666Z,2026-09-04T10:07:35Z,8.0
grid-2987020-m4,117030752644841629,4,KT Rolster,Dplus KIA,False,20260831T120859Z,2026-09-04T10:58:18.157931Z,2026-09-04T10:58:06Z,8.0
grid-2987021-m1,117030752644841620,1,Gen.G,Hanwha Life Esports,False,20260831T120859Z,2026-09-05T08:08:34.064503Z,2026-09-05T08:08:21Z,8.0
grid-2987021-m2,117030752644841621,2,Gen.G,Hanwha Life Esports,True,20260904T193238Z,2026-09-05T09:11:42.772502Z,2026-09-05T09:11:31Z,8.0
grid-2987021-m3,117030752644841622,3,Gen.G,Hanwha Life Esports,False,20260904T193238Z,2026-09-05T10:19:47.046070Z,2026-09-05T10:19:35Z,8.0
grid-2987021-m4,117030752644841623,4,Gen.G,Hanwha Life Esports,True,20260904T193238Z,2026-09-05T11:13:13.000073Z,2026-09-05T11:13:01Z,
grid-2991209-m2,116996464901636936,2,EXILE esports,CITA Kaizen,False,20260831T120859Z,2026-09-01T15:11:24.893478Z,2026-09-01T15:11:13Z,8.0
grid-2991210-m1,116996464901636923,1,Meavedron,BRUTE,False,20260831T120859Z,2026-09-01T16:09:49.323543Z,2026-09-01T16:09:37Z,8.0
grid-2991210-m2,116996464901636924,2,Meavedron,BRUTE,False,20260831T120859Z,2026-09-01T17:10:58.183837Z,2026-09-01T17:10:12Z,8.0
grid-2991210-m3,116996464901636925,3,Meavedron,BRUTE,False,20260831T120859Z,2026-09-01T18:06:47.359159Z,2026-09-01T18:06:35Z,8.0
grid-2991212-m1,116996464901636979,1,Meavedron,Onion Team,False,20260831T120859Z,2026-09-02T16:14:01.149830Z,2026-09-02T16:13:48Z,8.0
grid-2991212-m2,116996464901636980,2,Meavedron,Onion Team,False,20260831T120859Z,2026-09-02T17:03:13.017053Z,2026-09-02T17:03:01Z,8.0
grid-2991212-m3,116996464901636981,3,Meavedron,Onion Team,True,20260831T120859Z,2026-09-02T17:49:14.777051Z,2026-09-02T17:47:49Z,8.0
grid-2991213-m1,117054582581341049,1,NightBirds,BRUTE,True,20260831T120859Z,2026-09-03T14:16:00.582619Z,2026-09-03T14:15:47Z,8.0
grid-2991213-m2,117054582581341050,2,NightBirds,BRUTE,True,20260831T120859Z,2026-09-03T14:51:27.831720Z,2026-09-03T14:50:55Z,8.0
grid-2991214-m1,116996464901636951,1,EXILE esports,eSuba,True,20260831T120859Z,2026-09-03T15:55:34.474854Z,2026-09-03T15:55:21Z,8.0
grid-2991214-m2,116996464901636952,2,EXILE esports,eSuba,True,20260831T120859Z,2026-09-03T16:57:15.758483Z,2026-09-03T16:57:04Z,8.0
grid-2991214-m3,116996464901636953,3,EXILE esports,eSuba,False,20260831T120859Z,2026-09-03T17:42:38.276737Z,2026-09-03T17:42:25Z,8.0
grid-2991216-m1,116996464901571351,1,eSuba,Bohemian Guardians,False,20260831T120859Z,2026-09-04T15:11:16.753941Z,2026-09-04T15:11:04Z,8.0
grid-2991216-m2,116996464901571352,2,eSuba,Bohemian Guardians,False,20260831T120859Z,2026-09-04T16:22:56.132448Z,2026-09-04T16:22:44Z,8.0
grid-2991216-m3,116996464901571353,3,eSuba,Bohemian Guardians,True,20260831T120859Z,2026-09-04T17:14:41.971843Z,2026-09-04T17:14:30Z,8.0
grid-2991217-m1,116996464901636907,1,CITA Kaizen,BRUTE,False,20260904T193238Z,2026-09-06T10:27:50.085834Z,2026-09-06T10:27:37Z,8.0
grid-2991217-m2,116996464901636908,2,CITA Kaizen,BRUTE,True,20260904T193238Z,2026-09-06T11:13:20.072687Z,2026-09-06T11:13:09Z,8.0
grid-2991218-m1,116996464901636959,1,Meavedron,eSuba,False,20260904T193238Z,2026-09-06T12:07:35.437000Z,2026-09-06T12:07:22Z,8.0
grid-2991218-m2,116996464901636960,2,Meavedron,eSuba,False,20260904T193238Z,2026-09-06T13:11:03.589901Z,2026-09-06T13:10:52Z,8.0
grid-2994622-m1,116838284885536049,1,PCIFIC ,Dark Passage,False,20260831T120859Z,2026-09-01T15:38:51.557018Z,2026-09-01T15:37:41Z,8.0
grid-2994622-m2,116838284885536050,2,PCIFIC ,Dark Passage,True,20260831T120859Z,2026-09-01T16:35:23.259860Z,2026-09-01T16:34:16Z,8.0
grid-2996948-m1,116912368900121321,1,TLN Pirates,Karmine Corp Blue,False,20260831T120859Z,2026-09-01T16:08:25.604527Z,2026-09-01T16:08:12Z,8.0
grid-2996948-m2,116912368900121322,2,TLN Pirates,Karmine Corp Blue,False,20260831T120859Z,2026-09-01T17:08:52.349324Z,2026-09-01T17:08:40Z,8.0
grid-2996948-m3,116912368900121323,3,TLN Pirates,Karmine Corp Blue,False,20260831T120859Z,2026-09-01T18:02:45.733213Z,2026-09-01T18:02:34Z,8.0
grid-2996948-m4,116912368900121324,4,TLN Pirates,Karmine Corp Blue,True,20260831T120859Z,2026-09-01T18:57:58.381831Z,2026-09-01T18:57:46Z,8.0
grid-2996948-m5,116912368900121325,5,TLN Pirates,Karmine Corp Blue,False,20260831T120859Z,2026-09-01T19:50:12.407008Z,2026-09-01T19:50:00Z,8.0
grid-2996949-m1,116912368900121327,1,Galions,TLN Pirates,False,20260831T120859Z,2026-09-02T16:08:53.491087Z,2026-09-02T16:08:00Z,8.0
grid-2996949-m2,116912368900121328,2,Galions,TLN Pirates,True,20260831T120859Z,2026-09-02T17:00:32.419370Z,2026-09-02T17:00:20Z,8.0
grid-2996949-m4,116912368900121330,4,Galions,TLN Pirates,False,20260831T120859Z,2026-09-02T18:50:19.795537Z,2026-09-02T18:50:08Z,8.0
grid-2998724-m1,117030847537428753,1,WLGaming Esports,Team Phantasma,False,20260831T120859Z,2026-09-02T13:17:08.983373Z,2026-09-02T13:16:56Z,8.0
grid-2998724-m3,117030847537428755,3,WLGaming Esports,Team Phantasma,True,20260831T120859Z,2026-09-02T15:20:48.918380Z,2026-09-02T15:20:37Z,8.0
grid-2998724-m4,117030847537428756,4,WLGaming Esports,Team Phantasma,False,20260831T120859Z,2026-09-02T16:12:52.667206Z,2026-09-02T16:12:41Z,8.0
grid-2999024-m1,117151111922858552,1,Bubliki,Dominion Goblins,True,20260904T193238Z,2026-09-10T18:16:29.661881Z,2026-09-10T18:16:17Z,8.0
grid-2999024-m2,117151111922858553,2,Bubliki,Dominion Goblins,False,20260904T193238Z,2026-09-10T19:06:30.531222Z,2026-09-10T19:06:19Z,8.0
grid-2999024-m3,117151111922858554,3,Bubliki,Dominion Goblins,True,20260904T193238Z,2026-09-10T19:52:49.935877Z,2026-09-10T19:52:38Z,8.0
grid-2999024-m4,117151111922858555,4,Bubliki,Dominion Goblins,False,20260904T193238Z,2026-09-10T21:01:24.830624Z,2026-09-10T21:01:12Z,8.0
grid-2999024-m5,117151111922858556,5,Bubliki,Dominion Goblins,True,20260904T193238Z,2026-09-10T21:47:08.568499Z,2026-09-10T21:46:57Z,8.0
grid-3000371-m1,115565004607949382,1,Sentinels,FlyQuest,False,20260912T100410Z,2026-09-13T20:13:32.720558Z,2026-09-13T20:13:21Z,8.0
grid-3000371-m2,115565004607949383,2,Sentinels,FlyQuest,False,20260912T100410Z,2026-09-13T21:07:01.691755Z,2026-09-13T21:06:50Z,8.0
grid-3000371-m3,115565004607949384,3,Sentinels,FlyQuest,False,20260912T100410Z,2026-09-13T22:00:16.361598Z,2026-09-13T22:00:04Z,8.0
grid-3000372-m1,115565004607949388,1,LYON,Cloud9,True,20260919T112946Z,2026-09-19T20:09:48.301589Z,2026-09-19T20:09:36Z,8.0
grid-3000372-m2,115565004607949389,2,LYON,Cloud9,False,20260919T112946Z,2026-09-19T21:09:10.794147Z,2026-09-19T21:09:00Z,8.0
grid-3000372-m3,115565004607949390,3,LYON,Cloud9,True,20260919T112946Z,2026-09-19T22:09:56.673651Z,2026-09-19T22:09:45Z,8.0
grid-3000372-m4,115565004607949391,4,LYON,Cloud9,False,20260919T112946Z,2026-09-19T23:14:59.329258Z,2026-09-19T23:14:48Z,8.0
grid-3000375-m1,115565004607949400,1,Shopify Rebellion,Sentinels,True,20260915T210431Z,2026-09-18T20:11:19.598040Z,2026-09-18T20:11:08Z,8.0
grid-3000375-m2,115565004607949401,2,Shopify Rebellion,Sentinels,False,20260915T210431Z,2026-09-18T20:56:41.302884Z,2026-09-18T20:56:28Z,8.0
grid-3000375-m3,115565004607949402,3,Shopify Rebellion,Sentinels,False,20260915T210431Z,2026-09-18T21:44:30.359626Z,2026-09-18T21:43:05Z,8.0
grid-3000375-m4,115565004607949403,4,Shopify Rebellion,Sentinels,True,20260915T210431Z,2026-09-18T22:30:51.915800Z,2026-09-18T22:30:40Z,8.0
grid-3000375-m5,115565004607949404,5,Shopify Rebellion,Sentinels,True,20260915T210431Z,2026-09-18T23:20:46.807661Z,2026-09-18T23:20:35Z,8.0
grid-3002597-m1,115548681803406298,1,Team Vitality,G2 Esports,False,20260904T193238Z,2026-09-05T10:20:16.768732Z,2026-09-05T10:20:04Z,8.0
grid-3002597-m2,115548681803406299,2,Team Vitality,G2 Esports,False,20260904T193238Z,2026-09-05T11:23:46.869541Z,2026-09-05T11:23:35Z,8.0
grid-3002597-m3,115548681803406300,3,Team Vitality,G2 Esports,False,20260904T193238Z,2026-09-05T12:19:36.848053Z,2026-09-05T12:19:25Z,8.0
grid-3002598-m1,115548681803406292,1,Karmine Corp,GIANTX,True,20260904T193238Z,2026-09-05T13:24:32.429134Z,2026-09-05T13:24:19Z,8.0
grid-3002598-m2,115548681803406293,2,Karmine Corp,GIANTX,True,20260904T193238Z,2026-09-05T14:26:20.912518Z,2026-09-05T14:26:09Z,8.0
grid-3002598-m3,115548681803406294,3,Karmine Corp,GIANTX,False,20260904T193238Z,2026-09-05T15:25:46.062075Z,2026-09-05T15:25:34Z,8.0
grid-3002598-m4,115548681803406295,4,Karmine Corp,GIANTX,True,20260904T193238Z,2026-09-05T16:15:32.131941Z,2026-09-05T16:15:20Z,8.0
grid-3002599-m1,115548681803406304,1,G2 Esports,Karmine Corp,False,20260904T193238Z,2026-09-06T15:17:41.840192Z,2026-09-06T15:17:29Z,8.0
grid-3002599-m2,115548681803406305,2,G2 Esports,Karmine Corp,True,20260904T193238Z,2026-09-06T16:17:05.031376Z,2026-09-06T16:15:43Z,8.0
grid-3002599-m3,115548681803406306,3,G2 Esports,Karmine Corp,True,20260904T193238Z,2026-09-06T17:14:24.718809Z,2026-09-06T17:13:10Z,8.0
grid-3002599-m4,115548681803406307,4,G2 Esports,Karmine Corp,False,20260904T193238Z,2026-09-06T18:05:18.200673Z,2026-09-06T18:05:06Z,8.0
grid-3002600-m1,115548681803406310,1,GIANTX,Natus Vincere,True,20260904T193238Z,2026-09-11T15:11:39.732035Z,2026-09-11T15:10:16Z,8.0
grid-3002600-m2,115548681803406311,2,GIANTX,Natus Vincere,True,20260904T193238Z,2026-09-11T15:57:27.527666Z,2026-09-11T15:57:15Z,8.0
grid-3002600-m3,115548681803406312,3,GIANTX,Natus Vincere,False,20260904T193238Z,2026-09-11T16:54:17.534870Z,2026-09-11T16:54:06Z,8.0
grid-3002600-m4,115548681803406313,4,GIANTX,Natus Vincere,True,20260904T193238Z,2026-09-11T17:53:44.784047Z,2026-09-11T17:53:33Z,8.0
grid-3002600-m5,115548681803406314,5,GIANTX,Natus Vincere,False,20260904T193238Z,2026-09-11T18:53:01.152585Z,2026-09-11T18:51:39Z,8.0
grid-3002601-m1,115548681803406316,1,Team Vitality,Movistar KOI,True,20260912T100410Z,2026-09-12T15:07:37.882371Z,2026-09-12T15:07:25Z,8.0
grid-3002601-m2,115548681803406317,2,Team Vitality,Movistar KOI,False,20260912T100410Z,2026-09-12T16:05:08.537903Z,2026-09-12T16:04:57Z,8.0
grid-3002601-m3,115548681803406318,3,Team Vitality,Movistar KOI,True,20260912T100410Z,2026-09-12T17:05:04.933066Z,2026-09-12T17:04:53Z,8.0
grid-3002601-m4,115548681803406319,4,Team Vitality,Movistar KOI,True,20260912T100410Z,2026-09-12T18:01:10.346301Z,2026-09-12T18:00:58Z,8.0
grid-3002601-m5,115548681803406320,5,Team Vitality,Movistar KOI,False,20260912T100410Z,2026-09-12T18:48:47.668484Z,2026-09-12T18:48:35Z,8.0
grid-3002602-m1,115548681803406322,1,Natus Vincere,Movistar KOI,False,20260915T210431Z,2026-09-18T15:18:05.971240Z,2026-09-18T15:17:53Z,8.0
grid-3002602-m2,115548681803406323,2,Natus Vincere,Movistar KOI,False,20260915T210431Z,2026-09-18T16:24:22.714151Z,2026-09-18T16:24:11Z,8.0
grid-3002602-m3,115548681803406324,3,Natus Vincere,Movistar KOI,False,20260915T210431Z,2026-09-18T17:16:15.743949Z,2026-09-18T17:16:04Z,8.0
grid-3002602-m4,115548681803406325,4,Natus Vincere,Movistar KOI,False,20260915T210431Z,2026-09-18T18:12:24.767144Z,2026-09-18T18:12:13Z,8.0
grid-3002603-m1,115548681803406328,1,Karmine Corp,Movistar KOI,True,20260919T112946Z,2026-09-19T15:15:12.428643Z,2026-09-19T15:14:59Z,8.0
grid-3002603-m2,115548681803406329,2,Karmine Corp,Movistar KOI,False,20260919T112946Z,2026-09-19T16:21:08.847510Z,2026-09-19T16:20:57Z,8.0
grid-3002603-m3,115548681803406330,3,Karmine Corp,Movistar KOI,False,20260919T112946Z,2026-09-19T17:17:22.710902Z,2026-09-19T17:17:00Z,8.0
grid-3004386-m1,117212895183030059,1,Lenovo Legion Honvéd,MAGAZA,True,20260904T193238Z,2026-09-08T16:10:05.549147Z,2026-09-08T16:09:53Z,8.0
grid-3004386-m2,117212895183030060,2,Lenovo Legion Honvéd,MAGAZA,True,20260904T193238Z,2026-09-08T16:51:51.165608Z,2026-09-08T16:50:24Z,8.0
grid-3004386-m3,117212895183030061,3,Lenovo Legion Honvéd,MAGAZA,True,20260904T193238Z,2026-09-08T17:40:32.104235Z,2026-09-08T17:40:20Z,8.0
grid-3004386-m4,117212895183030062,4,Lenovo Legion Honvéd,MAGAZA,False,20260904T193238Z,2026-09-08T18:22:35.034620Z,2026-09-08T18:22:23Z,8.0
grid-3004388-m1,117212895183030065,1,The Secret Club Esport,MAGAZA,False,20260904T193238Z,2026-09-10T16:08:01.693568Z,2026-09-10T16:07:49Z,8.0
grid-3004388-m2,117212895183030066,2,The Secret Club Esport,MAGAZA,True,20260904T193238Z,2026-09-10T17:01:37.856787Z,2026-09-10T17:01:25Z,8.0
grid-3004388-m3,117212895183030067,3,The Secret Club Esport,MAGAZA,False,20260904T193238Z,2026-09-10T17:46:52.755534Z,2026-09-10T17:45:30Z,8.0
grid-3004388-m4,117212895183030068,4,The Secret Club Esport,MAGAZA,True,20260904T193238Z,2026-09-10T18:30:47.850631Z,2026-09-10T18:30:36Z,8.0
grid-3004388-m5,117212895183030069,5,The Secret Club Esport,MAGAZA,True,20260904T193238Z,2026-09-10T19:22:45.768553Z,2026-09-10T19:21:48Z,8.0
grid-3005559-m1,116996464901636991,1,NightBirds,EXILE esports,False,20260904T193238Z,2026-09-08T14:18:01.242279Z,2026-09-08T14:17:48Z,8.0
grid-3005559-m2,116996464901636992,2,NightBirds,EXILE esports,False,20260904T193238Z,2026-09-08T15:19:56.501972Z,2026-09-08T15:06:16Z,8.0
grid-3005559-m3,116996464901636993,3,NightBirds,EXILE esports,False,20260904T193238Z,2026-09-08T15:45:14.313948Z,2026-09-08T15:45:02Z,8.0
grid-3005560-m1,116996464901636997,1,CITA Kaizen,Meavedron,True,20260904T193238Z,2026-09-09T14:16:27.984356Z,2026-09-09T14:16:16Z,8.0
grid-3005560-m2,116996464901636998,2,CITA Kaizen,Meavedron,True,20260904T193238Z,2026-09-09T15:09:13.264194Z,2026-09-09T15:09:01Z,8.0
grid-3005560-m3,116996464901636999,3,CITA Kaizen,Meavedron,True,20260904T193238Z,2026-09-09T15:59:11.225088Z,2026-09-09T15:58:59Z,8.0
grid-3005562-m1,116996464901637009,1,Meavedron,BRUTE,False,20260912T100410Z,2026-09-13T11:16:31.212636Z,2026-09-13T11:16:19Z,8.0
grid-3005562-m2,116996464901637010,2,Meavedron,BRUTE,False,20260912T100410Z,2026-09-13T12:14:29.654633Z,2026-09-13T12:14:17Z,8.0
grid-3005562-m3,116996464901637011,3,Meavedron,BRUTE,False,20260912T100410Z,2026-09-13T13:13:00.435143Z,2026-09-13T13:12:48Z,8.0
grid-3005563-m1,116996464901637015,1,EXILE esports,eSuba,True,20260912T100410Z,2026-09-14T14:30:47.580593Z,2026-09-14T14:30:35Z,8.0
grid-3005563-m2,116996464901637016,2,EXILE esports,eSuba,False,20260912T100410Z,2026-09-14T15:20:17.589115Z,2026-09-14T15:20:06Z,8.0
grid-3005563-m3,116996464901637017,3,EXILE esports,eSuba,True,20260912T100410Z,2026-09-14T16:16:23.793020Z,2026-09-14T16:16:11Z,8.0
grid-3005563-m4,116996464901702554,4,EXILE esports,eSuba,False,20260912T100410Z,2026-09-14T17:00:45.628840Z,2026-09-14T17:00:34Z,8.0
grid-3005569-m1,116996464901637003,1,NightBirds,CITA Kaizen,False,20260912T100410Z,2026-09-15T14:54:37.325194Z,2026-09-15T14:54:24Z,8.0
grid-3005569-m2,116996464901637004,2,NightBirds,CITA Kaizen,False,20260912T100410Z,2026-09-15T15:49:52.035011Z,2026-09-15T15:49:40Z,8.0
grid-3005569-m3,116996464901637005,3,NightBirds,CITA Kaizen,False,20260912T100410Z,2026-09-15T16:35:28.140427Z,2026-09-15T16:35:17Z,8.0
grid-3005570-m1,116996464901702557,1,Meavedron,eSuba,False,20260915T210431Z,2026-09-16T14:30:11.050863Z,2026-09-16T14:28:44Z,8.0
grid-3005570-m2,116996464901702558,2,Meavedron,eSuba,False,20260915T210431Z,2026-09-16T15:06:59.882447Z,2026-09-16T15:06:48Z,8.0
grid-3005570-m3,116996464901702559,3,Meavedron,eSuba,False,20260915T210431Z,2026-09-16T15:51:09.409281Z,2026-09-16T15:50:57Z,8.0
grid-3005570-m4,116996464901702560,4,Meavedron,eSuba,False,20260915T210431Z,2026-09-16T16:53:30.490617Z,2026-09-16T16:53:19Z,8.0
