seed,cap,net,engine,rebate,sd_map,cvar5,worst,maxdd,loss_gt300,loss_gt500,peak_med
seed0,600.0,18786.891362156126,17499.46375981412,1287.4276023420093,119.25863554949676,-180.88889716363272,-565.3613114754098,860.8629202034053,4,1,511.24704582
seed0,900.0,24606.20941677783,22947.64192399029,1658.5674927875389,161.45170160072774,-238.7109265652487,-706.95485274,1213.2129429502138,8,1,511.24704582
seed0,1200.0,28632.6853459676,26696.36097167762,1936.3243742899776,194.3371397001102,-281.9630568447298,-706.95485274,1609.4675600396713,15,1,511.24704582
seed0,1500.0,31015.89507693836,28862.09380149789,2153.8012754404695,219.46355230369025,-324.18749491794574,-706.95485274,1916.0314355571081,17,3,511.24704582
seed0,1800.0,32965.31899648221,30643.140063814975,2322.1789326672333,242.45419328996235,-362.20695647071966,-754.8694327860956,2156.926072556307,23,5,511.24704582
seed0,2400.0,36088.08726056607,33545.71353817731,2542.373722388757,279.51508542543326,-407.6865620696737,-953.7568785000001,2565.4020884173333,28,7,511.24704582
seed0,2700.0,36692.702021790756,34116.79215220999,2575.909869580754,286.57832684505127,-413.5453937119512,-959.5820436100003,2648.2472886464475,28,7,511.24704582
seed0,1000000000000.0,36692.702021790756,34116.79215220999,2575.909869580754,286.57832684505127,-413.5453937119512,-959.5820436100003,2648.2472886464475,28,7,511.24704582
seed1,600.0,18554.225686158446,17239.498500001195,1314.7271861572528,116.84914628489749,-170.2067350539266,-341.71129999999994,859.1821653957213,2,0,569.1005845999999
seed1,900.0,23942.00973998247,22249.589159274525,1692.4205807079445,159.18392562401706,-232.05535480535616,-476.5667422835105,1203.3913936232002,7,0,569.1005845999999
seed1,1200.0,27862.018766226764,25883.18899367918,1978.8297725475818,194.29043071533795,-282.6639495126653,-524.9908998800003,1426.9262027533277,12,2,569.1005845999999
seed1,1500.0,29866.99731242223,27663.290303581693,2203.7070088405417,219.65452658596666,-333.9485809859989,-637.743265239096,1739.9804457111168,20,5,569.1005845999999
seed1,1800.0,31262.08379969078,28879.744249025236,2382.339550665542,242.4277585612017,-380.8735579083251,-699.8657767199993,1983.164728263937,27,7,569.1005845999999
seed1,2400.0,33492.50286051698,30873.649161392004,2618.853699124974,276.43817650578484,-434.16375901288416,-929.6018093461687,2410.8501075360764,29,12,569.1005845999999
seed1,2700.0,33874.76499541311,31224.898530239992,2649.8664651731174,282.0372970421356,-439.9205802170732,-941.4487117999997,2444.1766380671015,29,14,569.1005845999999
seed1,1000000000000.0,33874.76499541311,31224.898530239992,2649.8664651731174,282.0372970421356,-439.9205802170732,-941.4487117999997,2444.1766380671015,29,14,569.1005845999999
seed2,600.0,19260.426330564773,18002.917619144042,1257.5087114207308,114.85659657926585,-163.85426168183912,-600.0,918.1523080087709,3,1,528.9922999999999
seed2,900.0,25303.199831896156,23684.038230570583,1619.1616013255716,159.134088288027,-221.2561183309623,-900.0,1325.4582265956424,5,1,528.9922999999999
seed2,1200.0,29806.161939481994,27907.98952781276,1898.1724116692358,194.955989017638,-270.1549606333891,-950.3606999999998,1592.634964302919,11,2,528.9922999999999
seed2,1500.0,32958.19740143858,30848.09634354351,2110.101057895067,224.58856131432051,-312.33331511738896,-950.3606999999998,1807.554965913334,15,4,528.9922999999999
seed2,1800.0,35399.3872793213,33119.94608060812,2279.44119871318,250.78297630174632,-352.1215370599101,-950.3606999999998,1978.7871550326909,22,6,528.9922999999999
seed2,2400.0,38204.30183582405,35691.182420934034,2513.1194148900145,291.3190247137163,-412.356209086693,-1149.025029885443,2308.277245385196,27,9,528.9922999999999
seed2,2700.0,38650.07420519441,36099.91093001001,2550.1632751843986,298.343121039226,-420.7801676407316,-1163.5503786999998,2389.6767482332307,28,9,528.9922999999999
seed2,1000000000000.0,38650.07420519441,36099.91093001001,2550.1632751843986,298.343121039226,-420.7801676407316,-1163.5503786999998,2389.6767482332307,28,9,528.9922999999999
