match_id,cond,series,map,joined,slug,radiant,dire,has_grid,has_session,egid,has_windows,has_details,dur
grid-2964617-m1,0x3aea17c2c4d7a938d09d10a663190711b2df524edf9d00493a4c3c20ebdc59bb,2964617,1,2026-09-05T20:11:52.664624Z,lol-sen-c9-2026-09-05-game1,Cloud9 Kia,Sentinels,True,True,115564797163821176,True,True,1620.0
grid-2964617-m2,0x200e622589aa7012240572b7c3db42f953c4f43d020965f6695a9a4f8fe2a20e,2964617,2,2026-09-05T20:56:50.291386Z,lol-sen-c9-2026-09-05-game2,Cloud9 Kia,Sentinels,True,True,115564797163821177,True,True,1972.0
grid-2964619-m1,0x95364e57745e3496a4572d7a886cbaa9beb38e9a02d1526619398825b2934c16,2964619,1,2026-09-06T20:07:55.222746Z,lol-sr-fly-2026-09-06-game1,Shopify Rebellion,FlyQuest,True,True,115564797164345556,True,True,1937.0
grid-2964619-m2,0x9d4352b8b7f22c3946dda174cadf14e28555b99d84d7c4639355d5d17cad5854,2964619,2,2026-09-06T20:58:03.667177Z,lol-sr-fly-2026-09-06-game2,Shopify Rebellion,FlyQuest,True,True,115564797164345557,True,True,1920.0
grid-2964620-m1,0xe4e20638c3d7f37f631bc9697058dc69c1ccf89cac6784cefbc87294806b3080,2964620,1,2026-09-06T21:52:13.885924Z,lol-ly-dsg-2026-09-06-game1,Disguised,LYON,True,True,115564797163886788,True,True,1428.0
grid-2964620-m2,0x5d22e3ac17107d7846690a5b9bbe46a0ba972e0bc0cfdd409bf3a58c3483193f,2964620,2,2026-09-06T22:34:44.050584Z,lol-ly-dsg-2026-09-06-game2,LYON,Disguised,True,True,115564797163886789,True,True,1454.0
grid-2965523-m1,0xa9b4d64d7c5a7c275ece82bf0226ec1e07d832a156a8c0638f13c71adaf0aa92,2965523,1,2026-09-01T16:25:24.040603Z,lol-fec-sec-2026-09-01-game1,Senshi eSports,Frites Esports Club,True,True,116793933806066929,True,True,2824.0
grid-2965523-m2,0xa6e2bd424e7e93a4417ddccb6b822d8a817f768047114a69938182c95f459a90,2965523,2,2026-09-01T17:44:48.450130Z,lol-fec-sec-2026-09-01-game2,Frites Esports Club,Senshi eSports,True,True,116793933806066930,True,True,1775.0
grid-2965523-m3,0x8652e3a6df33417eeb5ae9a10d1282a7e38dfa6afca7cbaf35a15604988f563c,2965523,3,2026-09-01T18:35:48.583451Z,lol-fec-sec-2026-09-01,Frites Esports Club,Senshi eSports,True,True,116793933806066931,True,True,1439.0
grid-2965524-m1,0xc8cf2bc5aee797cc3f86bc1acbe09ea593597a5d067d9823f4aa2b144fbcd6df,2965524,1,2026-09-01T18:17:40.119413Z,lol-ban2-mcn-2026-09-01-game1,mCon esports,The Bandits,True,True,116793933806066933,True,True,1789.0
grid-2965524-m2,0x522d50b3c28a737ae7ca1d696880c571391095179d30e232e0d59e27f0400ded,2965524,2,2026-09-01T19:19:11.788098Z,lol-ban2-mcn-2026-09-01-game2,The Bandits,mCon esports,True,True,116793933806066934,True,True,2020.0
grid-2965524-m3,0x1b00179d1b847edd7e5a6bfa5ba02905b61f30f3f627b6dd700a42e87d8694c2,2965524,3,2026-09-01T20:17:53.106632Z,lol-ban2-mcn-2026-09-01,mCon esports,The Bandits,True,True,116793933806066935,True,True,1538.0
grid-2965525-m1,0xf1bbcebe5f50384856c2d9da63e134fb7a9f833182b9e4a36ebbec94757e2c76,2965525,1,2026-09-03T16:13:02.182589Z,lol-sec-myth-2026-09-03-game1,Senshi eSports,Myth eSports,True,True,116793933806066943,True,True,1556.0
grid-2965525-m2,0xb7269e4e8d984dc43418e5746340a9897d5d12de460cc8a807b6523878c029b5,2965525,2,2026-09-03T17:01:20.149219Z,lol-sec-myth-2026-09-03-game2,Myth eSports,Senshi eSports,True,True,116793933806066944,True,True,1590.0
grid-2965526-m1,0xdbbae9a4099d2f1b8602eed1326d431c68b0dafcf6e1c9bbf33eea0e64592e0f,2965526,1,2026-09-03T18:02:49.067178Z,lol-ban2-znt-2026-09-03-game1,ZennIT,The Bandits,True,True,116793933806066947,True,True,1556.0
grid-2965526-m2,0x240320b1d82d0dfa3f86929da81fdd04b0cd78c9ab2e88422da14ccb0065fe49,2965526,2,2026-09-03T18:53:43.529960Z,lol-ban2-znt-2026-09-03-game2,ZennIT,The Bandits,True,True,116793933806066948,True,True,1580.0
grid-2965526-m3,0xc90c49ec041d7e07f1854899011a100e478a6172560c6b63a8aa3a0fa3cd94e5,2965526,3,2026-09-03T19:44:13.757356Z,lol-ban2-znt-2026-09-03,The Bandits,ZennIT,True,True,116793933806066949,True,True,2011.0
grid-2965527-m1,0x5b7739257c2278bfbdb29e18e585d1a2ec89f69db8bbb0fd7833f9a69ba07fb0,2965527,1,2026-09-08T16:09:00.656444Z,lol-fec-mcn-2026-09-08-game1,mCon esports,Frites Esports Club,True,True,116793933806066937,True,True,1685.0
grid-2965527-m2,0xaad57cedc31af40d079a12def75d4c59f8d051c9ad3dd999aa4d2760e9271b0d,2965527,2,2026-09-08T17:02:53.971749Z,lol-fec-mcn-2026-09-08-game2,Frites Esports Club,mCon esports,True,True,116793933806066938,True,True,1731.0
grid-2965527-m3,0x6af75b4c68dc8cb5c1b67f28f9dc04cf914869808b4c43503d0b5a241eb25806,2965527,3,2026-09-08T17:55:24.726441Z,lol-fec-mcn-2026-09-08-game3,Frites Esports Club,mCon esports,True,True,116793933806066939,True,True,1383.0
grid-2965528-m1,0xdb1e7b635ba1692235b1a012f8802688d668e18f28763af256f510593e73cdf0,2965528,1,2026-09-10T16:08:05.691535Z,lol-sec-ban2-2026-09-10-game1,Senshi Esports Club,The Bandits,True,True,116793933806066951,True,True,1609.0
grid-2965528-m2,0xed07b76991148da878c7eff57b9b98348e09d92d5d4f655c05e5a373a8a15839,2965528,2,2026-09-10T16:57:59.883497Z,lol-sec-ban2-2026-09-10-game2,Senshi Esports Club,The Bandits,True,True,116793933806066952,True,True,1510.0
grid-2965528-m3,0xc0f48c713c75d4ec738eaaa676c47371f6d4245e4462792ce9db8b3a3cc4aabd,2965528,3,2026-09-10T17:47:13.190273Z,lol-sec-ban2-2026-09-10-game3,Senshi Esports Club,The Bandits,True,True,116793933806066953,True,True,1365.0
grid-2965529-m1,0xd924b3b4d83008ae4062d9542abe762a704e85212ccb2ca6975094ce20ed42ee,2965529,1,2026-09-15T16:21:58.137154Z,lol-mcn-sec-2026-09-15-game1,Senshi Esports Club,mCon esports,True,True,116793933806066957,True,True,1991.0
grid-2965529-m2,0x2ece996a6ae870b8664d6bd43f0a6d442814742a7efaa60d62184caf2622910e,2965529,2,2026-09-15T17:17:38.732204Z,lol-mcn-sec-2026-09-15-game2,Senshi Esports Club,mCon esports,True,True,116793933806066958,True,True,1626.0
grid-2965529-m3,0xfbf3c5f9a5395600b90a1b9550a50e16dc6d1790728496c87a3a1188d654b6a4,2965529,3,2026-09-15T18:03:56.558322Z,lol-mcn-sec-2026-09-15-game3,Senshi Esports Club,mCon esports,True,True,116793933806066959,True,True,1446.0
grid-2965530-m1,0xffc51bbb15eab0c395d0e7adcc388a8685944ea8971fa1f0ce6bddba781932e3,2965530,1,2026-09-17T16:06:17.060373Z,lol-fec-sec-2026-09-17-game1,Frites Esports Club,Senshi Esports Club,True,True,116793933806066963,True,True,1756.0
grid-2965530-m2,0xc19c728ee981385ca22c186fc658f4f672de79545ae82f7d3446c027e0f94d26,2965530,2,2026-09-17T16:58:02.549559Z,lol-fec-sec-2026-09-17-game2,Senshi Esports Club,Frites Esports Club,True,True,116793933806066964,True,True,1760.0
grid-2965530-m3,0x43ad675b2ac6516597b7ee7e5f42a1b87c06f0470890fc357d6545897e38c605,2965530,3,2026-09-17T17:48:21.810372Z,lol-fec-sec-2026-09-17-game3,Senshi Esports Club,Frites Esports Club,True,True,116793933806066965,True,True,1644.0
grid-2967260-m1,0xfb378bf94c7caf39df5115199e89853b4cda1aa0393a34ad3d20e6168c9bd631,2967260,1,2026-08-31T23:13:13.888247Z,lol-fue-3v-2026-08-31-game1,3V TEAM,Fuego,True,True,116520885021783385,True,True,2167.0
grid-2967260-m2,0xfffc629b23b572327ff2fa0f11c8244075cef136f7f2043a4bcb97131e352d8f,2967260,2,2026-09-01T00:08:02.567235Z,lol-fue-3v-2026-08-31-game2,3V TEAM,Fuego,True,True,116520885021783386,True,True,1585.0
grid-2967260-m3,0xe18cb90c4a20f55af8d89e81825ecc1394de21e091e4ef348d58753d3fcd44c1,2967260,3,2026-09-01T00:53:11.720781Z,lol-fue-3v-2026-08-31-game3,3V TEAM,Fuego,True,True,116520885021783387,True,True,1408.0
grid-2967261-m2,0x6d01ba844ab9970f64faa88fc20b91187978f579d73a232dca6dacbd94fea458,2967261,2,2026-09-01T21:06:40.538637Z,lol-gl-maz-2026-09-01-game2,Golden Lions,Maze Gaming,True,True,116520721101367284,True,True,1952.0
grid-2967261-m4,0x1da22572884f0468859d603ffd0a47e1be862920dbbbb28564688c2bd3d5249a,2967261,4,2026-09-01T22:47:50.585712Z,lol-gl-maz-2026-09-01-game4,Golden Lions,Maze Gaming,True,True,116520721101367286,True,True,1658.0
grid-2967262-m1,0xa7df0afc9daabf00ce0be562f2d71e5364e74e9ca617456e0a9d03eb4a08dcfc,2967262,1,2026-09-07T23:09:07.687049Z,lol-z5-fue-2026-09-07-game1,Zeu5 Esports,Fuego,True,True,116520885021783391,True,True,1684.0
grid-2967262-m2,0x9a7d65d7bcede3be79c66e51be72cdb74e5f043ac33bbbb5e5d9c708e4b75052,2967262,2,2026-09-07T23:56:41.603168Z,lol-z5-fue-2026-09-07-game2,Zeu5 Esports,Fuego,True,True,116520885021783392,True,True,2547.0
grid-2967262-m3,0xa7350ea0f9d4c5e2656d6865dc19f1f67507a3c1948857094a9886279eae3eb7,2967262,3,2026-09-08T01:07:01.072795Z,lol-z5-fue-2026-09-07-game3,Zeu5 Esports,Fuego,True,True,116520885021783393,True,True,1582.0
grid-2968611-m1,0x85b5c4908722a777a7d3b9d489d3dc0435e0e522327ba95e42230e8e38a48466,2968611,1,2026-09-03T18:14:46.546810Z,lol-domi-drm-2026-09-03-game1,Dominion Goblins,Dream Esports,True,True,116837902961537586,True,True,2144.0
grid-2968611-m2,0xe9ca65f171b08ebcea77be960a6c60925ff6e433e436701fcfdb54ae7cd583d9,2968611,2,2026-09-03T19:18:38.786588Z,lol-domi-drm-2026-09-03-game2,Dominion Goblins,Dream Esports,True,True,116837902961537587,True,True,2504.0
grid-2968611-m3,0x732e63f1a837140a2b1e0d5dac79853ea547bb844986a472715625ae6cc7232d,2968611,3,2026-09-03T20:30:55.904559Z,lol-domi-drm-2026-09-03-game3,Dream Esports,Dominion Goblins,True,True,116837902961537588,True,True,1620.0
grid-2968611-m4,0x008eb92cc9c7a7cfbbc27d41ebe15695364830b4ac9786c8b42d1bdbbf5f0c80,2968611,4,2026-09-03T21:29:45.155951Z,lol-domi-drm-2026-09-03-game4,Dream Esports,Dominion Goblins,True,True,116837902961537589,True,True,1936.0
grid-2968612-m1,0x879f736c18018071bb5d58947893f45035b747c9ba896ebcf71d29d774c60497,2968612,1,2026-09-07T18:17:13.818194Z,lol-bublik-tos-2026-09-07-game1,Otter Side,Bubliki,True,True,116837902961537592,True,True,1695.0
grid-2968612-m2,0xeb840e70b1848a8a459451d929ca01270ccc5966a06980c51a8ec9a483627f2b,2968612,2,2026-09-07T19:09:55.077331Z,lol-bublik-tos-2026-09-07-game2,Bubliki,Otter Side,True,True,116837902961537593,True,True,1648.0
grid-2968612-m3,0x70819f3dac1a52a0c2e7560328f61a911037bcf18ff3f3a904f9e703bf50b812,2968612,3,2026-09-07T20:01:02.224495Z,lol-bublik-tos-2026-09-07-game3,Otter Side,Bubliki,True,True,116837902961537594,True,True,1429.0
grid-2968612-m4,0x3ae95c5af32b0a1a061c745449bc55d0162eec953ee71d1c94b620535fbbf63f,2968612,4,2026-09-07T20:49:01.907677Z,lol-bublik-tos-2026-09-07-game4,Otter Side,Bubliki,True,True,116837902961537595,True,True,1467.0
grid-2968613-m1,0x93ef9782737d9f1f33805543231ee286ab634dbe13e6728ef8d9c0719de4cd9a,2968613,1,2026-09-08T18:21:52.170938Z,lol-wd-domi-2026-09-08-game1,White Dragons,Dominion Goblins,True,True,116837902961537598,True,True,1592.0
grid-2968613-m2,0x8f1cda8035dfb6eafc5a0f1c00ab6798caba5cfee77036fffc85ea16d74521a6,2968613,2,2026-09-08T19:10:33.035675Z,lol-wd-domi-2026-09-08-game2,White Dragons,Dominion Goblins,True,True,116837902961537599,True,True,1435.0
grid-2968613-m3,0xa8b8368e756ca53c375d993fbf0a5a3345a16772c302a7842b31e34f29297bbd,2968613,3,2026-09-08T19:56:54.656612Z,lol-wd-domi-2026-09-08-game3,White Dragons,Dominion Goblins,True,True,116837902961537600,True,True,1442.0
grid-2968614-m1,0x34ec2b1b7348ea903a4b905f16449f5f0330e5629027cea2948c3017902c0fe6,2968614,1,2026-09-13T18:13:55.579852Z,lol-tos-wd-2026-09-13-game1,White Dragons,The Otter Side,True,True,116837902961537604,True,True,2110.0
grid-2968614-m2,0x88015005e46f9c5816c7e0145331613bee83913a66d723360efd381953fb1544,2968614,2,2026-09-13T19:25:34.706702Z,lol-tos-wd-2026-09-13-game2,The Otter Side,White Dragons,True,True,116837902961537605,True,True,2681.0
grid-2968614-m3,0x990df8485fc1eb61d82fbdf8eb6c85895c7a81288dba17df189a186b92955e59,2968614,3,2026-09-13T20:35:37.741818Z,lol-tos-wd-2026-09-13-game3,The Otter Side,White Dragons,True,True,116837902961537606,True,True,2097.0
grid-2971821-m1,0x2bcb98fca5c035188edc8f8e544bf8163d9974b7bc543da3db861987866c5cbd,2971821,1,2026-08-31T16:06:27.043667Z,lol-vdn-ap-2026-08-31-game1,Arctic Pandas,Verdant,True,True,116878159559860076,True,True,
grid-2971821-m2,0x1ed474857a32bd9db5058816a12d06d100108c4357b0ac11fb10984654258c42,2971821,2,2026-08-31T17:09:34.232864Z,lol-vdn-ap-2026-08-31-game2,Verdant,Arctic Pandas,True,False,116878159559860077,True,True,2072.0
grid-2971822-m2,0x9e6f73bddc2936f5dedb3e8850abc3ad09f90c31b16ec3aad4cce84d019a0624,2971822,2,2026-08-31T18:57:30.610207Z,lol-deer-rs-2026-08-31-game2,Deer Gaming,Ruddy Corporation,True,True,116878159559860081,True,True,1701.0
grid-2971823-m1,0x1050443cff84cd14910563482bd875d64041ac2847ad725a13924cd2e5e11521,2971823,1,2026-09-02T16:09:55.613058Z,lol-deer-bld-2026-09-02-game1,Bulldog Esports,Deer Gaming,True,True,116878159559860098,True,True,1912.0
grid-2971823-m2,0x5e96fab3e87b9b09aebafae76aee87d632136c78c51b83aeeb5c6de57135b88f,2971823,2,2026-09-02T17:05:31.627319Z,lol-deer-bld-2026-09-02-game2,Deer Gaming,Bulldog Esports,True,True,116878159559860099,True,True,1600.0
grid-2971823-m3,0x48bfe91ac4da874cdcfed1599f35d0a2cdd9f41a2b5b48afb98925611fa11514,2971823,3,2026-09-02T17:59:35.752169Z,lol-deer-bld-2026-09-02,Bulldog Esports,Deer Gaming,True,False,116878159559860100,True,True,1792.0
grid-2971824-m1,0x32a224a80787f36f42ee5f85f4223ed5b5fd59d155c9a937785e6214a019f80d,2971824,1,2026-09-02T18:07:24.518203Z,lol-vdn-dmg-2026-09-02-game1,Verdant,DMG Esports,True,True,116878159559860102,True,True,1377.0
grid-2971824-m2,0xcf31c4037eb5a9ff64a8dd816b521f77bf3301b341ac0734966d6899641c18cb,2971824,2,2026-09-02T18:55:27.490132Z,lol-vdn-dmg-2026-09-02-game2,DMG Esports,Verdant,True,True,116878159559860103,True,True,2200.0
grid-2971825-m1,0x4115fe1f63591b4bbd0191c9208f52df467353ee9c5e44f9fc7ae9bdb47a399b,2971825,1,2026-09-07T16:03:42.686429Z,lol-ap-rs-2026-09-07-game1,Ruddy Corporation,Arctic Pandas,True,True,116878159559860092,True,True,1880.0
grid-2971825-m2,0x9ac30d89b051de76813223f8b9fb3fc145d70ba3ca3cbd11eb89846c02d76e5b,2971825,2,2026-09-07T16:58:58.266806Z,lol-ap-rs-2026-09-07-game2,Arctic Pandas,Ruddy Corporation,True,True,116878159559860093,True,True,2062.0
grid-2971825-m3,0x8d4a0c3f999b3e74ad963409bac8bbc9698dbc98eaaba6a044930499cdf73284,2971825,3,2026-09-07T17:52:55.395675Z,lol-ap-rs-2026-09-07-game3,Ruddy Corporation,Arctic Pandas,True,True,116878159559860094,True,True,1365.0
grid-2972362-m2,0x62d54ecafdf6709492342f07ac067af57851b121d2503f04b4c8d50659b348a2,2972362,2,2026-09-01T16:03:29.942497Z,lol-ucam1-bar-2026-09-01-game2,Barça eSports,UCAM Esports Club,True,True,116833506932324835,True,True,1732.0
grid-2972362-m3,0xa534a6a2423a8b5b4f605729ec8696ff034ba9b8779c328f4cd552d32f8789d2,2972362,3,2026-09-01T16:51:01.883323Z,lol-ucam1-bar-2026-09-01-game3,Barça eSports,UCAM Esports Club,True,True,116833506932324836,True,True,1879.0
grid-2972363-m1,0x35d830e0e7ecf4754201478388e5efe6ecaffb402e90c4a93231b983cb31a0ba,2972363,1,2026-09-02T15:13:34.184466Z,lol-koia-ucam1-2026-09-02-game1,Movistar KOI Fénix,UCAM Esports Club,True,True,116833506932324840,True,True,1774.0
grid-2972363-m2,0x0a4d7216d9e6c796d57103b38059477d0cae4c48ea1888cd1a328d7a092bdbb3,2972363,2,2026-09-02T16:13:24.310363Z,lol-koia-ucam1-2026-09-02-game2,Movistar KOI Fénix,UCAM Esports Club,True,True,116833506932324841,True,True,1979.0
grid-2972363-m3,0x6b98f1ba16dde32b4d57d8c65fc0635080fd509054c8a349fadcfcdf8fc1193e,2972363,3,2026-09-02T17:02:52.994176Z,lol-koia-ucam1-2026-09-02-game3,Movistar KOI Fénix,UCAM Esports Club,True,True,116833506932324842,True,True,2008.0
grid-2972363-m4,0x209c4a85c9a9d6d659ef01e8c5caa57cd80c8793c16cac877c0816ed45f99283,2972363,4,2026-09-02T17:57:39.980436Z,lol-koia-ucam1-2026-09-02-game4,Movistar KOI Fénix,UCAM Esports Club,True,False,116833506932324843,True,True,1932.0
grid-2973272-m1,0x87555d3f700b4f1c98441a57bda70af3a31932d6ffb1b8ecb3af5f5ecf77cc08,2973272,1,2026-09-05T16:12:57.843644Z,lol-vks-png1-2026-09-05-game1,Pain Gaming,Vivo Keyd Stars,True,True,115565671526403064,True,True,1905.0
grid-2973272-m2,0x73b893d45198de9aa4874e0526bcb32b38bbceb373584fec79d17801766d10b0,2973272,2,2026-09-05T17:07:03.191068Z,lol-vks-png1-2026-09-05-game2,Vivo Keyd Stars,Pain Gaming,True,True,115565671526403065,True,True,1769.0
grid-2973272-m3,0xf7868d5e0b3ad79f53c8be1d33db52498f4b95470aa57f241fa370cee229c455,2973272,3,2026-09-05T17:56:01.860690Z,lol-vks-png1-2026-09-05-game3,Pain Gaming,Vivo Keyd Stars,True,True,115565671526403066,True,True,2113.0
grid-2973272-m4,0x4bbea1214d6b3794a5c0a3b47d0e3aeaeeb9c7b9c9d2f8905fd990026d1216ce,2973272,4,2026-09-05T18:55:05.265709Z,lol-vks-png1-2026-09-05-game4,Pain Gaming,Vivo Keyd Stars,True,True,115565671526403067,True,True,1728.0
grid-2973273-m1,0x304ac181485b265e63e796e5289a12aa6d867fc8c640778bcf044afdfd02c55e,2973273,1,2026-09-12T16:12:48.891863Z,lol-los-fur-2026-09-13-game1,FURIA Esports,LOS,True,True,115565671526403070,True,True,2451.0
grid-2973273-m2,0x2eaa98f35ea8c2537a549f0d78fecd440b7b313b968e6f1f5ff4734ccc0d7c81,2973273,2,2026-09-12T17:10:18.212745Z,lol-los-fur-2026-09-13-game2,LOS,FURIA Esports,True,True,115565671526403071,True,True,1643.0
grid-2973273-m3,0x046b53e0bb62404bebe056caa644e7d68e99538083ca4909d20e83d2e6e78ab6,2973273,3,2026-09-12T17:57:06.303780Z,lol-los-fur-2026-09-13-game3,LOS,FURIA Esports,True,True,115565671526403072,True,True,1799.0
grid-2973273-m4,0x47c327ca3a1ff6a5cd09d4fb9bedb388c582d7c6fd307bc642c9627183100d18,2973273,4,2026-09-12T18:45:41.746200Z,lol-los-fur-2026-09-13-game4,FURIA Esports,LOS,True,True,115565671526403073,True,True,1898.0
grid-2973274-m1,0xadc9bd4c8ef5661b53b27155e401de41c63e169bcb697d6cf3e803a2bf14a211,2973274,1,2026-09-13T16:11:51.381282Z,lol-lll-png1-2026-09-13-game1,paiN Gaming,LOUD,True,True,115565671526403076,True,True,1599.0
grid-2973274-m2,0x8838fb5db18cef53d55d94cc0c6b326b420d95f96f78877cf6aa8e164fe7bc7b,2973274,2,2026-09-13T16:59:53.328379Z,lol-lll-png1-2026-09-13-game2,paiN Gaming,LOUD,True,True,115565671526403077,True,True,2076.0
grid-2973274-m3,0x76941b0c9f107de81d31ae433c35b19632ba22867a1d91a498d9b994294c77a3,2973274,3,2026-09-13T17:54:05.854664Z,lol-lll-png1-2026-09-13-game3,LOUD,paiN Gaming,True,True,115565671526403078,True,True,2034.0
grid-2973274-m4,0x60069d0521d68996061a9c8dacd0a54ae621c3c3390b2d255cda813fa8b7e7e0,2973274,4,2026-09-13T18:46:24.719223Z,lol-lll-png1-2026-09-13-game4,LOUD,paiN Gaming,True,True,115565671526403079,True,True,2126.0
grid-2974335-m1,0xf54dd2db1e59625221e78fc29e2ca2521c9f930f0839d23098b38ef1530d3462,2974335,1,2026-08-31T20:04:47.157146Z,lol-itz-rmd-2026-08-31-game1,RMD Gaming,INTZ,True,True,116809554933343383,True,True,1555.0
grid-2974335-m2,0xa776533b12b4eb6ea4c71e0252509b083c08bfd134aaf7a4fe03e6b9804d8104,2974335,2,2026-08-31T20:51:34.126119Z,lol-itz-rmd-2026-08-31-game2,INTZ,RMD Gaming,True,True,116809554933343384,True,True,1614.0
grid-2974335-m3,0x30a0ff2b5c84894e379b1815fa9e76511f48ae9c1b6af9c714fb992f9a01c924,2974335,3,2026-08-31T21:43:28.384128Z,lol-itz-rmd-2026-08-31-game3,INTZ,RMD Gaming,True,True,116809554933343385,True,True,2012.0
grid-2974335-m4,0x2bdc319a4e1c3dc2066481dc9c58b4f51ba03e1185ba27ec7fb0c7de6c920fa6,2974335,4,2026-08-31T22:34:31.753523Z,lol-itz-rmd-2026-08-31-game4,RMD Gaming,INTZ,True,False,116809554933343386,True,True,1848.0
grid-2974335-m5,0xc31e8ad3720705b562423cce6d252b61096c8b323c0777f710c98a0597fd7fe9,2974335,5,2026-08-31T23:25:37.876584Z,lol-itz-rmd-2026-08-31,RMD Gaming,INTZ,True,False,116809554933343387,True,True,1738.0
grid-2974337-m1,0xd5a84d60760a1da5ce2e6beac0bfde82be5ed15f8f5ba8cca1c8e2a8aea727f3,2974337,1,2026-09-02T20:05:09.196143Z,lol-est-vksa-2026-09-02-game1,Vivo Keyd Stars Academy,Estral Esports,True,True,116809554933343377,True,True,1857.0
grid-2974337-m2,0xe1596d6a5b233398b8077672af69996c8dd36c59fe5c6427438d9a821053b2cd,2974337,2,2026-09-02T20:52:45.112273Z,lol-est-vksa-2026-09-02-game2,Estral Esports,Vivo Keyd Stars Academy,True,True,116809554933343378,True,True,2037.0
grid-2974337-m3,0x6a0d82b6ae57ea9d51b36fd628fa6065a733fb6110cd6b0e6fe4953e9c3074bb,2974337,3,2026-09-02T21:42:45.552551Z,lol-est-vksa-2026-09-02-game3,Estral Esports,Vivo Keyd Stars Academy,True,True,116809554933343379,True,True,1568.0
grid-2975624-m1,0xa8220c5dce00b7aa2e013e2506b6d58bff34cd4af1724f56e0c3fe2c5b95a972,2975624,1,2026-09-07T17:08:36.786400Z,lol-nrg-cnv-2026-09-02-game1,ConViction,NRG,True,True,,False,False,2364.0
grid-2975624-m2,0xe79ee4e1f1d705e5a126f4e793f2bc22f21e7f2f2ba3bde8ce16de6fa9fb6451,2975624,2,2026-09-07T18:06:08.715797Z,lol-nrg-cnv-2026-09-02-game2,NRG,ConViction,True,True,,False,False,1879.0
grid-2975624-m3,0xbc3d9a42cecca379a83bb4ed4a81b6b9bf20c150e6dcb0477ecac34c9e0604f5,2975624,3,2026-09-07T18:57:09.333427Z,lol-nrg-cnv-2026-09-02-game3,ConViction,NRG,True,True,,False,False,1860.0
grid-2975624-m4,0x376062449f323a3760a36f654ba46e7b3273d6bd588bdb6ec4b24b0b7b068d5c,2975624,4,2026-09-07T19:49:20.334936Z,lol-nrg-cnv-2026-09-02-game4,ConViction,NRG,True,True,,False,False,1852.0
grid-2975624-m5,0x81b25e0001db9f05043a4a1824f291d804e57aa570ed2e085e0a2516d9ff9c4d,2975624,5,2026-09-07T20:41:24.325023Z,lol-nrg-cnv-2026-09-02,ConViction,NRG,True,True,,False,False,2307.0
grid-2975625-m1,0xce7234044106c42b56ce09fbb3151432c7c3e44d57cc855f49088988298d3f62,2975625,1,2026-09-03T21:15:55.739121Z,lol-mvu-cont-2026-09-03-game1,Maryville University,Contingent Esports,True,True,116792888905448363,True,True,1682.0
grid-2975625-m2,0x0c3bf3e475ff3fa70f353f9f392a37c9e774566148a20e050d14f645c29883e0,2975625,2,2026-09-03T22:07:48.307533Z,lol-mvu-cont-2026-09-03-game2,Contingent Esports,Maryville University,True,True,116792888905448364,True,True,1969.0
grid-2975625-m3,0x41536d869a9f04dcabac9c611fd81d0df2dbc39b472e1971a6b47d35b223fc53,2975625,3,2026-09-03T22:59:42.570849Z,lol-mvu-cont-2026-09-03-game3,Contingent Esports,Maryville University,True,True,116792888905448365,True,True,1727.0
grid-2975625-m4,0x816b8bb241800c1bf98b21b29b27b9956440965324d188974167f2092ed28f38,2975625,4,2026-09-03T23:47:04.552301Z,lol-mvu-cont-2026-09-03-game4,Contingent Esports,Maryville University,True,True,116792888905448366,True,True,1908.0
grid-2975625-m5,0xad306a96f00df4b0bf0ea3b4a8febb149619d56f3b9268c14ae10afeca0f7d05,2975625,5,2026-09-04T00:36:32.686233Z,lol-mvu-cont-2026-09-03,Contingent Esports,Maryville University,True,True,116792888905448367,True,True,1955.0
grid-2975627-m1,0xda7e2ed826b72354c1585e4fa40a2da5377a0319023ae9b04aadebd7eae57ff7,2975627,1,2026-09-09T21:08:31.101709Z,lol-mvu-nrg-2026-09-09-game1,NRG Esports,Maryville University,True,True,116792888905448369,True,True,2350.0
grid-2975627-m2,0x43d1d8c427d3df671fea0ed2b20ea85fe96bc78e6a48f238dfaf6b6ca7ec8f6e,2975627,2,2026-09-09T22:07:33.331431Z,lol-mvu-nrg-2026-09-09-game2,NRG Esports,Maryville University,True,True,116792888905448370,True,True,1963.0
grid-2975627-m3,0x3cb8c93ade4402e71e24cebe947fcdacd72d16e8c1f0ef6ab6a0908a952fb83e,2975627,3,2026-09-09T22:58:36.071189Z,lol-mvu-nrg-2026-09-09-game3,NRG Esports,Maryville University,True,True,116792888905448371,True,True,1860.0
grid-2975627-m4,0x9b7d167b93cb18c0ec8f379d2af12b15db8717302ef0e0f57401e4480a517799,2975627,4,2026-09-09T23:50:09.667344Z,lol-mvu-nrg-2026-09-09-game4,NRG Esports,Maryville University,True,True,116792888905448372,True,True,1792.0
grid-2975628-m1,0xc51423aeab366289827e1afa7efe733b187b68827e8ea5c5551726532878cc88,2975628,1,2026-09-10T21:08:07.896678Z,lol-wu-mvu-2026-09-10-game1,Winthrop University,Maryville University,True,True,116792888905448375,True,True,1990.0
grid-2975628-m2,0xdc4fc99fba895d9e851aacb82515992c90a540a5c45283f76ef04b6ee6e4ed25,2975628,2,2026-09-10T22:00:39.966552Z,lol-wu-mvu-2026-09-10-game2,Winthrop University,Maryville University,True,True,116792888905448376,True,True,1758.0
grid-2975628-m3,0x43ad37c267e66c9abfa6c4b01b75c1e69f26fc83aecee4dfe5d81ec76645c96b,2975628,3,2026-09-10T22:48:42.468055Z,lol-wu-mvu-2026-09-10-game3,Winthrop University,Maryville University,True,True,116792888905448377,True,True,1999.0
grid-2975628-m4,0xbc1893a52da1567069e0bbc79652f8875a17782602c822c3ffe736a8c40174c6,2975628,4,2026-09-10T23:41:59.480942Z,lol-wu-mvu-2026-09-10-game4,Winthrop University,Maryville University,True,True,116792888905448378,True,True,1967.0
grid-2975628-m5,0x781ff342a0a79b04a484b724c8ee8df2900decb33411d9b678354bbd7fbedb55,2975628,5,2026-09-11T00:33:03.271038Z,lol-wu-mvu-2026-09-10,Winthrop University,Maryville University,True,True,116792888905448379,True,True,2613.0
grid-2975629-m1,0xb18417d1ecd7ee7f1b6e7621def9c7d92e56e03ee3ce08438a103a605600ffdd,2975629,1,2026-09-11T21:05:14.943524Z,lol-cpd-mvu-2026-09-11-game1,Cupid Esports,Maryville University,True,True,116792888905448381,True,True,2446.0
grid-2975629-m2,0xa7868c361e85daf232d9fd77918c50a285ff5304e6e190ca9dcad03dd001db68,2975629,2,2026-09-11T22:03:35.538622Z,lol-cpd-mvu-2026-09-11-game2,Cupid Esports,Maryville University,True,True,116792888905448382,True,True,2311.0
grid-2975629-m3,0xf3bcd255d6de43be0cc99418c039719fa5d199e02a1335f0e4712876634f7ae6,2975629,3,2026-09-11T23:01:00.168074Z,lol-cpd-mvu-2026-09-11-game3,Cupid Esports,Maryville University,True,True,116792888905448383,True,True,1835.0
grid-2976630-m1,0x172b827bd9003c881d446c56b09c187dd4b24452526d903bcd983cca26c52673,2976630,1,2026-09-05T05:19:10.132444Z,lol-newmet-lguide-2026-09-05-game1,L Guide Gaming,New Meta,True,True,116917034792783754,True,True,1574.0
grid-2976630-m2,0x9d1d5432028eadd665bf6ee3f83f130769da61696074ac7376da07f50bed1255,2976630,2,2026-09-05T06:26:27.037279Z,lol-newmet-lguide-2026-09-05-game2,New Meta,L Guide Gaming,True,True,116917034792783755,True,True,1784.0
grid-2976630-m3,0x4499b03a45ae15eb437939ae4445cab1f21ea0e39c0c04473bf728e5a93b7374,2976630,3,2026-09-05T07:30:37.377038Z,lol-newmet-lguide-2026-09-05-game3,New Meta,L Guide Gaming,True,True,116917034792783756,True,True,1736.0
grid-2976631-m1,0x5bee144aa0dc0d634e5472f0cee72d9b9a517b7885af82fafa0c4d450f332ba2,2976631,1,2026-09-06T05:43:30.703948Z,lol-fnl-newmet-2026-09-06-game1,FENNEL,New Meta,True,True,116917034792783760,True,True,1534.0
grid-2976631-m2,0xd07fd8550c4b522a2d45edb9687af1aa07286fd6f21f9d50bb443a4a3e947ea1,2976631,2,2026-09-06T06:39:12.696050Z,lol-fnl-newmet-2026-09-06-game2,FENNEL,New Meta,True,True,116917034792783761,True,True,2187.0
grid-2976631-m3,0xa4fc43e146dc9c3d6c65289de2a74c83c4cbb85c6a4340d6bc2a6cc9d306b774,2976631,3,2026-09-06T07:48:53.173283Z,lol-fnl-newmet-2026-09-06-game3,New Meta,FENNEL,True,True,116917034792783762,True,True,1910.0
grid-2976631-m4,0x8b56749d5b54551429c5270a2e92b68dbe0aaab9601fb22f980bb1fd8b2fea69,2976631,4,2026-09-06T08:51:24.104786Z,lol-fnl-newmet-2026-09-06-game4,FENNEL,New Meta,True,True,116917034792783763,True,True,2111.0
grid-2976631-m5,0x857917200f470c6ee51646641a3c3c9e3deae8372473107ef6855b09b367f08e,2976631,5,2026-09-06T09:52:40.329090Z,lol-fnl-newmet-2026-09-06,New Meta,FENNEL,True,True,116917034792783764,True,True,1601.0
grid-2977835-m1,0xa783816f2b5c0bed582fa7c0f11a58f30665fe816eaf3dc365b04bc59d7d48dd,2977835,1,2026-09-02T16:16:18.945202Z,lol-zena-tts1-2026-09-02-game1,TITANS,Zena Esports,True,True,116696189685662300,True,True,1779.0
grid-2977835-m2,0xe3be55baccfcb3ea8258cf5743c63a9f1fd55cd1cc79012cb3d56e7cb96c95e8,2977835,2,2026-09-02T17:15:32.135492Z,lol-zena-tts1-2026-09-02-game2,Zena Esports,TITANS,True,True,116696189685662301,True,True,1587.0
grid-2977835-m3,0xa95d90407562f7942be937f78206085201d51b53adcf6aad062001b734299335,2977835,3,2026-09-02T18:03:51.389175Z,lol-zena-tts1-2026-09-02-game3,Zena Esports,TITANS,True,True,116696189685662302,True,True,1760.0
grid-2977837-m1,0xcfc2f31569b931a14e2b27d55f56b331b15be354bcdbd2fb288bdef4b5e64382,2977837,1,2026-09-03T16:09:19.053008Z,lol-hmble-cg-2026-09-03-game1,Colossal Gaming,HMBLE,True,True,116696189685662288,True,True,1781.0
grid-2977837-m2,0xed2dff769b38f1c0432834bd96911dfc6cff40d2434f9777a0bf6f4cdc99c43b,2977837,2,2026-09-03T17:00:13.245238Z,lol-hmble-cg-2026-09-03-game2,Colossal Gaming,HMBLE,True,True,116696189685662289,True,True,1659.0
grid-2977837-m3,0xbb65824f0d857583f1a71e1a8baeffb642eecd0536173a46c7fa0ed80d1d822c,2977837,3,2026-09-03T17:53:24.521301Z,lol-hmble-cg-2026-09-03-game3,Colossal Gaming,HMBLE,True,True,116696189685662290,True,True,2482.0
grid-2978288-m1,0x05c01a65875bf7ced6eda292dde726e767589545d157e7086c84ff54b7703c0f,2978288,1,2026-09-01T15:06:04.782186Z,lol-use1-khk-2026-09-01-game1,Kaufland Hangry Knights,Unicorns Of Love Sexy Edition,True,True,116713193618227896,True,True,2472.0
grid-2978288-m2,0x92655f59e84ff81aacb1ac11114c97cd77bbec6b988b7f3b5e05e95c96d9fc0a,2978288,2,2026-09-01T16:06:45.497058Z,lol-use1-khk-2026-09-01-game2,Kaufland Hangry Knights,Unicorns Of Love Sexy Edition,True,True,116713193618227897,True,True,2049.0
grid-2978288-m3,0x44eca5a5052cf0eee4dd66bab42bf7d16a91c6a9a751e019b611d065697c17cb,2978288,3,2026-09-01T17:00:17.184755Z,lol-use1-khk-2026-09-01-game3,Unicorns Of Love Sexy Edition,Kaufland Hangry Knights,True,True,116713193618227898,True,True,1786.0
grid-2980509-m1,0x3c066beb5372f624ec11efb9359a24b91af73b82c39e00f5a0358ac29883a74a,2980509,1,2026-09-12T20:11:37.703447Z,lol-c9-sr-2026-09-12-game1,Shopify Rebellion,Cloud9,True,True,115565004607949376,True,True,2090.0
grid-2980509-m2,0x8f00e8b0f0a226c3616174ac84926b80cabb18b014b27c42ae4c6291823e3e6a,2980509,2,2026-09-12T21:04:57.414589Z,lol-c9-sr-2026-09-12-game2,Cloud9,Shopify Rebellion,True,True,115565004607949377,True,True,1820.0
grid-2980509-m3,0x7fbacb9f18ed22fdd1bb3c4c897759673c2aff368e7e1d2743e3444a22f18ed0,2980509,3,2026-09-12T21:52:16.519690Z,lol-c9-sr-2026-09-12-game3,Cloud9,Shopify Rebellion,True,True,115565004607949378,True,True,2453.0
grid-2984640-m1,0xc3219fc9998c067f2fc294ba10dda21bad2a6f5b02ece66023f10db08dade864,2984640,1,2026-09-01T17:18:48.611467Z,lol-lds-bombat-2026-09-01-game1,LODIS,BOMBA Team,True,True,116895891142270566,True,True,1592.0
grid-2984640-m2,0xa95265e06de2d805d2302b3a5b4fa697ffb27292042b4e3439755bfc1a7ab551,2984640,2,2026-09-01T18:09:45.647758Z,lol-lds-bombat-2026-09-01-game2,LODIS,BOMBA Team,True,True,116895891142270567,True,True,1859.0
grid-2984640-m3,0x8cdd9f11ada059f0925afdce849b9750697ac070caf6d7c3d69f8705804df59e,2984640,3,2026-09-01T19:07:01.713926Z,lol-lds-bombat-2026-09-01,LODIS,BOMBA Team,True,True,116895891142270568,True,True,1810.0
grid-2984645-m1,0xa8b2d5b60e5a5f176cf7ff12cda97f85d21d5ceda36c7de1f149a3c480b799fe,2984645,1,2026-09-03T15:11:02.472911Z,lol-doc-bce-2026-09-03-game1,Barcząca Esports,Docisk,True,True,116895891142270586,True,True,2032.0
grid-2984645-m2,0xa2db5ce3aa4ed8a755d8dc736cb31eb0855140f204f03eaa3ffdb85dcbe1c15e,2984645,2,2026-09-03T16:09:16.653256Z,lol-doc-bce-2026-09-03-game2,Docisk,Barcząca Esports,True,True,116895891142270587,True,True,1451.0
grid-2984646-m1,0x2cb859d7dc4fd31a29d7187ea4d1bb6a96997d6bfdd018a37b1980f83238a316,2984646,1,2026-09-04T15:09:19.020819Z,lol-lds-doc-2026-09-04-game1,LODIS,Docisk,True,True,116895891142270590,True,True,1801.0
grid-2984646-m2,0xfedf310fc28b5784590d0949860ed18b295ac19d6315b55ab30c99af1a1c71ed,2984646,2,2026-09-04T16:03:31.406824Z,lol-lds-doc-2026-09-04-game2,LODIS,Docisk,True,True,116895891142270591,True,True,1465.0
grid-2987004-m1,0x5ca44789ebbeb595cc07296c561d60fbe525ed945a4c7ec4a61fd4308e093d0d,2987004,1,2026-09-06T08:09:55.409647Z,lol-t1-dk-2026-09-06-game1,Dplus KIA,T1,True,True,117030752644841632,True,True,2558.0
grid-2987004-m2,0xa7348264393db93ab548eb8485eb1f199320ab46b93ed33576f200d86faf7e72,2987004,2,2026-09-06T09:16:04.945745Z,lol-t1-dk-2026-09-06-game2,Dplus KIA,T1,True,True,117030752644841633,True,True,1869.0
grid-2987004-m3,0x6f91dc8e9759906e226adfeaf20e19956da4c7b49cce00d5a34f9835852a76ac,2987004,3,2026-09-06T10:09:10.733600Z,lol-t1-dk-2026-09-06-game3,Dplus KIA,T1,True,True,117030752644841634,True,True,2384.0
grid-2987004-m4,0xd32e955d1e7691f637c7be35ddd4f102b317e8623825b843c7bfd6d9cabeb2aa,2987004,4,2026-09-06T11:13:17.254708Z,lol-t1-dk-2026-09-06-game4,Dplus KIA,T1,True,True,117030752644841635,True,True,1880.0
grid-2987005-m1,0x2ff1bd791decf05d2126cd422e53341b8a6c389aab39c69f0c4bab998ee70bc0,2987005,1,2026-09-12T05:21:34.546304Z,lol-hle1-t1-2026-09-12-game1,Hanwha Life Esports,T1,True,True,117030752644841638,True,True,2885.0
grid-2987005-m2,0x4aa743f46ffcadbe0bec2d56f96c7718a083bcb1724e73840aafb54a252bd3a3,2987005,2,2026-09-12T06:33:58.239178Z,lol-hle1-t1-2026-09-12-game2,T1,Hanwha Life Esports,True,True,117030752644841639,True,True,1795.0
grid-2987005-m3,0xb52a332637e1cd70df9970b8106c33aeb0a4a124f4d9fb5d9a426c0eea34853e,2987005,3,2026-09-12T07:28:05.758624Z,lol-hle1-t1-2026-09-12-game3,Hanwha Life Esports,T1,True,True,117030752644841640,True,True,1911.0
grid-2987005-m4,0xaf50dfcfdc645e5925398ccf3b743951fbfdd16393880f58b1ddf122a1da6742,2987005,4,2026-09-12T08:21:40.242218Z,lol-hle1-t1-2026-09-12-game4,T1,Hanwha Life Esports,True,True,117030752644841641,True,True,1785.0
grid-2987006-m1,0x5454c1ca515b620e7192ab4b958ad8b69904847e2a8e76714d25c8f1fe0910a7,2987006,1,2026-09-13T05:30:22.768538Z,lol-gen-hle1-2026-09-13-game1,Gen.G,Hanwha Life Esports,True,True,117030752644841644,True,True,2322.0
grid-2987006-m2,0x05e8cc1b1a7544165cbb83a0537744b03aa41f7ff9dfaa5b7a4fdaa3beb511e3,2987006,2,2026-09-13T06:34:14.741520Z,lol-gen-hle1-2026-09-13-game2,Hanwha Life Esports,Gen.G,True,True,117030752644841645,True,True,1860.0
grid-2987006-m3,0x4bcc7c8fbac762f6b5bef03f321beb7bf24e5b714daedc09e38a7ba4bacf46a4,2987006,3,2026-09-13T07:29:38.189530Z,lol-gen-hle1-2026-09-13-game3,Hanwha Life Esports,Gen.G,True,True,117030752644841646,True,True,1613.0
grid-2987006-m4,0xed08b5ab40c60502809abf2494d27d3492d88e4a29d82c59a008dd4164516617,2987006,4,2026-09-13T08:19:23.259004Z,lol-gen-hle1-2026-09-13-game4,Gen.G,Hanwha Life Esports,True,True,117030752644841647,True,True,1677.0
grid-2987017-m1,0x09b50a51a4000b720a357cc25b18bde4825d5078ba4ca3387366ac234f20b762,2987017,1,2026-09-01T08:11:31.834467Z,lol-gen-kt-2026-09-01-game1,Gen.G Esports,KT Rolster,True,True,117030752644841602,True,True,2151.0
grid-2987017-m2,0x96e8f0966d85c1107a629cba66a4f92daeef417baae0ba08c863a1747b8dda59,2987017,2,2026-09-01T09:13:24.429576Z,lol-gen-kt-2026-09-01-game2,Gen.G Esports,KT Rolster,True,True,117030752644841603,True,True,1973.0
grid-2987017-m3,0x13fcc7b9b9db02c982771387bb979142b8139c0defb77495624eaad924272500,2987017,3,2026-09-01T10:09:07.233185Z,lol-gen-kt-2026-09-01-game3,Gen.G Esports,KT Rolster,True,True,117030752644841604,True,True,1701.0
grid-2987018-m1,0x94a6e49bbc0ba2ae8aa09a85a9caeee001de2ff9cb113e4462f023e8f0507ec8,2987018,1,2026-09-02T08:11:28.216502Z,lol-hle1-t1-2026-09-02-game1,T1,Hanwha Life Esports,True,True,117030752644841608,True,True,1778.0
grid-2987018-m2,0x8c0f372e4fb8e37989767b89d645a5f04e8efd8f254991fa099ca847360ff336,2987018,2,2026-09-02T09:05:18.974871Z,lol-hle1-t1-2026-09-02-game2,T1,Hanwha Life Esports,True,True,117030752644841609,True,True,1146.0
grid-2987018-m4,0x34a73ece03776416b9240d6871f3df7c12272a97b8610d0d5b4aa3060f77c9f0,2987018,4,2026-09-02T10:48:14.009470Z,lol-hle1-t1-2026-09-02-game4,T1,Hanwha Life Esports,True,True,117030752644841611,True,True,
grid-2987018-m5,0x04cfc9a4750296502a38b7dd244e7d7c7e277576f62a56e7fdff8ae9d4e27fd2,2987018,5,2026-09-02T11:38:50.155675Z,lol-hle1-t1-2026-09-02,T1,Hanwha Life Esports,True,True,117030752644841612,True,True,1673.0
grid-2987019-m1,0x93c0c7081d4d9cbb3e03d47c9c0a70ae95668e29f4693ce94ef9ab1733f7d0a1,2987019,1,2026-09-03T08:08:15.532316Z,lol-fox1-dk-2026-09-03-game1,BNK FearX,Dplus KIA,True,True,117030752644841614,True,True,2538.0
grid-2987019-m2,0x2f9e89a364b1aeb96ce709b8bb3cb08acddfc5b5df2b3fba45a4959d9e8815b4,2987019,2,2026-09-03T09:15:06.721955Z,lol-fox1-dk-2026-09-03-game2,BNK FearX,Dplus KIA,True,True,117030752644841615,True,True,2427.0
grid-2987019-m3,0xe93ad3b01e88a97fb5dad28c0c4b53ccac0631c5adad33a374c13a0446648119,2987019,3,2026-09-03T10:17:33.071212Z,lol-fox1-dk-2026-09-03-game3,Dplus KIA,BNK FearX,True,True,117030752644841616,True,True,1908.0
grid-2987019-m4,0xb9b5aa457e81057c73145f19d73eecdc3da0b8c49752adc08bee2033e66bfbac,2987019,4,2026-09-03T11:12:01.210610Z,lol-fox1-dk-2026-09-03-game4,BNK FearX,Dplus KIA,True,True,117030752644841617,True,True,1355.0
grid-2987019-m5,0x7ce33f561c31ff28d18e27387eb672651dc1e10ad46ecdb532e7c416900d768d,2987019,5,2026-09-03T12:00:07.921278Z,lol-fox1-dk-2026-09-03,Dplus KIA,BNK FearX,True,True,117030752644841618,True,True,1475.0
grid-2987020-m1,0x40b0a074d1e4dc4fce79abce1e7dad60dbe5b4963fd1b880a665ab97731d532c,2987020,1,2026-09-04T08:08:10.660521Z,lol-kt-dk-2026-09-04-game1,KT Rolster,Dplus KIA,True,True,117030752644841626,True,True,1750.0
grid-2987020-m2,0x3d96fd4fab2f12358ebe188943df122b6b1b9af0d25e841863509e66a63a5106,2987020,2,2026-09-04T09:02:33.667957Z,lol-kt-dk-2026-09-04-game2,Dplus KIA,KT Rolster,True,True,117030752644841627,True,True,2530.0
grid-2987020-m3,0xe8c0801e4e986f92c577fc8477244a8a05a2df4ffecea4ff84c1158f342acb72,2987020,3,2026-09-04T10:07:46.328666Z,lol-kt-dk-2026-09-04-game3,KT Rolster,Dplus KIA,True,True,117030752644841628,True,True,1608.0
grid-2987020-m4,0xbe1b23ceeabd4edf85c46122a109fecad298403f40290771223f2649d5f4edce,2987020,4,2026-09-04T10:58:18.157931Z,lol-kt-dk-2026-09-04-game4,Dplus KIA,KT Rolster,True,True,117030752644841629,True,True,1865.0
grid-2987021-m1,0x23b3fc2cebcd295a8f7f9260598dd0340606a72370bfb79176e555050236d61d,2987021,1,2026-09-05T08:08:34.064503Z,lol-gen-hle1-2026-09-05-game1,Hanwha Life Esports,Gen.G Esports,True,True,117030752644841620,True,True,2352.0
grid-2987021-m2,0xe711da7c4c2256ca421407b02e13e5c59c438da4f81a8a12960e0744cf229951,2987021,2,2026-09-05T09:11:42.772502Z,lol-gen-hle1-2026-09-05-game2,Gen.G Esports,Hanwha Life Esports,True,True,117030752644841621,True,True,2735.0
grid-2987021-m3,0xf172da4c4ea78b722ffe8a5fe93d0e8cb00cebc5439f642b5ab2a1ce524eb24c,2987021,3,2026-09-05T10:19:47.046070Z,lol-gen-hle1-2026-09-05-game3,Hanwha Life Esports,Gen.G Esports,True,True,117030752644841622,True,True,1872.0
grid-2987021-m4,0x85ce759b772e754d40d3a2092384986045b3bbd9a10452921bde6a04f1cb28c2,2987021,4,2026-09-05T11:13:13.000073Z,lol-gen-hle1-2026-09-05-game4,Gen.G Esports,Hanwha Life Esports,True,True,117030752644841623,True,True,
grid-2991209-m2,0x4fc84b3b3f20a27664e7f90a5d3a19647b6be5ab01c14103f6784b184c760c3d,2991209,2,2026-09-01T15:11:24.893478Z,lol-exe-ckz-2026-09-01-game2,CITA Kaizen,EXILE esports,True,True,116996464901636936,True,True,1468.0
grid-2991210-m1,0xb0770377b0756744701e400b3ae74f4633fbe7f1fd522b2ae7daa3828b8c12d0,2991210,1,2026-09-01T16:09:49.323543Z,lol-mea-brt-2026-09-01-game1,BRUTE,UP2U Meavedron,True,True,116996464901636923,True,True,2323.0
grid-2991210-m2,0x0aa52b93330a18d1aba77724f9950b4510ce449890e47dab7d2c4ad8dbb8df83,2991210,2,2026-09-01T17:10:58.183837Z,lol-mea-brt-2026-09-01-game2,BRUTE,UP2U Meavedron,True,True,116996464901636924,True,True,1968.0
grid-2991210-m3,0xd45d7b984919d7cf9c75a46aacbcef4742f7c614600ca132dc153c7e9f9ec433,2991210,3,2026-09-01T18:06:47.359159Z,lol-mea-brt-2026-09-01,BRUTE,UP2U Meavedron,True,True,116996464901636925,True,True,1569.0
grid-2991212-m1,0x4b9ad6ebcae0316476cc54393500d9670641c1d9a4ac4d4d38faa041d55e7b44,2991212,1,2026-09-02T16:14:01.149830Z,lol-mea-ot-2026-09-02-game1,Onion Team,UP2U Meavedron,True,True,116996464901636979,True,True,1764.0
grid-2991212-m2,0xa84197102a234295dd4a7544f8d6b5473c798544b1f915b3a75b5585e4de702a,2991212,2,2026-09-02T17:03:13.017053Z,lol-mea-ot-2026-09-02-game2,Onion Team,UP2U Meavedron,True,True,116996464901636980,True,True,1528.0
grid-2991212-m3,0xe857c8ceba863c513cea8bfeb8eebb86b01e31316f0967e64ddcefe8b1d382b3,2991212,3,2026-09-02T17:49:14.777051Z,lol-mea-ot-2026-09-02,UP2U Meavedron,Onion Team,True,True,116996464901636981,True,True,1371.0
grid-2991213-m1,0x2b7ca5f097c2e319c17cb91845d6ddf59ddd8f75d9a3cc028f2555cd0b87f58c,2991213,1,2026-09-03T14:16:00.582619Z,lol-nbs-brt-2026-09-03-game1,NightBirds,BRUTE,True,True,117054582581341049,True,True,1313.0
grid-2991213-m2,0xf96fb9561495e611c6010a362820d7d3ba9725ed7fe9e702eb8b1fd58bc78285,2991213,2,2026-09-03T14:51:27.831720Z,lol-nbs-brt-2026-09-03-game2,NightBirds,BRUTE,True,True,117054582581341050,True,True,1087.0
grid-2991214-m1,0xac7edc9184f0052d7525f97a398bf625f5ec38af46b69bc13fe3440662fcea1b,2991214,1,2026-09-03T15:55:34.474854Z,lol-exe-esb-2026-09-03-game1,EXILE esports,eSuba,True,True,116996464901636951,True,True,2389.0
grid-2991214-m2,0xfb4e2fa4fab25db3bbfa1be1fed42c73c544dd96bf0668a05912e00010dc8de8,2991214,2,2026-09-03T16:57:15.758483Z,lol-exe-esb-2026-09-03-game2,EXILE esports,eSuba,True,True,116996464901636952,True,True,1414.0
grid-2991214-m3,0xf07138d80cf8d0af96b7717d0ef34613927e2b7fc8750f7196e031dcd1f8c09c,2991214,3,2026-09-03T17:42:38.276737Z,lol-exe-esb-2026-09-03,eSuba,EXILE esports,True,True,116996464901636953,True,True,1700.0
grid-2991216-m1,0x441265f73d26004aa6b1dc44eeb23b8344c9677328072cd3316790646bd9090f,2991216,1,2026-09-04T15:11:16.753941Z,lol-esb-bg2-2026-09-05-game1,Bohemian Guardians,eSuba,True,True,116996464901571351,True,True,2903.0
grid-2991216-m2,0x9673ff0521937f0cd9386de685c29049aef452410688068130ace311363d7abc,2991216,2,2026-09-04T16:22:56.132448Z,lol-esb-bg2-2026-09-05-game2,Bohemian Guardians,eSuba,True,True,116996464901571352,True,True,1664.0
grid-2991216-m3,0xb554552e16cb534d3c08571db474bfc75cd667458777e126a947fd6b5659ee8d,2991216,3,2026-09-04T17:14:41.971843Z,lol-esb-bg2-2026-09-05,eSuba,Bohemian Guardians,True,True,116996464901571353,True,True,1820.0
grid-2991217-m1,0xbc8e92e683ba7988370c1e2ff3d830c95496f5da750a9b16f7ceb875b133e400,2991217,1,2026-09-06T10:27:50.085834Z,lol-ckz-brt-2026-09-06-game1,BRUTE,CITA Kaizen,True,True,116996464901636907,True,True,1412.0
grid-2991217-m2,0xdf024295bf3c0fc5c94f4f829bca9e967e9817d9303145dc3f9457593f41e604,2991217,2,2026-09-06T11:13:20.072687Z,lol-ckz-brt-2026-09-06-game2,CITA Kaizen,BRUTE,True,True,116996464901636908,True,True,1535.0
grid-2991218-m1,0x11bb53b52bbfc74dfbedd0252e400d4bcbaff6af7d32c9453f055de34e6e49dc,2991218,1,2026-09-06T12:07:35.437000Z,lol-mea-esb-2026-09-06-game1,eSuba,UP2U Meavedron,True,True,116996464901636959,True,True,2210.0
grid-2991218-m2,0x647b6afa1769498fbb868eae039b599fd606fee8b42c7286778c05ad7a3816a9,2991218,2,2026-09-06T13:11:03.589901Z,lol-mea-esb-2026-09-06-game2,eSuba,UP2U Meavedron,True,True,116996464901636960,True,True,2235.0
grid-2994622-m1,0x18056acdd6528caa6329f8a7c74ae1a62333a84ab30a139d111183de7c8a6901,2994622,1,2026-09-01T15:38:51.557018Z,lol-pcific-dp-2026-09-01-game1,Dark Passage,PCIFIC Esports,True,True,116838284885536049,True,True,1868.0
grid-2994622-m2,0xab39b3cd25e0f56c1aad31c86f08ae3e39d4c27000b368bbe25e48ee25744d0c,2994622,2,2026-09-01T16:35:23.259860Z,lol-pcific-dp-2026-09-01-game2,PCIFIC Esports,Dark Passage,True,True,116838284885536050,True,True,2082.0
grid-2996948-m1,0x3af09c748d269a791380f1c0a2f375d7be6d69699fa73d53cf5dfe47ea2e8001,2996948,1,2026-09-01T16:08:25.604527Z,lol-tlnpir-kcb-2026-09-01-game1,Karmine Corp Blue,TLN Pirates,True,True,116912368900121321,True,True,2192.0
grid-2996948-m2,0x246542725c40db1b4ed2b89c35f672a4cff43d09dd985dd2784b8fa2b8e15d2b,2996948,2,2026-09-01T17:08:52.349324Z,lol-tlnpir-kcb-2026-09-01-game2,Karmine Corp Blue,TLN Pirates,True,True,116912368900121322,True,True,1939.0
grid-2996948-m3,0x25dbd4f363bac9203c2bd3a5289995839f86ab412b694f5f0c3332149bd03828,2996948,3,2026-09-01T18:02:45.733213Z,lol-tlnpir-kcb-2026-09-01-game3,Karmine Corp Blue,TLN Pirates,True,True,116912368900121323,True,True,1981.0
grid-2996948-m4,0xd622106df62803146c5306296eea1053d365de738565958b146c7298f37723d9,2996948,4,2026-09-01T18:57:58.381831Z,lol-tlnpir-kcb-2026-09-01-game4,TLN Pirates,Karmine Corp Blue,True,True,116912368900121324,True,True,1822.0
grid-2996948-m5,0x3bc31ce8891bc2253b0b9ba10b4f09c44e48afeaa3b05125f30b4e040578d80e,2996948,5,2026-09-01T19:50:12.407008Z,lol-tlnpir-kcb-2026-09-01,Karmine Corp Blue,TLN Pirates,True,True,116912368900121325,True,True,1988.0
grid-2996949-m1,0xafbbc813b66c699f3d058f03a8dd1b2011980262119b06aeaa0ff752abc41442,2996949,1,2026-09-02T16:08:53.491087Z,lol-gal-tlnpir-2026-09-02-game1,TLN Pirates,Galions,True,True,116912368900121327,True,True,1763.0
grid-2996949-m2,0x6bc210d347df1dadf4dd547a804511b4dfc0ac85078ab55c95c6cb7702239444,2996949,2,2026-09-02T17:00:32.419370Z,lol-gal-tlnpir-2026-09-02-game2,Galions,TLN Pirates,True,True,116912368900121328,True,True,2271.0
grid-2996949-m3,0xd24eb48fd7022d6b6330487fffd3f2b1fb08072c0e91e8293ca9ffd3ad9f1315,2996949,3,2026-09-02T17:59:44.969324Z,lol-gal-tlnpir-2026-09-02-game3,Galions,TLN Pirates,True,False,116912368900121329,True,True,1807.0
grid-2996949-m4,0x925a7d3eded0bbd85770cfce978909e1bbced5a321a16b0c4b69714e2143e776,2996949,4,2026-09-02T18:50:19.795537Z,lol-gal-tlnpir-2026-09-02-game4,TLN Pirates,Galions,True,True,116912368900121330,True,True,1490.0
grid-2998724-m1,0x5627ee05053998d52e1149b81ac7c3a4485463bce7d011787cd931e6971c33d1,2998724,1,2026-09-02T13:17:08.983373Z,lol-wlg-tp2-2026-09-01-game1,Team Phantasma,WLGaming,True,True,117030847537428753,True,True,1529.0
grid-2998724-m2,0xec71d3077d02c918cac71889bb9225088f47e99ffdb402edd11a84eb88d83dbf,2998724,2,2026-09-02T14:15:29.721576Z,lol-wlg-tp2-2026-09-01-game2,WLGaming,Team Phantasma,True,False,117030847537428754,True,True,2601.0
grid-2998724-m3,0xd0809916c2fbd577dd1a7965621c692803068590a136392ca6c4f93f7dd0b801,2998724,3,2026-09-02T15:20:48.918380Z,lol-wlg-tp2-2026-09-01-game3,WLGaming,Team Phantasma,True,True,117030847537428755,True,True,1736.0
grid-2998724-m4,0xd1b8c1795afdc9512d838004bf91bcd5d16bee7a5455be93b259736e51d9ba16,2998724,4,2026-09-02T16:12:52.667206Z,lol-wlg-tp2-2026-09-01-game4,Team Phantasma,WLGaming,True,True,117030847537428756,True,True,1792.0
grid-2999024-m1,0xf5610d4dde7496aa055cad0179458f7ddc6ac5ea796cd36b1c705c65b15e110e,2999024,1,2026-09-10T18:16:29.661881Z,lol-bublik-domi-2026-09-10-game1,Bubliki,Dominion Goblins,True,True,117151111922858552,True,True,1580.0
grid-2999024-m2,0x948c23cee4ed53d21b5b21ea42071e0e40014eac775b9150bf902985573ad7a0,2999024,2,2026-09-10T19:06:30.531222Z,lol-bublik-domi-2026-09-10-game2,Dominion Goblins,Bubliki,True,True,117151111922858553,True,True,1429.0
grid-2999024-m3,0x2e13057a6210d6476fcbf5cde853d32517b9794f6032b2dea6bafa25a435a516,2999024,3,2026-09-10T19:52:49.935877Z,lol-bublik-domi-2026-09-10-game3,Bubliki,Dominion Goblins,True,True,117151111922858554,True,True,2297.0
grid-2999024-m4,0xfc8ba2da64842498703d65f1acddceaf146cf0662f2d12be0ea7a1017d5b10ae,2999024,4,2026-09-10T21:01:24.830624Z,lol-bublik-domi-2026-09-10-game4,Dominion Goblins,Bubliki,True,True,117151111922858555,True,True,1362.0
grid-2999024-m5,0x2edcc9f499609d67119bd81e1e0e34562dfa243805b6ba9a4fe697cdf8ae72a4,2999024,5,2026-09-10T21:47:08.568499Z,lol-bublik-domi-2026-09-10,Bubliki,Dominion Goblins,True,True,117151111922858556,True,True,1377.0
grid-3000371-m1,0x2e1ffad34ee36283f1bb0331b33053f54985a2e2f12b61e1fe302b9084f6fb77,3000371,1,2026-09-13T20:13:32.720558Z,lol-sen-fly-2026-09-13-game1,FlyQuest,Sentinels,True,True,115565004607949382,True,True,1953.0
grid-3000371-m2,0xb662e1262c74dcefabe56d1da4c7e88eb274d6b3ef71eabac26cf9aac87f4933,3000371,2,2026-09-13T21:07:01.691755Z,lol-sen-fly-2026-09-13-game2,FlyQuest,Sentinels,True,True,115565004607949383,True,True,2130.0
grid-3000371-m3,0x3be1ec592533f69074279694499abdc7976fce9167f7706130ae5cd13d41d7a3,3000371,3,2026-09-13T22:00:16.361598Z,lol-sen-fly-2026-09-13-game3,FlyQuest,Sentinels,True,True,115565004607949384,True,True,1867.0
grid-3000372-m1,0xc766ad8772adf3c2dacecaf3e61fe3ac6de8ae270428e44f2fbd9861ba0ee98b,3000372,1,2026-09-19T20:09:48.301589Z,lol-ly-c9-2026-09-19-game1,LYON,Cloud9,True,True,115565004607949388,True,True,2433.0
grid-3000372-m2,0xaf1cb64c90fa77d795f978210bca3466e5cd965c6af6525664c634ff60a62de6,3000372,2,2026-09-19T21:09:10.794147Z,lol-ly-c9-2026-09-19-game2,Cloud9,LYON,True,True,115565004607949389,True,True,2550.0
grid-3000372-m3,0x7344b65297c8fab9b6e4e7f52e97a1a7203ef897ebe5bb094a49ee15df3b5739,3000372,3,2026-09-19T22:09:56.673651Z,lol-ly-c9-2026-09-19-game3,LYON,Cloud9,True,True,115565004607949390,True,True,2629.0
grid-3000372-m4,0x1cfd2d2a2a7ddf646c2d7d6f9cb39bff00a2677a017a2996b399f4246d159b68,3000372,4,2026-09-19T23:14:59.329258Z,lol-ly-c9-2026-09-19-game4,Cloud9,LYON,True,True,115565004607949391,True,True,1518.0
grid-3000375-m1,0x212df7a824425d3ece0e3043c5c3e2ea66600a825fee8a6dd4e8686cd87f8468,3000375,1,2026-09-18T20:11:19.598040Z,lol-sr-sen-2026-09-18-game1,Shopify Rebellion,Sentinels,True,True,115565004607949400,True,True,1617.0
grid-3000375-m2,0xc31b43a950a21e68e0f8cea9fcbb0ffb0e054866fec45587d63f008d9ffa92d8,3000375,2,2026-09-18T20:56:41.302884Z,lol-sr-sen-2026-09-18-game2,Sentinels,Shopify Rebellion,True,True,115565004607949401,True,True,1781.0
grid-3000375-m3,0x70ab13e615e6dd1c64a92bd766d8516f123aebaff96366efa44e2b342169836b,3000375,3,2026-09-18T21:44:30.359626Z,lol-sr-sen-2026-09-18-game3,Sentinels,Shopify Rebellion,True,True,115565004607949402,True,True,1815.0
grid-3000375-m4,0x65ca918c824341b7522746d763495bac1526600855a05d1a9b5b2fdc0ba6d30d,3000375,4,2026-09-18T22:30:51.915800Z,lol-sr-sen-2026-09-18-game4,Shopify Rebellion,Sentinels,True,True,115565004607949403,True,True,1899.0
grid-3000375-m5,0x306c9eec4e057c4b2d2a6a8f8a118403a1f90fc7aa8d5b2033b30766c6de4967,3000375,5,2026-09-18T23:20:46.807661Z,lol-sr-sen-2026-09-18,Shopify Rebellion,Sentinels,True,True,115565004607949404,True,True,2105.0
grid-3002597-m1,0x1146b9708f749457b6d6186fdfb5632e4f6498f2856907d347905dc3c8852e94,3002597,1,2026-09-05T10:20:16.768732Z,lol-vit-g2-2026-09-05-game1,G2 Esports,Team Vitality,True,True,115548681803406298,True,True,2305.0
grid-3002597-m2,0x21181fa61922e4d3642c7df508c641f00b38fae1cb8606ffaea849e61fe49b63,3002597,2,2026-09-05T11:23:46.869541Z,lol-vit-g2-2026-09-05-game2,G2 Esports,Team Vitality,True,True,115548681803406299,True,True,2031.0
grid-3002597-m3,0xfe216b4b15ab8358d56273ecb6a2918f8f84adb9eb078fde029bfa86c2052ee0,3002597,3,2026-09-05T12:19:36.848053Z,lol-vit-g2-2026-09-05-game3,G2 Esports,Team Vitality,True,True,115548681803406300,True,True,1737.0
grid-3002598-m1,0x4adfd9bd37b3f3038c5d754af471e2ed9ed83a31aa9ba0c56b90f3a57d3d4e29,3002598,1,2026-09-05T13:24:32.429134Z,lol-kc-gx-2026-09-05-game1,Karmine Corp,GIANTX,True,True,115548681803406292,True,True,2101.0
grid-3002598-m2,0xbf31d95e9770ded34e26abba50dccb7f4a27c1d731c0b9da2981d9c873c2f1cb,3002598,2,2026-09-05T14:26:20.912518Z,lol-kc-gx-2026-09-05-game2,Karmine Corp,GIANTX,True,True,115548681803406293,True,True,2150.0
grid-3002598-m3,0x5447d943d191e51395057e3ac3c98f2e71a57cf928c405a4905334ac687eea88,3002598,3,2026-09-05T15:25:46.062075Z,lol-kc-gx-2026-09-05-game3,GIANTX,Karmine Corp,True,True,115548681803406294,True,True,1578.0
grid-3002598-m4,0x231cfc89ff95321da71895e7b0709aaf5d4b3554456985115032844ac1935047,3002598,4,2026-09-05T16:15:32.131941Z,lol-kc-gx-2026-09-05-game4,Karmine Corp,GIANTX,True,True,115548681803406295,True,True,1586.0
grid-3002599-m1,0xea907ec44453facd6b3c8f9c9f915ea525d5d84254b6d19d7b191e0d6685d9d8,3002599,1,2026-09-06T15:17:41.840192Z,lol-g2-kc-2026-09-06-game1,Karmine Corp,G2 Esports,True,True,115548681803406304,True,True,2022.0
grid-3002599-m2,0x68304a5c051ffb4110f02a8f8ea34965f94eada0abb82d1942a4566953a9c6f7,3002599,2,2026-09-06T16:17:05.031376Z,lol-g2-kc-2026-09-06-game2,G2 Esports,Karmine Corp,True,True,115548681803406305,True,True,2065.0
grid-3002599-m3,0xfcea265cfa009ab84e63e7a94daf6e316e14f7bbaa07f03530e797100fc4be68,3002599,3,2026-09-06T17:14:24.718809Z,lol-g2-kc-2026-09-06-game3,G2 Esports,Karmine Corp,True,True,115548681803406306,True,True,1689.0
grid-3002599-m4,0x5a4bfd4f6cc735450510e8214cc8f629a00541b55b097056f6ace70272868397,3002599,4,2026-09-06T18:05:18.200673Z,lol-g2-kc-2026-09-06-game4,Karmine Corp,G2 Esports,True,True,115548681803406307,True,True,1585.0
grid-3002600-m1,0x20ad3cac324c61b302cc9f5a9ebf2f5d98a6f0b7c60abd274ae17fcc7fe73b0d,3002600,1,2026-09-11T15:11:39.732035Z,lol-gx-navi-2026-09-11-game1,GIANTX,Natus Vincere,True,True,115548681803406310,True,True,1725.0
grid-3002600-m2,0xa5acc7c3b8bc300dc18845daa631064c6e2549b77763d96721494bb792c8ea22,3002600,2,2026-09-11T15:57:27.527666Z,lol-gx-navi-2026-09-11-game2,GIANTX,Natus Vincere,True,True,115548681803406311,True,True,2153.0
grid-3002600-m3,0x14a8e97689782924f4cdcf0c221adacfe0f7760e865a55ddaa8ab5c9680e044b,3002600,3,2026-09-11T16:54:17.534870Z,lol-gx-navi-2026-09-11-game3,Natus Vincere,GIANTX,True,True,115548681803406312,True,True,2174.0
grid-3002600-m4,0xda66308efe02a16d74fb64e910b5cd74ee54d2ffc3c5ab3dd79a41b327db7202,3002600,4,2026-09-11T17:53:44.784047Z,lol-gx-navi-2026-09-11-game4,GIANTX,Natus Vincere,True,True,115548681803406313,True,True,2187.0
grid-3002600-m5,0x473f04943f45bec86c85532e4ecff3fc2b6110d637aa9d7d5aa317126b9b66a7,3002600,5,2026-09-11T18:53:01.152585Z,lol-gx-navi-2026-09-11,Natus Vincere,GIANTX,True,True,115548681803406314,True,True,2247.0
grid-3002601-m1,0x9fd0609657754d9bca904b1e4f091855b9980a0efea4f3ba892525dfbc74e231,3002601,1,2026-09-12T15:07:37.882371Z,lol-vit-mkoi-2026-09-12-game1,Team Vitality,Movistar KOI,True,True,115548681803406316,True,True,1915.0
grid-3002601-m2,0xb9bd43060fd883c4965a61df6ae632bd2800da66664277c32e29d28ba01f9e36,3002601,2,2026-09-12T16:05:08.537903Z,lol-vit-mkoi-2026-09-12-game2,Movistar KOI,Team Vitality,True,True,115548681803406317,True,True,2125.0
grid-3002601-m3,0x1310d36c69a75d7f6fea21d9e8054a95a185d938b92213a43436ef657e6b8ce8,3002601,3,2026-09-12T17:05:04.933066Z,lol-vit-mkoi-2026-09-12-game3,Team Vitality,Movistar KOI,True,True,115548681803406318,True,True,2206.0
grid-3002601-m4,0xecb012a3de993ed87df4736241fafca0b89a3922f7cf1430c88f8d6b3a59968d,3002601,4,2026-09-12T18:01:10.346301Z,lol-vit-mkoi-2026-09-12-game4,Team Vitality,Movistar KOI,True,True,115548681803406319,True,True,1705.0
grid-3002601-m5,0x6d38a2f25823f8ab0d999efa04465b795ab1fdf3b626605e12bb638df5e30fd5,3002601,5,2026-09-12T18:48:47.668484Z,lol-vit-mkoi-2026-09-12,Movistar KOI,Team Vitality,True,True,115548681803406320,True,True,2111.0
grid-3002602-m1,0x92d15c3fe44383c33477ae8a91b79fac8bd404be3e1bd175225ecc0fa9c265b3,3002602,1,2026-09-18T15:18:05.971240Z,lol-navi-mkoi-2026-09-18-game1,Movistar KOI,Natus Vincere,True,True,115548681803406322,True,True,2479.0
grid-3002602-m2,0x6267d59a258ee3fff2b36889ca361ed7e5ff8412353994e8fc0dabc2dc4dcef0,3002602,2,2026-09-18T16:24:22.714151Z,lol-navi-mkoi-2026-09-18-game2,Movistar KOI,Natus Vincere,True,True,115548681803406323,True,True,1684.0
grid-3002602-m3,0xfd255a1bdf6993fc627f26a93b18cd18aaa03aca612a4afc0020c715678130a5,3002602,3,2026-09-18T17:16:15.743949Z,lol-navi-mkoi-2026-09-18-game3,Movistar KOI,Natus Vincere,True,True,115548681803406324,True,True,1928.0
grid-3002602-m4,0x0b5158f1dcd16aeb8c931ac9174a433145071654e02bc15f50fc01323e05a07d,3002602,4,2026-09-18T18:12:24.767144Z,lol-navi-mkoi-2026-09-18-game4,Movistar KOI,Natus Vincere,True,True,115548681803406325,True,True,2068.0
grid-3002603-m1,0x19ff39c352fd81585da861f2716c149a1a2aff4d9ce72eb64ffc2cd3dfef9317,3002603,1,2026-09-19T15:15:12.428643Z,lol-kc-mkoi-2026-09-19-game1,Karmine Corp,Movistar KOI,True,True,115548681803406328,True,True,2579.0
grid-3002603-m2,0x512074d56dcd8ff3e05e8798cf0a69954f22c7c48d96b827df5ff57783a81d69,3002603,2,2026-09-19T16:21:08.847510Z,lol-kc-mkoi-2026-09-19-game2,Movistar KOI,Karmine Corp,True,True,115548681803406329,True,True,1853.0
grid-3002603-m3,0x29d3ed8533591f5aa299431f7ec39db3c1572221328103b02ccbcb10580f0bc3,3002603,3,2026-09-19T17:17:22.710902Z,lol-kc-mkoi-2026-09-19-game3,Movistar KOI,Karmine Corp,True,True,115548681803406330,True,True,1561.0
grid-3002604-m1,0x2f3a4529781ae89b32fa9b7331428e3147db0f03bbee901205777102134557ba,3002604,1,2026-09-20T15:14:10.217214Z,lol-g2-mkoi-2026-09-20-game1,G2 Esports,Movistar KOI,True,True,,False,False,1675.0
grid-3002604-m2,0x295e9b15de59b5e8186ca2ca7f306efd2ce8732dbf26f2669b30c78285a5971b,3002604,2,2026-09-20T16:18:07.612153Z,lol-g2-mkoi-2026-09-20-game2,G2 Esports,Movistar KOI,True,True,,False,False,1904.0
grid-3002604-m3,0x3ef0a4f7a191be92f98f6a87793f11f303bd2527b08123a3bc2823a5f13616ed,3002604,3,2026-09-20T17:13:30.326264Z,lol-g2-mkoi-2026-09-20-game3,G2 Esports,Movistar KOI,True,True,,False,False,1743.0
grid-3004386-m1,0x16c47b333c092ed6e7544bc9de08148eda8c8ad55cbea4cd9981a8e34beb532a,3004386,1,2026-09-08T16:10:05.549147Z,lol-llh-mgz-2026-09-08-game1,Lenovo Legion Honvéd,MAGAZA,True,True,117212895183030059,True,True,1385.0
grid-3004386-m2,0xcd263fff231be51140924474eba167539a477f72d4c01ee245fdaf4ea07486a6,3004386,2,2026-09-08T16:51:51.165608Z,lol-llh-mgz-2026-09-08-game2,Lenovo Legion Honvéd,MAGAZA,True,True,117212895183030060,True,True,2010.0
grid-3004386-m3,0xf05e3e37830b43a43616addaed63fdf541644a9d45304874a7c87892b2025f5a,3004386,3,2026-09-08T17:40:32.104235Z,lol-llh-mgz-2026-09-08-game3,Lenovo Legion Honvéd,MAGAZA,True,True,117212895183030061,True,True,1449.0
grid-3004386-m4,0xce42d2ffe945df24933dc8d5cedcfd16115f7a0f3913ec7684092c9c55b568fc,3004386,4,2026-09-08T18:22:35.034620Z,lol-llh-mgz-2026-09-08-game4,MAGAZA,Lenovo Legion Honvéd,True,True,117212895183030062,True,True,1489.0
grid-3004388-m1,0xb6550a8217cd51142d32f78e01af6c266054eecb854f420745ee098bb548249c,3004388,1,2026-09-10T16:08:01.693568Z,lol-tsc-mgz-2026-09-10-game1,MAGAZA,The Secret Club Esport,True,True,117212895183030065,True,True,2046.0
grid-3004388-m2,0x2d6927fd39f33fc5f8ee22852a39fbbf5f64e577f9f7678fd00ffafa1fa2db72,3004388,2,2026-09-10T17:01:37.856787Z,lol-tsc-mgz-2026-09-10-game2,The Secret Club Esport,MAGAZA,True,True,117212895183030066,True,True,1691.0
grid-3004388-m3,0xd05d311781c0911789542dcce5f6a70ae02e17691ca83cbe1bac3966a2752518,3004388,3,2026-09-10T17:46:52.755534Z,lol-tsc-mgz-2026-09-10-game3,MAGAZA,The Secret Club Esport,True,True,117212895183030067,True,True,1776.0
grid-3004388-m4,0x4f09febdb0389ecec7f855558bbc4ef282eb19dca4a52ef03d263afd0492e2c1,3004388,4,2026-09-10T18:30:47.850631Z,lol-tsc-mgz-2026-09-10-game4,The Secret Club Esport,MAGAZA,True,True,117212895183030068,True,True,1964.0
grid-3004388-m5,0xbe4024a455dfb9645fba897753cea294b375bcc808b0f505fc41f3db93b81558,3004388,5,2026-09-10T19:22:45.768553Z,lol-tsc-mgz-2026-09-10,The Secret Club Esport,MAGAZA,True,True,117212895183030069,True,True,2092.0
grid-3005559-m1,0x42e7c98170a13a8cc076faeb218d0c44d781163f2b2ee0e36b004117422497cf,3005559,1,2026-09-08T14:18:01.242279Z,lol-nbs-exe-2026-09-08-game1,EXILE esports,NightBirds,True,True,116996464901636991,True,True,1381.0
grid-3005559-m2,0x147aea5d3740c9c2777d49288da428c38b7d32b07b78a31cfe666f90853bbf64,3005559,2,2026-09-08T15:19:56.501972Z,lol-nbs-exe-2026-09-08-game2,EXILE esports,NightBirds,True,True,116996464901636992,True,True,1085.0
grid-3005559-m3,0x5ebd7e0bbfdef3d19a2a02095c25af89e6bd2917d6efe1d618ec947b77080a6f,3005559,3,2026-09-08T15:45:14.313948Z,lol-nbs-exe-2026-09-08-game3,EXILE esports,NightBirds,True,True,116996464901636993,True,True,1368.0
grid-3005560-m1,0x937e3da78b341d3f7e65ad02cca7eae82e36eb6604cb3e5ece365fad01ba3f0a,3005560,1,2026-09-09T14:16:27.984356Z,lol-ckz-mea-2026-09-09-game1,CITA Kaizen,Meavedron,True,True,116996464901636997,True,True,1427.0
grid-3005560-m2,0x4f6ceae3076a3483980002b4f3c3dc6bf675152f9c079e8c61ab5b30d5df15a0,3005560,2,2026-09-09T15:09:13.264194Z,lol-ckz-mea-2026-09-09-game2,CITA Kaizen,Meavedron,True,True,116996464901636998,True,True,1564.0
grid-3005560-m3,0xa55ba082ce3b047b39177029082019e290bf447a9eb6381962b8cee79833a0fa,3005560,3,2026-09-09T15:59:11.225088Z,lol-ckz-mea-2026-09-09-game3,CITA Kaizen,Meavedron,True,True,116996464901636999,True,True,1467.0
grid-3005562-m1,0x709a41965b73fdb5ed3ed5685111b8724163fb2f6b145175d5ccfa20c5777277,3005562,1,2026-09-13T11:16:31.212636Z,lol-mea-brt-2026-09-10-game1,BRUTE,Meavedron,True,True,116996464901637009,True,True,1996.0
grid-3005562-m2,0x050ba57145c5701170d9b8b9a7a4fd1434426b8f9c04a57d335304b7fc53fb5d,3005562,2,2026-09-13T12:14:29.654633Z,lol-mea-brt-2026-09-10-game2,BRUTE,Meavedron,True,True,116996464901637010,True,True,2204.0
grid-3005562-m3,0xd08233d4c3e477ba14066b6bd24fd0e3e6e050596471455429c9dc5052ec22ba,3005562,3,2026-09-13T13:13:00.435143Z,lol-mea-brt-2026-09-10-game3,BRUTE,Meavedron,True,True,116996464901637011,True,True,1793.0
grid-3005563-m1,0xc884965f3e89a4b6a863ca4a289e478a456d6509ed7fb316067c327c50035422,3005563,1,2026-09-14T14:30:47.580593Z,lol-exe-esb-2026-09-14-game1,EXILE esports,eSuba,True,True,116996464901637015,True,True,1719.0
grid-3005563-m2,0x4c6723310f1922b1999bd29cb5c07cd8ad59bb3a061bfe14f30bb67e7b09a07d,3005563,2,2026-09-14T15:20:17.589115Z,lol-exe-esb-2026-09-14-game2,eSuba,EXILE esports,True,True,116996464901637016,True,True,2310.0
grid-3005563-m3,0xaef675bee2eb72e863bdef11f8a2235e06dd52b62672392aac7bdb69b811a3c5,3005563,3,2026-09-14T16:16:23.793020Z,lol-exe-esb-2026-09-14-game3,EXILE esports,eSuba,True,True,116996464901637017,True,True,1701.0
grid-3005563-m4,0x1ce39e2c9303c4e56fd66699df529524a11907c9e33fe0414856cdf7277dcb75,3005563,4,2026-09-14T17:00:45.628840Z,lol-exe-esb-2026-09-14-game4,eSuba,EXILE esports,True,True,116996464901702554,True,True,1391.0
grid-3005569-m1,0xa5d68feab388f8964a98930b6d9c68f6aa103eb2028d7a400c08739b67b8d69b,3005569,1,2026-09-15T14:54:37.325194Z,lol-nbs-ckz-2026-09-15-game1,CITA Kaizen,NightBirds,True,True,116996464901637003,True,True,1983.0
grid-3005569-m2,0x867be407fcf58b2d343f8bdc8b767fbcdc5976d0a5210fcd5dfd2d86e3de18df,3005569,2,2026-09-15T15:49:52.035011Z,lol-nbs-ckz-2026-09-15-game2,CITA Kaizen,NightBirds,True,True,116996464901637004,True,True,1410.0
grid-3005569-m3,0x4dbb36cbf941ff6e32607f3bd9a49070cc801511abbc402ba508d8787b29ccb4,3005569,3,2026-09-15T16:35:28.140427Z,lol-nbs-ckz-2026-09-15-game3,CITA Kaizen,NightBirds,True,True,116996464901637005,True,True,1418.0
grid-3005570-m1,0x36841a12ef7c69ac48e78e16137d1fe7c021fd1ee7c1f3523b9b826662dc97d6,3005570,1,2026-09-16T14:30:11.050863Z,lol-mea-esb-2026-09-16-game1,eSuba,Meavedron,True,True,116996464901702557,True,True,1314.0
grid-3005570-m2,0x06ac0a749b91709fc4897c78b3bc76bb482fc3d2c0e56def7609d7a6bec59e01,3005570,2,2026-09-16T15:06:59.882447Z,lol-mea-esb-2026-09-16-game2,eSuba,Meavedron,True,True,116996464901702558,True,True,1413.0
grid-3005570-m3,0xef36d1c0604fd688e3c64507f9c28b4faabfb888ab37b0635e328da36a121ce1,3005570,3,2026-09-16T15:51:09.409281Z,lol-mea-esb-2026-09-16-game3,eSuba,Meavedron,True,True,116996464901702559,True,True,2220.0
grid-3005570-m4,0xb909f1dc46f1543ce67536efcdbd2ac5cb03664be437ec17c083cc328b40b9fa,3005570,4,2026-09-16T16:53:30.490617Z,lol-mea-esb-2026-09-16-game4,eSuba,Meavedron,True,True,116996464901702560,True,True,1554.0
grid-3005572-m1,0x515a82c451d68b2be7cfe03d5a1cc7236fea87c803d9cb4df756ac6dcbe89261,3005572,1,2026-09-20T11:50:21.133874Z,lol-nbs-esb-2026-09-20-game1,eSuba,NightBirds,True,True,,False,False,1666.0
grid-3005572-m2,0xbc1760bc208a7264fcbe4d7fa4001df23278edd39ee318f78690a1ffce68272d,3005572,2,2026-09-20T12:40:38.452220Z,lol-nbs-esb-2026-09-20-game2,eSuba,NightBirds,True,True,,False,False,1466.0
grid-3005572-m3,0xe1a1657d496281c6bf9390f56f64512bcc84576bc90308b29a214e5e492d26dc,3005572,3,2026-09-20T13:24:44.047288Z,lol-nbs-esb-2026-09-20-game3,NightBirds,eSuba,True,True,,False,False,1174.0
grid-3008205-m1,0x6763e7ff08d933e28439314286c7e2839263e603f360b3fdbff2db2d7b8b9f5f,3008205,1,2026-09-21T15:03:36.804122Z,lol-sc-ap-2026-09-21-game1,Skillcamp Esport,Arctic Pandas,True,True,,False,False,1864.0
grid-3008205-m2,0x8bf6372d063ff01bf36666808aa2155bde0ee933747fc98ce44881a62ddf50f9,3008205,2,2026-09-21T15:55:09.020055Z,lol-sc-ap-2026-09-21-game2,Skillcamp Esport,Arctic Pandas,True,True,,False,False,1634.0
grid-3008205-m3,0x8dc9831b6fd054b08fbbc567975a8a863e7331497923a15f44933e963dfe469a,3008205,3,2026-09-21T16:46:51.204221Z,lol-sc-ap-2026-09-21,Skillcamp Esport,Arctic Pandas,True,True,,False,False,1894.0
grid-3008206-m1,0xed2a69aacde6138d012d94f876617c2ed120ce2c9f5c56e2c76f78a1e3746ba4,3008206,1,2026-09-21T15:05:07.365117Z,lol-use1-tos-2026-09-21-game1,Unicorns Of Love Sexy Edition,The Otter Side,True,True,,False,False,1394.0
grid-3008206-m2,0xb20f3ac59349276fd812d64e25fc8673c321ced24db6b8cd0a846a60f1f9a917,3008206,2,2026-09-21T15:50:13.015633Z,lol-use1-tos-2026-09-21-game2,Unicorns Of Love Sexy Edition,The Otter Side,True,True,,False,False,1823.0
grid-3008208-m1,0x75f5ca1270f0e406cf02be0d37babec65c6d8181bf1d00051cc754e47f7d9149,3008208,1,2026-09-21T15:04:30.921715Z,lol-bar-bublik-2026-09-21-game1,Bubliki,Barça eSports,True,True,,False,False,1752.0
grid-3008208-m2,0xd1386f81f8e03545798500059dd593fc8436d9b5bed3ada2d6834ff9e91acab2,3008208,2,2026-09-21T15:55:53.095844Z,lol-bar-bublik-2026-09-21-game2,Bubliki,Barça eSports,True,True,,False,False,1972.0
grid-3008208-m3,0x787fc430d2f5092260ef52b268cc07d23e1e09820042b0d053f1b94677dcc503,3008208,3,2026-09-21T16:54:27.508238Z,lol-bar-bublik-2026-09-21,Barça eSports,Bubliki,True,True,,False,False,1294.0
grid-3008209-m1,0xcca211c10f98b0f39988e172b210448cc162e4e19bb0c60601ec843dbee5c420,3008209,1,2026-09-21T17:40:23.621159Z,lol-piv-lds-2026-09-21-game1,Pyramid IV Esports,Lodis,True,True,,False,False,2197.0
grid-3008209-m2,0xb1b92b8042a1f2370886d20997aee81b9ca40678a79e039224cd8a51464226ae,3008209,2,2026-09-21T18:38:56.904005Z,lol-piv-lds-2026-09-21-game2,Lodis,Pyramid IV Esports,True,True,,False,False,2060.0
grid-3008211-m1,0x2b9ae199567fcb9f0b46e9b9566d75725078c502d86e3884eb4c9ecdbfcc5bfc,3008211,1,2026-09-21T16:55:06.758567Z,lol-ucam1-mcn-2026-09-21-game1,UCAM Esports Club,mCon esports,True,True,,False,False,1694.0
grid-3008211-m2,0xc6c342e94ddb478b08e32dbc76df08591595e5d2e192b74312509732416ce05b,3008211,2,2026-09-21T17:43:03.873581Z,lol-ucam1-mcn-2026-09-21-game2,UCAM Esports Club,mCon esports,True,True,,False,False,1732.0
grid-3008213-m1,0xe96debca86ce45084d45910a73cd78130a7014c010d3443143f919917d0f0b5e,3008213,1,2026-09-22T15:14:46.132419Z,lol-sc-lds-2026-09-22-game1,Lodis,Skillcamp Esport,True,True,,False,False,1800.0
grid-3008213-m2,0x015c4ba732370a0d5f84b70224461322ce74ebded41615189f1b1d741b311a96,3008213,2,2026-09-22T16:06:29.896515Z,lol-sc-lds-2026-09-22-game2,Lodis,Skillcamp Esport,True,True,,False,False,2063.0
grid-3008213-m3,0x19074223550e49276680fbb43d66faa776aef0465093ca4265772a4fa6fcc79a,3008213,3,2026-09-22T17:23:39.095647Z,lol-sc-lds-2026-09-22,Skillcamp Esport,Lodis,True,True,,False,False,1994.0
grid-3008214-m1,0xd1a65fc6383eeff71f845a02580211b8ffbcb4383dfe2f51106e154c07e1497b,3008214,1,2026-09-22T15:04:50.067802Z,lol-use1-ckz-2026-09-22-game1,CITA Kaizen,Unicorns Of Love Sexy Edition,True,True,,False,False,1686.0
grid-3008214-m2,0x4232a518d39d5a88755135095a98e6d408c1655c409ed5f69d8f8e59c82a35c5,3008214,2,2026-09-22T15:51:50.674673Z,lol-use1-ckz-2026-09-22-game2,Unicorns Of Love Sexy Edition,CITA Kaizen,True,True,,False,False,1929.0
grid-3008217-m1,0x276133a898c81a017c0212c369533eb1bca086e284e8ff2507cdee59397d42d9,3008217,1,2026-09-22T18:22:16.744769Z,lol-ap-piv-2026-09-22-game1,Arctic Pandas,Pyramid IV Esports,True,True,,False,False,2294.0
grid-3008217-m2,0xe2e3b239ce7144d8a6eec1d6c622ab4fda46e2192f6e69e0fdba74fc728f6546,3008217,2,2026-09-22T19:38:16.815796Z,lol-ap-piv-2026-09-22-game2,Arctic Pandas,Pyramid IV Esports,True,True,,False,False,1600.0
grid-3008217-m3,0x3256a1738df2f775df885cf4028652a4176840d814367a4cd1079a514199fa38,3008217,3,2026-09-22T20:26:10.806045Z,lol-ap-piv-2026-09-22,Pyramid IV Esports,Arctic Pandas,True,True,,False,False,2326.0
grid-3008219-m1,0x33c04a8de9f64f7c5112c1956e339643fa8dbff7be85b8849f4f3817d284c279,3008219,1,2026-09-22T16:46:08.991184Z,lol-vdn-mcn-2026-09-22-game1,mCon esports,Verdant,True,True,,False,False,2072.0
grid-3008219-m2,0x810632d0eaab94d7324ca5c73ca97eae44c602f9c5d62cc15a18a9ff35f12e9e,3008219,2,2026-09-22T17:54:43.481967Z,lol-vdn-mcn-2026-09-22-game2,mCon esports,Verdant,True,True,,False,False,1306.0
