dir,game,feed,status,yes_is_radiant,prior,mid,abs_gap_c,gap_c,prior_second,mid_second,yes_mid,no_mid
8974185539,dota,grid,no_model_prior,,,,,,,,,
8974217041,dota,grid,no_model_prior,,,,,,,,,
8974647733,dota,grid,ok,False,0.43,0.32,10.999999999999998,10.999999999999998,58.0,67.0,0.6799999999999999,0.32
8974786650,dota,grid,ok,False,0.395,0.395,0.0,0.0,9.0,9.0,0.605,0.395
8974985429,dota,grid,ok,True,0.34,0.375,3.4999999999999973,-3.4999999999999973,49.0,58.0,0.375,0.625
8975110449,dota,grid,ok,False,0.7,0.73,3.0000000000000027,-3.0000000000000027,61.0,61.0,0.27,0.73
8975647643,dota,grid,no_model_prior,,,,,,,,,
8975732660,dota,grid,ok,False,0.5,0.69,18.999999999999993,-18.999999999999993,69.0,357.0,0.31,0.69
8975871235,dota,grid,ok,True,0.445,0.565,11.999999999999995,-11.999999999999995,24.0,24.0,0.565,0.435
8976012755,dota,grid,ok,False,0.59,0.655,6.500000000000005,-6.500000000000005,53.0,59.0,0.345,0.655
8976166971,dota,grid,ok,True,0.48232951717272277,0.5305,4.81704828272772,-4.81704828272772,18.0,18.0,0.5305,0.46950000000000003
8976300473,dota,grid,ok,True,0.57,0.595,2.500000000000002,-2.500000000000002,-15.0,50.0,0.595,0.405
8976441468,dota,grid,ok,False,0.61,0.565,4.5000000000000036,4.5000000000000036,-4.0,7.0,0.435,0.565
8976511215,dota,grid,ok,False,0.535,0.485,5.000000000000004,5.000000000000004,-33.0,-33.0,0.515,0.485
8976665322,dota,grid,ok,False,0.675,0.625,5.000000000000004,5.000000000000004,65.0,72.0,0.375,0.625
8976751962,dota,grid,ok,True,0.2864321608040201,0.315,2.856783919597988,-2.856783919597988,68.0,68.0,0.315,0.685
8976806033,dota,grid,ok,True,0.245,0.275,3.0000000000000027,-3.0000000000000027,53.0,98.0,0.275,0.725
8977252978,dota,grid,ok,False,0.175,0.175,0.0,0.0,76.0,93.0,0.825,0.175
8977325814,dota,grid,ok,True,0.875,0.925,5.000000000000004,-5.000000000000004,2086.0,2091.0,0.925,0.075
9007118998,dota,oddin,ok,False,0.175,0.36,18.5,-18.5,1817.0,1817.0,0.64,0.36
9007118998.pgl-detached,dota,oddin,ok,False,0.175,0.185,1.0000000000000009,-1.0000000000000009,-85.0,-42.0,0.815,0.185
9007208887,dota,oddin,ok,False,0.218,0.2945,7.649999999999999,-7.649999999999999,-90.0,-60.0,0.7055,0.2945
9007618656,dota,oddin,ok,True,0.485,0.525,4.0000000000000036,-4.0000000000000036,-90.0,-60.0,0.525,0.475
9007618767,dota,oddin,ok,False,0.34673366834170855,0.4,5.326633165829148,-5.326633165829148,-90.0,-60.0,0.6,0.4
9007700576,dota,oddin,ok,False,0.445,0.495,4.999999999999999,-4.999999999999999,-90.0,-60.0,0.505,0.495
9007720090,dota,oddin,ok,True,0.665,0.735,6.999999999999995,-6.999999999999995,-90.0,-60.0,0.735,0.265
9007784381,dota,oddin,ok,False,0.535,0.495,4.0000000000000036,4.0000000000000036,-90.0,-60.0,0.505,0.495
9007800408,dota,oddin,ok,False,0.385,0.375,1.0000000000000009,1.0000000000000009,-90.0,-60.0,0.625,0.375
9007918871,dota,oddin,ok,False,0.625,0.705,7.9999999999999964,-7.9999999999999964,-90.0,-60.0,0.295,0.705
9008041645,dota,oddin,ok,True,0.35,0.38,3.0000000000000027,-3.0000000000000027,-90.0,-60.0,0.38,0.62
9008125103,dota,oddin,ok,False,0.425,0.32,10.499999999999998,10.499999999999998,-90.0,-60.0,0.6799999999999999,0.32
9008160103,dota,oddin,ok,True,0.435,0.385,4.999999999999999,4.999999999999999,-90.0,-60.0,0.385,0.615
9008292090,dota,oddin,ok,True,0.535,0.42,11.500000000000005,11.500000000000005,-90.0,-60.0,0.42,0.58
9008297395,dota,oddin,ok,True,0.435,0.515,8.000000000000002,-8.000000000000002,-90.0,-60.0,0.515,0.485
9008413867,dota,oddin,ok,False,0.21,0.29000000000000004,8.000000000000004,-8.000000000000004,-90.0,-58.0,0.71,0.29000000000000004
9008436237,dota,oddin,ok,True,0.57,0.555,1.4999999999999902,1.4999999999999902,-90.0,-60.0,0.555,0.445
9008510292,dota,oddin,ok,False,0.205,0.245,4.000000000000001,-4.000000000000001,-90.0,-60.0,0.755,0.245
9009267022,dota,oddin,ok,True,0.75,0.775,2.500000000000002,-2.500000000000002,-90.0,-60.0,0.775,0.225
9009267070,dota,oddin,ok,True,0.46,0.505,4.499999999999998,-4.499999999999998,-90.0,-60.0,0.505,0.495
9009315261,dota,oddin,ok,False,0.215,0.235,1.9999999999999991,-1.9999999999999991,-90.0,-60.0,0.765,0.235
9009316435,dota,oddin,ok,True,0.435,0.525,9.000000000000002,-9.000000000000002,-90.0,-60.0,0.525,0.475
9009368871,dota,oddin,ok,True,0.505,0.46499999999999997,4.0000000000000036,4.0000000000000036,-90.0,-60.0,0.46499999999999997,0.535
9009369303,dota,oddin,ok,False,0.515,0.415,10.000000000000004,10.000000000000004,-90.0,-60.0,0.585,0.415
9009429875,dota,oddin,ok,False,0.58,0.615,3.500000000000003,-3.500000000000003,-90.0,-60.0,0.385,0.615
9009436210,dota,oddin,ok,False,0.525,0.615,8.999999999999996,-8.999999999999996,-90.0,-60.0,0.385,0.615
9009517003,dota,oddin,no_model_prior,,,,,,,,,
9009540955,dota,oddin,ok,True,0.455,0.545,9.000000000000002,-9.000000000000002,-90.0,-60.0,0.545,0.455
9009607812,dota,oddin,ok,False,0.515,0.625,10.999999999999998,-10.999999999999998,-90.0,-60.0,0.375,0.625
9009679500,dota,oddin,ok,False,0.395,0.425,2.9999999999999973,-2.9999999999999973,-90.0,-60.0,0.575,0.425
9009747865,dota,oddin,ok,True,0.495,0.585,8.999999999999996,-8.999999999999996,-90.0,-60.0,0.585,0.415
9009814362,dota,oddin,ok,True,0.575,0.565,1.0000000000000009,1.0000000000000009,-90.0,-60.0,0.565,0.435
9009924057,dota,oddin,ok,True,0.63,0.575,5.500000000000005,5.500000000000005,-90.0,-60.0,0.575,0.425
9010014985,dota,oddin,ok,False,0.375,0.345,3.0000000000000027,3.0000000000000027,-90.0,-60.0,0.655,0.345
9010695250,dota,oddin,ok,False,0.545,0.435,11.000000000000004,11.000000000000004,-90.0,-60.0,0.565,0.435
9010695310,dota,oddin,ok,True,0.655,0.715,5.999999999999995,-5.999999999999995,-90.0,-60.0,0.715,0.28500000000000003
9010740459,dota,oddin,ok,False,0.335,0.355,1.9999999999999962,-1.9999999999999962,-90.0,-60.0,0.645,0.355
9010744805,dota,oddin,ok,True,0.545,0.495,5.000000000000004,5.000000000000004,-90.0,-60.0,0.495,0.505
9010793762,dota,oddin,ok,True,0.695,0.725,3.0000000000000027,-3.0000000000000027,-90.0,-60.0,0.725,0.275
9010797995,dota,oddin,ok,False,0.545,0.605,5.999999999999995,-5.999999999999995,-90.0,-60.0,0.395,0.605
9010847796,dota,oddin,ok,True,0.515,0.565,4.999999999999993,-4.999999999999993,-90.0,-60.0,0.565,0.435
9010850705,dota,oddin,ok,False,0.26,0.20500000000000002,5.499999999999999,5.499999999999999,-90.0,-60.0,0.795,0.20500000000000002
9010913001,dota,oddin,ok,False,0.545,0.45,9.500000000000004,9.500000000000004,-90.0,-60.0,0.55,0.45
9010940591,dota,oddin,ok,False,0.2785,0.30950000000000005,3.1000000000000028,-3.1000000000000028,-90.0,-60.0,0.6904999999999999,0.3095
9010993339,dota,oddin,ok,False,0.465,0.535,7.000000000000001,-7.000000000000001,-90.0,-60.0,0.46499999999999997,0.535
9011102813,dota,oddin,ok,False,0.545,0.495,5.000000000000004,5.000000000000004,-90.0,-60.0,0.505,0.495
9011229961,dota,oddin,ok,True,0.465,0.385,8.000000000000002,8.000000000000002,-90.0,-60.0,0.385,0.615
9012123019,dota,oddin,ok,False,0.295,0.215,7.999999999999999,7.999999999999999,-90.0,-60.0,0.785,0.215
9012167647,dota,oddin,ok,False,0.275,0.355,7.9999999999999964,-7.9999999999999964,-90.0,-60.0,0.645,0.355
9012243731,dota,oddin,ok,False,0.635,0.645,1.0000000000000009,-1.0000000000000009,-90.0,-60.0,0.355,0.645
grid-2964617-m1,lol,grid,ok,False,0.49,0.435,5.499999999999999,5.499999999999999,70.0,76.0,0.565,0.435
grid-2964617-m2,lol,grid,ok,False,0.585,0.555,2.9999999999999916,2.9999999999999916,81.0,81.0,0.445,0.555
grid-2964619-m1,lol,grid,ok,True,0.365,0.44,7.500000000000001,-7.500000000000001,73.0,73.0,0.44,0.56
grid-2964619-m2,lol,grid,ok,True,0.435,0.425,1.0000000000000009,1.0000000000000009,80.0,80.0,0.425,0.575
grid-2964620-m1,lol,grid,ok,False,0.115,0.11499999999999999,1.3877787807814457e-15,1.3877787807814457e-15,72.0,74.0,0.885,0.11499999999999999
grid-2964620-m2,lol,grid,ok,True,0.905,0.905,0.0,0.0,79.0,79.0,0.905,0.095
grid-2965523-m1,lol,grid,ok,False,0.2135,0.14,7.349999999999998,7.349999999999998,78.0,80.0,0.86,0.14
grid-2965523-m2,lol,grid,ok,True,0.913,0.882,3.1000000000000028,3.1000000000000028,396.0,396.0,0.882,0.11800000000000001
grid-2965523-m3,lol,grid,ok,True,0.79,0.81,2.0000000000000018,-2.0000000000000018,77.0,77.0,0.81,0.19
grid-2965524-m1,lol,grid,ok,False,0.36,0.3,6.0,6.0,80.0,80.0,0.7,0.3
grid-2965524-m2,lol,grid,ok,True,0.485,0.59,10.499999999999998,-10.499999999999998,80.0,80.0,0.59,0.41
grid-2965524-m3,lol,grid,ok,False,0.32,0.42,9.999999999999998,-9.999999999999998,81.0,115.0,0.58,0.42
grid-2965525-m1,lol,grid,ok,True,0.66,0.41500000000000004,24.5,24.5,79.0,80.0,0.41500000000000004,0.585
grid-2965525-m2,lol,grid,ok,False,0.35,0.335,1.4999999999999958,1.4999999999999958,72.0,72.0,0.665,0.335
grid-2965526-m1,lol,grid,no_model_prior,,,,,,,,,
grid-2965526-m2,lol,grid,no_model_prior,,,,,,,,,
grid-2965526-m3,lol,grid,ok,True,0.705,0.715,1.0000000000000009,-1.0000000000000009,81.0,81.0,0.715,0.28500000000000003
grid-2965527-m1,lol,grid,ok,False,0.205,0.22,1.5000000000000013,-1.5000000000000013,80.0,80.0,0.78,0.22
grid-2965527-m2,lol,grid,ok,True,0.835,0.795,3.9999999999999925,3.9999999999999925,82.0,82.0,0.795,0.20500000000000002
grid-2965527-m3,lol,grid,ok,True,0.825,0.815,1.0000000000000009,1.0000000000000009,80.0,80.0,0.815,0.185
grid-2965528-m1,lol,grid,ok,True,0.405,0.4315,2.649999999999997,-2.649999999999997,76.0,76.0,0.4315,0.5685
grid-2965528-m2,lol,grid,ok,True,0.38,0.475,9.499999999999996,-9.499999999999996,81.0,81.0,0.475,0.525
grid-2965528-m3,lol,grid,ok,True,0.54,0.505,3.500000000000003,3.500000000000003,44.0,44.0,0.505,0.495
grid-2965529-m1,lol,grid,ok,False,0.595,0.545,4.999999999999993,4.999999999999993,81.0,81.0,0.455,0.545
grid-2965529-m2,lol,grid,ok,False,0.61,0.595,1.5000000000000013,1.5000000000000013,78.0,78.0,0.405,0.595
grid-2965529-m3,lol,grid,ok,False,0.7208121827411167,0.665,5.581218274111666,5.581218274111666,74.0,77.0,0.33499999999999996,0.665
grid-2965530-m1,lol,grid,ok,True,0.835,0.765,6.999999999999995,6.999999999999995,21.0,79.0,0.765,0.235
grid-2965530-m2,lol,grid,ok,False,0.155,0.165,1.0000000000000009,-1.0000000000000009,77.0,77.0,0.835,0.165
grid-2965530-m3,lol,grid,ok,False,0.075,0.125,5.0,-5.0,55.0,74.0,0.875,0.125
grid-2967260-m1,lol,grid,ok,False,0.155,0.155,0.0,0.0,78.0,82.0,0.845,0.155
grid-2967260-m2,lol,grid,ok,False,0.155,0.155,0.0,0.0,83.0,83.0,0.845,0.155
grid-2967260-m3,lol,grid,ok,False,0.18,0.19,1.0000000000000009,-1.0000000000000009,80.0,80.0,0.81,0.19
grid-2967261-m2,lol,grid,ok,True,0.575,0.655,8.000000000000007,-8.000000000000007,98.0,98.0,0.655,0.345
grid-2967261-m4,lol,grid,ok,True,0.59,0.59,0.0,0.0,75.0,75.0,0.59,0.41
grid-2967262-m1,lol,grid,ok,True,0.41,0.395,1.4999999999999958,1.4999999999999958,77.0,78.0,0.395,0.605
grid-2967262-m2,lol,grid,ok,True,0.36,0.325,3.4999999999999973,3.4999999999999973,81.0,81.0,0.325,0.675
grid-2967262-m3,lol,grid,ok,True,0.405,0.445,3.9999999999999982,-3.9999999999999982,83.0,83.0,0.445,0.555
grid-2968611-m1,lol,grid,no_model_prior,,,,,,,,,
grid-2968611-m2,lol,grid,ok,True,0.5,0.59,8.999999999999996,-8.999999999999996,83.0,1340.0,0.59,0.41000000000000003
grid-2968611-m3,lol,grid,ok,False,0.59,0.59,0.0,0.0,43.0,43.0,0.41000000000000003,0.59
grid-2968611-m4,lol,grid,ok,False,0.34,0.30000000000000004,3.9999999999999982,3.9999999999999982,74.0,79.0,0.7,0.30000000000000004
grid-2968612-m1,lol,grid,ok,False,0.46,0.32499999999999996,13.500000000000007,13.500000000000007,92.0,92.0,0.675,0.32499999999999996
grid-2968612-m2,lol,grid,ok,True,0.395,0.315,8.000000000000002,8.000000000000002,78.0,82.0,0.315,0.685
grid-2968612-m3,lol,grid,ok,False,0.625,0.56,6.499999999999995,6.499999999999995,79.0,79.0,0.44,0.56
grid-2968612-m4,lol,grid,ok,False,0.675,0.84,16.499999999999993,-16.499999999999993,77.0,81.0,0.16,0.84
grid-2968613-m1,lol,grid,ok,True,0.81,0.805,0.5000000000000004,0.5000000000000004,72.0,76.0,0.805,0.195
grid-2968613-m2,lol,grid,ok,True,0.855,0.815,4.0000000000000036,4.0000000000000036,80.0,80.0,0.815,0.185
grid-2968613-m3,lol,grid,ok,True,0.885,0.895,1.0000000000000009,-1.0000000000000009,78.0,82.0,0.895,0.10500000000000001
grid-2968614-m1,lol,grid,ok,False,0.8020304568527918,0.765,3.7030456852791827,3.7030456852791827,78.0,78.0,0.235,0.765
grid-2968614-m2,lol,grid,ok,True,0.09,0.095,0.5000000000000004,-0.5000000000000004,75.0,75.0,0.095,0.905
grid-2968614-m3,lol,grid,ok,True,0.67,0.65,2.0000000000000018,2.0000000000000018,92.0,92.0,0.6499999999999999,0.35
grid-2971821-m1,lol,grid,no_model_prior,,,,,,,,,
grid-2971822-m2,lol,grid,ok,True,0.2515,0.253,0.15000000000000013,-0.15000000000000013,130.0,130.0,0.253,0.747
grid-2971823-m1,lol,grid,ok,False,0.585,0.625,4.0000000000000036,-4.0000000000000036,72.0,85.0,0.375,0.625
grid-2971823-m2,lol,grid,ok,True,0.48,0.405,7.499999999999996,7.499999999999996,47.0,78.0,0.405,0.595
grid-2971824-m1,lol,grid,ok,True,0.855,0.855,0.0,0.0,80.0,80.0,0.855,0.14500000000000002
grid-2971824-m2,lol,grid,ok,False,0.17,0.275,10.500000000000002,-10.500000000000002,75.0,75.0,0.725,0.275
grid-2971825-m1,lol,grid,ok,False,0.495,0.5855,9.050000000000002,-9.050000000000002,78.0,79.0,0.4145,0.5854999999999999
grid-2971825-m2,lol,grid,ok,True,0.425,0.445,2.0000000000000018,-2.0000000000000018,88.0,88.0,0.445,0.555
grid-2971825-m3,lol,grid,ok,False,0.7175,0.6405000000000001,7.699999999999996,7.699999999999996,75.0,80.0,0.35950000000000004,0.6405000000000001
grid-2972362-m2,lol,grid,ok,False,0.355,0.345,1.0000000000000009,1.0000000000000009,100.0,100.0,0.655,0.345
grid-2972362-m3,lol,grid,ok,False,0.33,0.335,0.5000000000000004,-0.5000000000000004,78.0,82.0,0.665,0.335
grid-2972363-m1,lol,grid,ok,True,0.62,0.605,1.5000000000000013,1.5000000000000013,77.0,77.0,0.605,0.395
grid-2972363-m2,lol,grid,ok,True,0.605,0.645,4.0000000000000036,-4.0000000000000036,91.0,91.0,0.645,0.355
grid-2972363-m3,lol,grid,ok,True,0.535,0.5700000000000001,3.500000000000003,-3.500000000000003,77.0,81.0,0.5700000000000001,0.43
grid-2973272-m1,lol,grid,ok,False,0.375,0.335,3.9999999999999982,3.9999999999999982,73.0,75.0,0.665,0.335
grid-2973272-m2,lol,grid,ok,True,0.635,0.695,5.999999999999995,-5.999999999999995,70.0,74.0,0.695,0.305
grid-2973272-m3,lol,grid,ok,False,0.375,0.345,3.0000000000000027,3.0000000000000027,75.0,76.0,0.655,0.345
grid-2973272-m4,lol,grid,ok,False,0.435,0.545,11.000000000000004,-11.000000000000004,78.0,82.0,0.455,0.545
grid-2973273-m1,lol,grid,no_model_prior,,,,,,,,,
grid-2973273-m2,lol,grid,ok,True,0.665,0.665,0.0,0.0,46.0,63.0,0.665,0.335
grid-2973273-m3,lol,grid,ok,True,0.685,0.685,0.0,0.0,74.0,83.0,0.685,0.315
grid-2973273-m4,lol,grid,ok,False,0.335,0.355,1.9999999999999962,-1.9999999999999962,77.0,78.0,0.645,0.355
grid-2973274-m1,lol,grid,ok,False,0.315,0.325,1.0000000000000009,-1.0000000000000009,75.0,79.0,0.675,0.325
grid-2973274-m2,lol,grid,ok,False,0.375,0.395,2.0000000000000018,-2.0000000000000018,71.0,74.0,0.605,0.395
grid-2973274-m3,lol,grid,ok,True,0.695,0.685,0.9999999999999898,0.9999999999999898,73.0,79.0,0.685,0.315
grid-2973274-m4,lol,grid,ok,True,0.69,0.735,4.5000000000000036,-4.5000000000000036,72.0,73.0,0.735,0.265
grid-2974335-m1,lol,grid,ok,False,0.35,0.295,5.499999999999999,5.499999999999999,72.0,79.0,0.705,0.295
grid-2974335-m2,lol,grid,ok,True,0.685,0.675,1.0000000000000009,1.0000000000000009,82.0,82.0,0.675,0.325
grid-2974335-m3,lol,grid,ok,True,0.745,0.77,2.500000000000002,-2.500000000000002,91.0,91.0,0.77,0.22999999999999998
grid-2974337-m1,lol,grid,ok,False,0.195,0.18,1.5000000000000013,1.5000000000000013,94.0,94.0,0.8200000000000001,0.18
grid-2974337-m2,lol,grid,ok,True,0.85,0.85,0.0,0.0,81.0,81.0,0.85,0.15000000000000002
grid-2974337-m3,lol,grid,ok,True,0.805,0.775,3.0000000000000027,3.0000000000000027,77.0,83.0,0.775,0.225
grid-2975624-m1,lol,grid,ok,False,0.6019900497512438,0.6,0.19900497512438386,0.19900497512438386,78.0,78.0,0.4,0.6
grid-2975624-m2,lol,grid,ok,True,0.795,0.82,2.499999999999991,-2.499999999999991,84.0,84.0,0.82,0.18
grid-2975624-m3,lol,grid,ok,False,0.585,0.495,8.999999999999996,8.999999999999996,58.0,58.0,0.505,0.495
grid-2975624-m4,lol,grid,ok,False,0.31,0.495,18.5,-18.5,76.0,76.0,0.505,0.495
grid-2975624-m5,lol,grid,ok,False,0.3895,0.38,0.9500000000000008,0.9500000000000008,80.0,80.0,0.62,0.38
grid-2975625-m1,lol,grid,ok,True,0.72,0.74,2.0000000000000018,-2.0000000000000018,95.0,95.0,0.74,0.26
grid-2975625-m2,lol,grid,ok,False,0.285,0.28500000000000003,5.551115123125783e-15,-5.551115123125783e-15,81.0,81.0,0.715,0.28500000000000003
grid-2975625-m3,lol,grid,ok,False,0.285,0.245,3.9999999999999982,3.9999999999999982,89.0,89.0,0.755,0.245
grid-2975625-m4,lol,grid,ok,False,0.32,0.335,1.5000000000000013,-1.5000000000000013,75.0,75.0,0.665,0.335
grid-2975625-m5,lol,grid,ok,False,0.2995,0.3405,4.100000000000003,-4.100000000000003,52.0,76.0,0.6595,0.3405
grid-2975627-m1,lol,grid,ok,False,0.62,0.635,1.5000000000000013,-1.5000000000000013,74.0,74.0,0.365,0.635
grid-2975627-m2,lol,grid,ok,False,0.655,0.655,0.0,0.0,89.0,89.0,0.345,0.655
grid-2975627-m3,lol,grid,ok,False,0.655,0.595,6.000000000000005,6.000000000000005,79.0,79.0,0.405,0.595
grid-2975627-m4,lol,grid,ok,False,0.565,0.585,2.0000000000000018,-2.0000000000000018,77.0,77.0,0.415,0.585
grid-2975628-m1,lol,grid,ok,True,0.435,0.445,1.0000000000000009,-1.0000000000000009,79.0,79.0,0.445,0.555
grid-2975628-m2,lol,grid,ok,True,0.375,0.385,1.0000000000000009,-1.0000000000000009,79.0,79.0,0.385,0.615
grid-2975628-m3,lol,grid,ok,True,0.385,0.425,3.9999999999999982,-3.9999999999999982,79.0,79.0,0.425,0.575
grid-2975628-m4,lol,grid,ok,True,0.455,0.455,0.0,0.0,73.0,73.0,0.455,0.545
grid-2975628-m5,lol,grid,ok,True,0.385,0.395,1.0000000000000009,-1.0000000000000009,91.0,91.0,0.395,0.605
grid-2975629-m1,lol,grid,ok,True,0.64,0.655,1.5000000000000013,-1.5000000000000013,82.0,82.0,0.655,0.345
grid-2975629-m2,lol,grid,ok,True,0.635,0.655,2.0000000000000018,-2.0000000000000018,78.0,78.0,0.655,0.345
grid-2975629-m3,lol,grid,ok,True,0.655,0.685,3.0000000000000027,-3.0000000000000027,83.0,83.0,0.685,0.315
grid-2976630-m1,lol,grid,ok,False,0.435,0.445,1.0000000000000009,-1.0000000000000009,72.0,72.0,0.5549999999999999,0.445
grid-2976630-m2,lol,grid,ok,True,0.66,0.8049999999999999,14.499999999999991,-14.499999999999991,79.0,79.0,0.8049999999999999,0.195
grid-2976630-m3,lol,grid,ok,True,0.665,0.63,3.500000000000003,3.500000000000003,79.0,79.0,0.63,0.37
grid-2976631-m1,lol,grid,ok,True,0.78,0.8500000000000001,7.000000000000006,-7.000000000000006,91.0,91.0,0.8500000000000001,0.15
grid-2976631-m2,lol,grid,ok,True,0.715,0.84,12.5,-12.5,78.0,78.0,0.84,0.16
grid-2976631-m3,lol,grid,ok,False,0.235,0.28500000000000003,5.000000000000004,-5.000000000000004,77.0,77.0,0.7150000000000001,0.28500000000000003
grid-2976631-m4,lol,grid,ok,True,0.825,0.51,31.499999999999993,31.499999999999993,61.0,61.0,0.51,0.49
grid-2976631-m5,lol,grid,ok,False,0.3025,0.251,5.149999999999999,5.149999999999999,77.0,83.0,0.749,0.251
grid-2977835-m1,lol,grid,ok,False,0.51,0.39,12.0,12.0,77.0,82.0,0.61,0.39
grid-2977835-m2,lol,grid,ok,True,0.58,0.77,19.000000000000007,-19.000000000000007,86.0,86.0,0.77,0.22999999999999998
grid-2977835-m3,lol,grid,ok,True,0.775,0.69,8.500000000000007,8.500000000000007,79.0,79.0,0.69,0.31000000000000005
grid-2977837-m1,lol,grid,ok,False,0.28,0.38,9.999999999999998,-9.999999999999998,79.0,79.0,0.62,0.38
grid-2977837-m2,lol,grid,ok,False,0.14,0.13,1.0000000000000009,1.0000000000000009,42.0,84.0,0.87,0.13
grid-2977837-m3,lol,grid,ok,False,0.126,0.126,0.0,0.0,81.0,81.0,0.874,0.126
grid-2978288-m1,lol,grid,ok,False,0.41,0.505,9.500000000000004,-9.500000000000004,89.0,89.0,0.495,0.505
grid-2978288-m2,lol,grid,ok,False,0.435,0.44,0.5000000000000004,-0.5000000000000004,79.0,79.0,0.56,0.44
grid-2978288-m3,lol,grid,ok,True,0.58,0.655,7.500000000000007,-7.500000000000007,85.0,85.0,0.655,0.345
grid-2980509-m1,lol,grid,ok,False,0.255,0.215,4.000000000000001,4.000000000000001,79.0,79.0,0.785,0.215
grid-2980509-m2,lol,grid,ok,True,0.745,0.745,0.0,0.0,77.0,77.0,0.745,0.255
grid-2980509-m3,lol,grid,ok,True,0.705,0.715,1.0000000000000009,-1.0000000000000009,75.0,78.0,0.715,0.28500000000000003
grid-2984640-m1,lol,grid,ok,True,0.45,0.445,0.5000000000000004,0.5000000000000004,51.0,81.0,0.44499999999999995,0.5549999999999999
grid-2984640-m2,lol,grid,ok,True,0.485,0.51,2.500000000000002,-2.500000000000002,93.0,93.0,0.51,0.49
grid-2984640-m3,lol,grid,ok,True,0.5226130653266332,0.505,1.7613065326633204,1.7613065326633204,81.0,81.0,0.505,0.495
grid-2984645-m1,lol,grid,ok,False,0.355,0.375,2.0000000000000018,-2.0000000000000018,8.0,78.0,0.625,0.375
grid-2984645-m2,lol,grid,ok,True,0.62,0.545,7.499999999999996,7.499999999999996,75.0,78.0,0.545,0.455
grid-2984646-m1,lol,grid,ok,True,0.705,0.7350000000000001,3.0000000000000138,-3.0000000000000138,18.0,73.0,0.7350000000000001,0.265
grid-2984646-m2,lol,grid,ok,True,0.525,0.585,5.999999999999995,-5.999999999999995,72.0,76.0,0.585,0.415
grid-2987004-m1,lol,grid,ok,False,0.425,0.415,1.0000000000000009,1.0000000000000009,82.0,82.0,0.585,0.415
grid-2987004-m2,lol,grid,ok,False,0.475,0.525,5.000000000000004,-5.000000000000004,73.0,76.0,0.475,0.525
grid-2987004-m3,lol,grid,ok,False,0.465,0.435,3.0000000000000027,3.0000000000000027,73.0,73.0,0.565,0.435
grid-2987004-m4,lol,grid,ok,False,0.475,0.365,10.999999999999998,10.999999999999998,94.0,94.0,0.635,0.365
grid-2987005-m1,lol,grid,ok,True,0.555,0.565,0.9999999999999898,-0.9999999999999898,74.0,86.0,0.565,0.435
grid-2987005-m2,lol,grid,ok,False,0.455,0.445,1.0000000000000009,1.0000000000000009,75.0,75.0,0.555,0.445
grid-2987005-m3,lol,grid,ok,True,0.565,0.615,5.000000000000004,-5.000000000000004,48.0,48.0,0.615,0.385
grid-2987005-m4,lol,grid,ok,False,0.465,0.425,4.0000000000000036,4.0000000000000036,78.0,78.0,0.575,0.425
grid-2987006-m1,lol,grid,ok,True,0.585,0.565,2.0000000000000018,2.0000000000000018,83.0,83.0,0.565,0.435
grid-2987006-m2,lol,grid,ok,False,0.455,0.475,1.9999999999999962,-1.9999999999999962,78.0,78.0,0.525,0.475
grid-2987006-m3,lol,grid,ok,False,0.485,0.525,4.0000000000000036,-4.0000000000000036,78.0,78.0,0.475,0.525
grid-2987006-m4,lol,grid,ok,True,0.575,0.565,1.0000000000000009,1.0000000000000009,75.0,75.0,0.565,0.435
grid-2987017-m1,lol,grid,ok,True,0.725,0.755,3.0000000000000027,-3.0000000000000027,82.0,82.0,0.755,0.245
grid-2987017-m2,lol,grid,ok,True,0.695,0.755,6.000000000000005,-6.000000000000005,71.0,72.0,0.755,0.245
grid-2987017-m3,lol,grid,ok,True,0.698019801980198,0.775,7.698019801980205,-7.698019801980205,74.0,74.0,0.775,0.225
grid-2987018-m1,lol,grid,ok,False,0.405,0.365,4.0000000000000036,4.0000000000000036,18.0,18.0,0.635,0.365
grid-2987018-m2,lol,grid,ok,False,0.385,0.455,7.000000000000001,-7.000000000000001,90.0,90.0,0.545,0.455
grid-2987018-m4,lol,grid,ok,False,0.435,0.425,1.0000000000000009,1.0000000000000009,96.0,96.0,0.575,0.425
grid-2987018-m5,lol,grid,ok,False,0.445,0.495,4.999999999999999,-4.999999999999999,76.0,76.0,0.505,0.495
grid-2987019-m1,lol,grid,ok,True,0.355,0.305,4.999999999999999,4.999999999999999,46.0,46.0,0.305,0.695
grid-2987019-m2,lol,grid,ok,True,0.385,0.545,16.000000000000004,-16.000000000000004,468.0,468.0,0.545,0.455
grid-2987019-m3,lol,grid,ok,False,0.595,0.575,2.0000000000000018,2.0000000000000018,97.0,97.0,0.425,0.575
grid-2987019-m4,lol,grid,ok,True,0.385,0.385,0.0,0.0,50.0,50.0,0.385,0.615
grid-2987019-m5,lol,grid,ok,False,0.635,0.58,5.500000000000005,5.500000000000005,82.0,82.0,0.42,0.58
grid-2987020-m1,lol,grid,ok,True,0.425,0.445,2.0000000000000018,-2.0000000000000018,42.0,42.0,0.445,0.555
grid-2987020-m2,lol,grid,ok,False,0.545,0.555,1.0000000000000009,-1.0000000000000009,82.0,82.0,0.445,0.555
grid-2987020-m3,lol,grid,ok,True,0.485,0.475,1.0000000000000009,1.0000000000000009,82.0,82.0,0.475,0.525
grid-2987020-m4,lol,grid,ok,False,0.515,0.505,1.0000000000000009,1.0000000000000009,81.0,81.0,0.495,0.505
grid-2987021-m1,lol,grid,ok,False,0.475,0.46499999999999997,1.0000000000000009,1.0000000000000009,73.0,74.0,0.535,0.46499999999999997
grid-2987021-m2,lol,grid,ok,True,0.565,0.585,2.0000000000000018,-2.0000000000000018,78.0,78.0,0.585,0.415
grid-2987021-m3,lol,grid,ok,False,0.445,0.485,3.9999999999999982,-3.9999999999999982,80.0,80.0,0.515,0.485
grid-2987021-m4,lol,grid,ok,True,0.565,0.565,0.0,0.0,79.0,79.0,0.565,0.435
grid-2991209-m2,lol,grid,ok,False,0.755,0.755,0.0,0.0,82.0,82.0,0.245,0.755
grid-2991210-m1,lol,grid,ok,False,0.355,0.495,14.000000000000002,-14.000000000000002,77.0,86.0,0.505,0.495
grid-2991210-m2,lol,grid,ok,False,0.44,0.415,2.500000000000002,2.500000000000002,76.0,76.0,0.585,0.415
grid-2991210-m3,lol,grid,ok,False,0.405,0.435,2.9999999999999973,-2.9999999999999973,77.0,77.0,0.565,0.435
grid-2991212-m1,lol,grid,ok,False,0.38,0.355,2.500000000000002,2.500000000000002,94.0,94.0,0.645,0.355
grid-2991212-m2,lol,grid,ok,False,0.26,0.26,0.0,0.0,95.0,95.0,0.74,0.26
grid-2991212-m3,lol,grid,ok,True,0.81,0.8300000000000001,2.0000000000000018,-2.0000000000000018,91.0,91.0,0.8300000000000001,0.16999999999999998
grid-2991213-m1,lol,grid,ok,True,0.965,0.9635,0.14999999999999458,0.14999999999999458,91.0,91.0,0.9635,0.0365
grid-2991213-m2,lol,grid,ok,True,0.9415,0.9745,3.300000000000003,-3.300000000000003,76.0,76.0,0.9744999999999999,0.025500000000000002
grid-2991214-m1,lol,grid,ok,True,0.255,0.245,1.0000000000000009,1.0000000000000009,71.0,77.0,0.245,0.755
grid-2991214-m2,lol,grid,ok,True,0.185,0.20500000000000002,2.0000000000000018,-2.0000000000000018,77.0,77.0,0.20500000000000002,0.795
grid-2991214-m3,lol,grid,ok,False,0.43,0.43,0.0,0.0,78.0,78.0,0.5700000000000001,0.43
grid-2991216-m1,lol,grid,ok,False,0.215,0.22999999999999998,1.4999999999999987,-1.4999999999999987,77.0,77.0,0.77,0.22999999999999998
grid-2991216-m2,lol,grid,ok,False,0.16,0.3,13.999999999999998,-13.999999999999998,80.0,80.0,0.7,0.3
grid-2991216-m3,lol,grid,ok,True,0.87,0.825,4.5000000000000036,4.5000000000000036,81.0,81.0,0.825,0.175
grid-2991217-m1,lol,grid,ok,False,0.32,0.395,7.500000000000001,-7.500000000000001,82.0,82.0,0.605,0.395
grid-2991217-m2,lol,grid,ok,True,0.74,0.685,5.499999999999994,5.499999999999994,82.0,82.0,0.685,0.31500000000000006
grid-2991218-m1,lol,grid,ok,False,0.37,0.4,3.0000000000000027,-3.0000000000000027,82.0,82.0,0.6000000000000001,0.4
grid-2991218-m2,lol,grid,ok,False,0.475,0.505,3.0000000000000027,-3.0000000000000027,76.0,76.0,0.495,0.505
grid-2994622-m1,lol,grid,ok,False,0.22,0.33,11.000000000000002,-11.000000000000002,78.0,78.0,0.67,0.33
grid-2994622-m2,lol,grid,ok,True,0.7805,0.71,7.050000000000001,7.050000000000001,81.0,81.0,0.71,0.29000000000000004
grid-2996002-m1,dota,grid,ok,True,0.465,0.455,1.0000000000000009,1.0000000000000009,8.0,19.0,0.455,0.545
grid-2996002-m2,dota,grid,ok,True,0.44,0.45499999999999996,1.4999999999999958,-1.4999999999999958,-7.0,-7.0,0.45499999999999996,0.545
grid-2996003-m2,dota,grid,ok,True,0.345,0.375,3.0000000000000027,-3.0000000000000027,65.0,65.0,0.375,0.625
grid-2996004-m1,dota,grid,ok,True,0.695,0.725,3.0000000000000027,-3.0000000000000027,-6.0,20.0,0.725,0.275
grid-2996004-m2,dota,grid,ok,True,0.635,0.615,2.0000000000000018,2.0000000000000018,33.0,68.0,0.615,0.385
grid-2996004-m3,dota,grid,ok,True,0.72,0.595,12.5,12.5,62.0,67.0,0.595,0.405
grid-2996005-m3,dota,grid,ok,True,0.73,0.74,1.0000000000000009,-1.0000000000000009,34.0,34.0,0.74,0.26
grid-2996006-m1,dota,grid,ok,True,0.745,0.725,2.0000000000000018,2.0000000000000018,53.0,64.0,0.725,0.275
grid-2996006-m2,dota,grid,ok,False,0.195,0.21000000000000002,1.5000000000000013,-1.5000000000000013,52.0,52.0,0.79,0.21000000000000002
grid-2996007-m1,dota,grid,ok,True,0.47,0.555,8.500000000000007,-8.500000000000007,62.0,62.0,0.555,0.445
grid-2996007-m2,dota,grid,ok,True,0.46,0.42,4.0000000000000036,4.0000000000000036,72.0,72.0,0.42,0.58
grid-2996008-m1,dota,grid,ok,False,0.415,0.395,1.9999999999999962,1.9999999999999962,56.0,74.0,0.605,0.395
grid-2996008-m2,dota,grid,ok,False,0.475,0.575,9.999999999999998,-9.999999999999998,65.0,65.0,0.425,0.575
grid-2996008-m3,dota,grid,ok,False,0.52,0.515,0.5000000000000004,0.5000000000000004,18.0,18.0,0.485,0.515
grid-2996009-m1,dota,grid,ok,True,0.325,0.28500000000000003,3.9999999999999982,3.9999999999999982,58.0,58.0,0.28500000000000003,0.715
grid-2996009-m2,dota,grid,ok,False,0.735,0.6799999999999999,5.500000000000005,5.500000000000005,22.0,22.0,0.32,0.6799999999999999
grid-2996010-m1,dota,grid,ok,True,0.2864321608040201,0.305,1.8567839195979874,-1.8567839195979874,58.0,61.0,0.305,0.695
grid-2996010-m2,dota,grid,ok,True,0.32,0.32,0.0,0.0,59.0,60.0,0.32,0.6799999999999999
grid-2996011-m1,dota,grid,ok,True,0.5721393034825871,0.605,3.2860696517412857,-3.2860696517412857,2.0,2.0,0.605,0.395
grid-2996011-m2,dota,grid,no_model_prior,,,,,,,,,
grid-2996011-m3,dota,grid,ok,True,0.645,0.645,0.0,0.0,9.0,18.0,0.645,0.355
grid-2996013-m1,dota,grid,ok,True,0.37,0.395,2.500000000000002,-2.500000000000002,16.0,16.0,0.395,0.605
grid-2996013-m2,dota,grid,ok,False,0.6,0.5700000000000001,2.9999999999999916,2.9999999999999916,-24.0,-24.0,0.43,0.5700000000000001
grid-2996014-m1,dota,grid,ok,False,0.745,0.735,1.0000000000000009,1.0000000000000009,44.0,45.0,0.265,0.735
grid-2996014-m2,dota,grid,ok,False,0.74,0.715,2.500000000000002,2.500000000000002,41.0,55.0,0.28500000000000003,0.715
grid-2996015-m1,dota,grid,no_model_prior,,,,,,,,,
grid-2996015-m2,dota,grid,ok,False,0.445,0.33999999999999997,10.500000000000004,10.500000000000004,13.0,13.0,0.66,0.33999999999999997
grid-2996016-m1,dota,grid,ok,True,0.425,0.44,1.5000000000000013,-1.5000000000000013,17.0,17.0,0.44,0.56
grid-2996016-m2,dota,grid,ok,True,0.355,0.455,10.000000000000004,-10.000000000000004,32.0,32.0,0.45499999999999996,0.5449999999999999
grid-2996017-m1,dota,grid,ok,True,0.3219512195121952,0.345,2.3048780487804787,-2.3048780487804787,17.0,17.0,0.345,0.655
grid-2996017-m2,dota,grid,ok,False,0.475,0.445,2.9999999999999973,2.9999999999999973,58.0,58.0,0.555,0.445
grid-2996018-m1,dota,grid,ok,True,0.835,0.865,3.0000000000000027,-3.0000000000000027,76.0,76.0,0.865,0.135
grid-2996018-m2,dota,grid,ok,False,0.1,0.095,0.5000000000000004,0.5000000000000004,63.0,75.0,0.905,0.095
grid-2996020-m1,dota,grid,ok,True,0.49,0.5549999999999999,6.499999999999995,-6.499999999999995,61.0,61.0,0.5549999999999999,0.445
grid-2996020-m2,dota,grid,ok,True,0.615,0.9945,37.95,-37.95,-98.0,2128.0,0.9944999999999999,0.0055
grid-2996020-m3,dota,grid,ok,True,0.505,0.5,0.5000000000000004,0.5000000000000004,11.0,23.0,0.5,0.5
grid-2996021-m1,dota,grid,ok,False,0.44,0.44999999999999996,0.9999999999999953,-0.9999999999999953,51.0,51.0,0.55,0.44999999999999996
grid-2996021-m2,dota,grid,ok,True,0.5245098039215687,0.505,1.9509803921568647,1.9509803921568647,73.0,73.0,0.505,0.495
grid-2996021-m3,dota,grid,ok,True,0.455,0.39,6.5,6.5,25.0,37.0,0.39,0.61
grid-2996023-m1,dota,grid,ok,True,0.545,0.445,10.000000000000004,10.000000000000004,65.0,65.0,0.445,0.555
grid-2996023-m2,dota,grid,ok,False,0.59,0.585,0.5000000000000004,0.5000000000000004,93.0,93.0,0.415,0.585
grid-2996026-m1,dota,grid,ok,False,0.155,0.25,9.5,-9.5,65.0,65.0,0.75,0.25
grid-2996026-m2,dota,grid,ok,False,0.185,0.20500000000000002,2.0000000000000018,-2.0000000000000018,53.0,53.0,0.795,0.20500000000000002
grid-2996027-m1,dota,grid,ok,False,0.57,0.625,5.500000000000005,-5.500000000000005,80.0,80.0,0.375,0.625
grid-2996027-m2,dota,grid,ok,True,0.395,0.395,0.0,0.0,40.0,51.0,0.395,0.605
grid-2996028-m2,dota,grid,ok,False,0.335,0.33999999999999997,0.4999999999999949,-0.4999999999999949,60.0,60.0,0.66,0.33999999999999997
grid-2996028-m3,dota,grid,ok,False,0.22,0.22999999999999998,0.9999999999999981,-0.9999999999999981,-33.0,-33.0,0.77,0.22999999999999998
grid-2996029-m1,dota,grid,ok,True,0.7,0.675,2.499999999999991,2.499999999999991,29.0,42.0,0.675,0.325
grid-2996030-m1,dota,grid,ok,True,0.35,0.3,4.999999999999999,4.999999999999999,50.0,63.0,0.3,0.7
grid-2996030-m2,dota,grid,ok,False,0.6616161616161617,0.665,0.3383838383838378,-0.3383838383838378,60.0,61.0,0.335,0.665
grid-2996031-m1,dota,grid,ok,False,0.565,0.555,0.9999999999999898,0.9999999999999898,9.0,20.0,0.445,0.555
grid-2996031-m2,dota,grid,ok,True,0.39,0.355,3.500000000000003,3.500000000000003,40.0,40.0,0.355,0.645
grid-2996031-m3,dota,grid,ok,True,0.31840796019900497,0.305,1.3407960199004976,1.3407960199004976,66.0,66.0,0.305,0.695
grid-2996032-m1,dota,grid,ok,False,0.36,0.385,2.500000000000002,-2.500000000000002,45.0,49.0,0.615,0.385
grid-2996032-m2,dota,grid,ok,False,0.25757575757575757,0.27,1.2424242424242449,-1.2424242424242449,78.0,78.0,0.73,0.27
grid-2996033-m1,dota,grid,ok,True,0.472636815920398,0.41000000000000003,6.2636815920397995,6.2636815920397995,43.0,61.0,0.41000000000000003,0.59
grid-2996033-m2,dota,grid,ok,False,0.72,0.5549999999999999,16.500000000000004,16.500000000000004,2510.0,2510.0,0.445,0.5549999999999999
grid-2996033-m3,dota,grid,ok,True,0.305,0.335,3.0000000000000027,-3.0000000000000027,-19.0,-19.0,0.335,0.665
grid-2996035-m1,dota,grid,ok,True,0.585,0.525,5.999999999999995,5.999999999999995,67.0,67.0,0.525,0.475
grid-2996035-m2,dota,grid,ok,False,0.515,0.555,4.0000000000000036,-4.0000000000000036,53.0,53.0,0.445,0.555
grid-2996035-m3,dota,grid,ok,True,0.5074626865671642,0.545,3.753731343283584,-3.753731343283584,18.0,41.0,0.545,0.455
grid-2996036-m1,dota,grid,ok,False,0.445,0.5,5.499999999999999,-5.499999999999999,53.0,55.0,0.5,0.5
grid-2996036-m2,dota,grid,ok,False,0.33,0.32,1.0000000000000009,1.0000000000000009,97.0,97.0,0.6799999999999999,0.32
grid-2996036-m3,dota,grid,ok,False,0.20918367346938774,0.28500000000000003,7.581632653061229,-7.581632653061229,48.0,50.0,0.715,0.28500000000000003
grid-2996037-m1,dota,grid,ok,True,0.4564102564102564,0.525,6.858974358974362,-6.858974358974362,18.0,49.0,0.525,0.475
grid-2996037-m2,dota,grid,ok,True,0.46,0.405,5.499999999999999,5.499999999999999,41.0,47.0,0.405,0.595
grid-2996037-m3,dota,grid,ok,True,0.405,0.535,13.0,-13.0,61.0,64.0,0.535,0.46499999999999997
grid-2996948-m1,lol,grid,ok,False,0.545,0.645,9.999999999999998,-9.999999999999998,77.0,80.0,0.355,0.645
grid-2996948-m2,lol,grid,ok,False,0.56,0.435,12.500000000000005,12.500000000000005,76.0,83.0,0.565,0.435
grid-2996948-m3,lol,grid,ok,False,0.605,0.6,0.5000000000000004,0.5000000000000004,94.0,94.0,0.4,0.6
grid-2996948-m4,lol,grid,ok,True,0.465,0.53,6.5,-6.5,87.0,87.0,0.53,0.47
grid-2996948-m5,lol,grid,ok,False,0.555,0.545,1.0000000000000009,1.0000000000000009,76.0,76.0,0.455,0.545
grid-2996949-m1,lol,grid,ok,False,0.245,0.235,1.0000000000000009,1.0000000000000009,80.0,80.0,0.765,0.235
grid-2996949-m2,lol,grid,ok,True,0.735,0.755,2.0000000000000018,-2.0000000000000018,79.0,79.0,0.755,0.245
grid-2996949-m4,lol,grid,ok,False,0.33,0.345,1.4999999999999958,-1.4999999999999958,81.0,81.0,0.655,0.345
grid-2998724-m1,lol,grid,ok,False,0.445,0.44999999999999996,0.4999999999999949,-0.4999999999999949,34.0,78.0,0.55,0.44999999999999996
grid-2998724-m3,lol,grid,ok,True,0.36,0.325,3.4999999999999973,3.4999999999999973,15.0,50.0,0.325,0.675
grid-2998724-m4,lol,grid,ok,False,0.6,0.455,14.499999999999996,14.499999999999996,82.0,82.0,0.5449999999999999,0.45499999999999996
grid-2999024-m1,lol,grid,ok,True,0.2,0.505,30.5,-30.5,83.0,83.0,0.505,0.495
grid-2999024-m2,lol,grid,ok,False,0.175,0.30000000000000004,12.500000000000005,-12.500000000000005,20.0,20.0,0.7,0.30000000000000004
grid-2999024-m3,lol,grid,ok,True,0.2935323383084577,0.33,3.6467661691542306,-3.6467661691542306,26.0,74.0,0.33,0.67
grid-2999024-m4,lol,grid,ok,False,0.12,0.23500000000000001,11.500000000000002,-11.500000000000002,79.0,79.0,0.765,0.23500000000000001
grid-2999024-m5,lol,grid,ok,True,0.845,0.895,5.000000000000004,-5.000000000000004,87.0,87.0,0.895,0.10500000000000001
grid-3000371-m1,lol,grid,ok,False,0.525,0.585,5.999999999999995,-5.999999999999995,77.0,80.0,0.415,0.585
grid-3000371-m2,lol,grid,ok,False,0.485,0.435,4.999999999999999,4.999999999999999,78.0,79.0,0.565,0.435
grid-3000371-m3,lol,grid,ok,False,0.535,0.535,0.0,0.0,84.0,84.0,0.46499999999999997,0.535
grid-3000372-m1,lol,grid,ok,True,0.5,0.715,21.499999999999996,-21.499999999999996,78.0,78.0,0.715,0.28500000000000003
grid-3000372-m2,lol,grid,ok,False,0.335,0.345,0.9999999999999953,-0.9999999999999953,80.0,80.0,0.655,0.345
grid-3000372-m3,lol,grid,ok,True,0.635,0.595,4.0000000000000036,4.0000000000000036,72.0,78.0,0.595,0.405
grid-3000372-m4,lol,grid,ok,False,0.385,0.345,4.0000000000000036,4.0000000000000036,83.0,83.0,0.655,0.345
grid-3000375-m1,lol,grid,ok,True,0.375,0.355,2.0000000000000018,2.0000000000000018,78.0,78.0,0.355,0.645
grid-3000375-m2,lol,grid,ok,False,0.665,0.615,5.000000000000004,5.000000000000004,88.0,88.0,0.385,0.615
grid-3000375-m3,lol,grid,ok,False,0.665,0.71,4.499999999999993,-4.499999999999993,87.0,87.0,0.29000000000000004,0.71
grid-3000375-m4,lol,grid,ok,True,0.345,0.365,2.0000000000000018,-2.0000000000000018,66.0,69.0,0.365,0.635
grid-3000375-m5,lol,grid,ok,True,0.37387387387387394,0.3575,1.6373873873873956,1.6373873873873956,83.0,83.0,0.3575,0.6425000000000001
grid-3002520-m1,dota,grid,ok,True,0.53,0.6000000000000001,7.000000000000006,-7.000000000000006,16.0,16.0,0.6000000000000001,0.4
grid-3002520-m2,dota,grid,ok,False,0.45408163265306123,0.385,6.908163265306122,6.908163265306122,47.0,58.0,0.615,0.385
grid-3002523-m1,dota,grid,ok,False,0.25,0.42,17.0,-17.0,80.0,80.0,0.58,0.42
grid-3002523-m2,dota,grid,ok,False,0.15,0.18,3.0,-3.0,61.0,64.0,0.8200000000000001,0.18
grid-3002523-m3,dota,grid,ok,False,0.305,0.3,0.5000000000000004,0.5000000000000004,38.0,38.0,0.7,0.3
grid-3002533-m1,dota,grid,ok,True,0.84,0.8500000000000001,1.000000000000012,-1.000000000000012,59.0,59.0,0.8500000000000001,0.15
grid-3002533-m2,dota,grid,ok,False,0.075,0.055,1.9999999999999998,1.9999999999999998,5.0,5.0,0.9450000000000001,0.055
grid-3002542-m1,dota,grid,ok,False,0.5,0.52,2.0000000000000018,-2.0000000000000018,53.0,53.0,0.48,0.52
grid-3002542-m2,dota,grid,ok,False,0.645,0.645,0.0,0.0,44.0,44.0,0.355,0.645
grid-3002597-m1,lol,grid,ok,False,0.695,0.795,10.000000000000009,-10.000000000000009,82.0,82.0,0.20500000000000002,0.795
grid-3002597-m2,lol,grid,ok,False,0.695,0.765,7.000000000000006,-7.000000000000006,82.0,82.0,0.235,0.765
grid-3002597-m3,lol,grid,ok,False,0.665,0.705,3.9999999999999925,-3.9999999999999925,80.0,80.0,0.295,0.705
grid-3002598-m1,lol,grid,ok,True,0.785,0.795,1.0000000000000009,-1.0000000000000009,75.0,79.0,0.795,0.20500000000000002
grid-3002598-m2,lol,grid,ok,True,0.775,0.795,2.0000000000000018,-2.0000000000000018,78.0,78.0,0.795,0.20500000000000002
grid-3002598-m3,lol,grid,ok,False,0.245,0.305,6.0,-6.0,78.0,78.0,0.695,0.305
grid-3002598-m4,lol,grid,ok,True,0.775,0.745,3.0000000000000027,3.0000000000000027,81.0,81.0,0.745,0.255
grid-3002599-m1,lol,grid,ok,False,0.555,0.555,0.0,0.0,39.0,39.0,0.445,0.555
grid-3002599-m2,lol,grid,ok,True,0.505,0.535,3.0000000000000027,-3.0000000000000027,90.0,90.0,0.535,0.46499999999999997
grid-3002599-m3,lol,grid,ok,True,0.495,0.505,1.0000000000000009,-1.0000000000000009,86.0,86.0,0.505,0.495
grid-3002599-m4,lol,grid,ok,False,0.555,0.575,1.9999999999999907,-1.9999999999999907,78.0,78.0,0.425,0.575
grid-3002600-m1,lol,grid,ok,True,0.485,0.475,1.0000000000000009,1.0000000000000009,92.0,92.0,0.475,0.525
grid-3002600-m2,lol,grid,ok,True,0.435,0.485,4.999999999999999,-4.999999999999999,80.0,80.0,0.485,0.515
grid-3002600-m3,lol,grid,ok,False,0.575,0.495,7.9999999999999964,7.9999999999999964,78.0,78.0,0.505,0.495
grid-3002600-m4,lol,grid,ok,True,0.475,0.455,1.9999999999999962,1.9999999999999962,92.0,92.0,0.455,0.545
grid-3002600-m5,lol,grid,ok,False,0.565,0.575,1.0000000000000009,-1.0000000000000009,86.0,86.0,0.425,0.575
grid-3002601-m1,lol,grid,ok,True,0.535,0.565,2.9999999999999916,-2.9999999999999916,-8.0,81.0,0.565,0.435
grid-3002601-m2,lol,grid,ok,False,0.565,0.575,1.0000000000000009,-1.0000000000000009,90.0,90.0,0.425,0.575
grid-3002601-m3,lol,grid,ok,True,0.505,0.43,7.500000000000001,7.500000000000001,46.0,46.0,0.43,0.5700000000000001
grid-3002601-m4,lol,grid,ok,True,0.465,0.53,6.5,-6.5,81.0,81.0,0.53,0.47
grid-3002601-m5,lol,grid,ok,False,0.615,0.645,3.0000000000000027,-3.0000000000000027,79.0,79.0,0.355,0.645
grid-3002602-m1,lol,grid,ok,False,0.595,0.645,5.000000000000004,-5.000000000000004,92.0,92.0,0.355,0.645
grid-3002602-m2,lol,grid,ok,False,0.625,0.585,4.0000000000000036,4.0000000000000036,37.0,37.0,0.415,0.585
grid-3002602-m3,lol,grid,ok,False,0.625,0.575,5.000000000000004,5.000000000000004,77.0,77.0,0.425,0.575
grid-3002602-m4,lol,grid,ok,False,0.625,0.625,0.0,0.0,75.0,75.0,0.375,0.625
grid-3002603-m1,lol,grid,ok,True,0.625,0.685,6.000000000000005,-6.000000000000005,20.0,79.0,0.685,0.315
grid-3002603-m2,lol,grid,ok,False,0.355,0.395,4.0000000000000036,-4.0000000000000036,78.0,78.0,0.605,0.395
grid-3002603-m3,lol,grid,ok,False,0.385,0.385,0.0,0.0,78.0,78.0,0.615,0.385
grid-3002604-m1,lol,grid,ok,True,0.675,0.675,0.0,0.0,82.0,82.0,0.675,0.325
grid-3002604-m2,lol,grid,ok,True,0.675,0.74,6.499999999999995,-6.499999999999995,71.0,71.0,0.74,0.26
grid-3002604-m3,lol,grid,ok,True,0.675,0.695,1.9999999999999907,-1.9999999999999907,81.0,81.0,0.695,0.305
grid-3002920-m1,dota,grid,ok,False,0.23,0.24000000000000002,1.0000000000000009,-1.0000000000000009,50.0,58.0,0.76,0.24000000000000002
grid-3002920-m2,dota,grid,ok,False,0.275,0.235,4.0000000000000036,4.0000000000000036,70.0,70.0,0.765,0.235
grid-3002922-m1,dota,grid,ok,True,0.625,0.615,1.0000000000000009,1.0000000000000009,3.0,3.0,0.615,0.385
grid-3002922-m2,dota,grid,ok,False,0.525,0.535,1.0000000000000009,-1.0000000000000009,56.0,56.0,0.46499999999999997,0.5349999999999999
grid-3002922-m3,dota,grid,ok,False,0.365,0.35,1.5000000000000013,1.5000000000000013,21.0,21.0,0.65,0.35
grid-3002924-m1,dota,grid,ok,True,0.28,0.435,15.499999999999996,-15.499999999999996,-17.0,-15.0,0.435,0.565
grid-3002924-m2,dota,grid,ok,False,0.685,0.665,2.0000000000000018,2.0000000000000018,60.0,60.0,0.335,0.665
grid-3002924-m3,dota,grid,ok,False,0.635,0.555,7.9999999999999964,7.9999999999999964,36.0,51.0,0.44499999999999995,0.5549999999999999
grid-3002924-m4,dota,grid,ok,True,0.395,0.275,12.0,12.0,71.0,71.0,0.275,0.725
grid-3003763-m1,dota,grid,ok,True,0.305,0.33499999999999996,2.9999999999999973,-2.9999999999999973,33.0,87.0,0.33499999999999996,0.665
grid-3003935-m1,dota,grid,ok,True,0.85,0.825,2.500000000000002,2.500000000000002,26.0,26.0,0.825,0.175
grid-3003935-m2,dota,grid,ok,False,0.125,0.20500000000000002,8.000000000000002,-8.000000000000002,-8.0,3.0,0.795,0.20500000000000002
grid-3003938-m1,dota,grid,ok,True,0.715,0.645,6.999999999999995,6.999999999999995,52.0,76.0,0.645,0.355
grid-3003938-m2,dota,grid,ok,False,0.21,0.18,3.0,3.0,21.0,21.0,0.8200000000000001,0.18
grid-3003938-m3,dota,grid,ok,False,0.31,0.305,0.5000000000000004,0.5000000000000004,-5.0,5.0,0.695,0.305
grid-3004386-m1,lol,grid,ok,True,0.41,0.41000000000000003,5.551115123125783e-15,-5.551115123125783e-15,37.0,74.0,0.41000000000000003,0.5900000000000001
grid-3004386-m2,lol,grid,ok,True,0.445,0.41000000000000003,3.4999999999999973,3.4999999999999973,90.0,90.0,0.41000000000000003,0.5900000000000001
grid-3004386-m3,lol,grid,ok,True,0.415,0.345,7.000000000000001,7.000000000000001,73.0,82.0,0.345,0.655
grid-3004386-m4,lol,grid,ok,False,0.765,0.775,1.0000000000000009,-1.0000000000000009,77.0,77.0,0.225,0.775
grid-3004388-m1,lol,grid,ok,False,0.55,0.62,6.999999999999995,-6.999999999999995,82.0,82.0,0.38,0.62
grid-3004388-m2,lol,grid,ok,True,0.47,0.48,1.0000000000000009,-1.0000000000000009,77.0,77.0,0.48,0.52
grid-3004388-m3,lol,grid,ok,False,0.615,0.675,6.000000000000005,-6.000000000000005,90.0,90.0,0.32499999999999996,0.675
grid-3004388-m4,lol,grid,ok,True,0.5,0.645,14.500000000000002,-14.500000000000002,85.0,283.0,0.645,0.355
grid-3004388-m5,lol,grid,ok,True,0.4,0.635,23.5,-23.5,83.0,83.0,0.635,0.365
grid-3004460-m1,dota,grid,ok,False,0.17,0.16,1.0000000000000009,1.0000000000000009,65.0,65.0,0.84,0.16
grid-3004460-m2,dota,grid,ok,False,0.33830845771144274,0.365,2.6691542288557244,-2.6691542288557244,51.0,51.0,0.635,0.365
grid-3004577-m2,dota,grid,ok,True,0.92,0.9299999999999999,0.9999999999999898,-0.9999999999999898,66.0,66.0,0.9299999999999999,0.07
grid-3004578-m1,dota,grid,ok,False,0.275,0.25,2.500000000000002,2.500000000000002,-40.0,-40.0,0.75,0.25
grid-3004578-m2,dota,grid,ok,False,0.255,0.21500000000000002,3.9999999999999982,3.9999999999999982,59.0,59.0,0.7849999999999999,0.21500000000000002
grid-3004579-m1,dota,grid,ok,True,0.2692307692307693,0.175,9.423076923076929,9.423076923076929,-32.0,-24.0,0.175,0.825
grid-3004579-m2,dota,grid,ok,True,0.13,0.125,0.5000000000000004,0.5000000000000004,20.0,20.0,0.125,0.875
grid-3004582-m1,dota,grid,ok,True,0.735,0.8200000000000001,8.500000000000007,-8.500000000000007,43.0,52.0,0.8200000000000001,0.18
grid-3004582-m2,dota,grid,ok,False,0.115,0.115,0.0,0.0,23.0,23.0,0.885,0.115
grid-3004583-m1,dota,grid,ok,False,0.125,0.09,3.5000000000000004,3.5000000000000004,-86.0,59.0,0.91,0.09
grid-3004583-m2,dota,grid,ok,True,0.72,0.8049999999999999,8.499999999999996,-8.499999999999996,12.0,12.0,0.8049999999999999,0.195
grid-3004583-m3,dota,grid,ok,False,0.3015,0.3375,3.600000000000003,-3.600000000000003,4.0,4.0,0.6625000000000001,0.3375
grid-3005559-m1,lol,grid,ok,False,0.045,0.039,0.5999999999999999,0.5999999999999999,80.0,80.0,0.961,0.039
grid-3005559-m2,lol,grid,ok,False,0.038,0.0165,2.15,2.15,814.0,814.0,0.9835,0.0165
grid-3005559-m3,lol,grid,ok,False,0.029,0.028999999999999998,3.469446951953614e-16,3.469446951953614e-16,80.0,80.0,0.971,0.028999999999999998
grid-3005560-m1,lol,grid,ok,True,0.585,0.575,1.0000000000000009,1.0000000000000009,42.0,78.0,0.575,0.42500000000000004
grid-3005560-m2,lol,grid,ok,True,0.83,0.85,2.0000000000000018,-2.0000000000000018,83.0,83.0,0.85,0.15000000000000002
grid-3005560-m3,lol,grid,ok,True,0.86,0.865,0.5000000000000004,-0.5000000000000004,92.0,92.0,0.865,0.135
grid-3005562-m1,lol,grid,ok,False,0.575,0.33499999999999996,24.0,24.0,77.0,78.0,0.665,0.33499999999999996
grid-3005562-m2,lol,grid,ok,False,0.53,0.485,4.5000000000000036,4.5000000000000036,95.0,95.0,0.515,0.485
grid-3005562-m3,lol,grid,ok,False,0.425,0.20500000000000002,21.999999999999996,21.999999999999996,79.0,79.0,0.795,0.20500000000000002
grid-3005563-m1,lol,grid,ok,True,0.37,0.345,2.500000000000002,2.500000000000002,74.0,74.0,0.345,0.655
grid-3005563-m2,lol,grid,ok,False,0.66,0.6,6.000000000000005,6.000000000000005,75.0,75.0,0.4,0.6
grid-3005563-m3,lol,grid,ok,True,0.285,0.315,3.0000000000000027,-3.0000000000000027,80.0,80.0,0.315,0.685
grid-3005563-m4,lol,grid,ok,False,0.695,0.695,0.0,0.0,18.0,18.0,0.305,0.695
grid-3005569-m1,lol,grid,ok,False,0.235,0.2,3.4999999999999973,3.4999999999999973,80.0,80.0,0.8,0.2
grid-3005569-m2,lol,grid,ok,False,0.2235,0.2455,2.1999999999999993,-2.1999999999999993,76.0,76.0,0.7545,0.2455
grid-3005569-m3,lol,grid,ok,False,0.195,0.165,3.0,3.0,79.0,82.0,0.835,0.165
grid-3005570-m1,lol,grid,ok,False,0.435,0.475,3.9999999999999982,-3.9999999999999982,91.0,91.0,0.525,0.475
grid-3005570-m2,lol,grid,ok,False,0.575,0.595,2.0000000000000018,-2.0000000000000018,77.0,84.0,0.405,0.595
grid-3005570-m3,lol,grid,ok,False,0.615,0.635,2.0000000000000018,-2.0000000000000018,76.0,76.0,0.365,0.635
grid-3005570-m4,lol,grid,ok,False,0.555,0.635,7.9999999999999964,-7.9999999999999964,78.0,78.0,0.365,0.635
grid-3005572-m1,lol,grid,ok,False,0.07,0.07,0.0,0.0,80.0,86.0,0.9299999999999999,0.07
grid-3005572-m2,lol,grid,ok,False,0.065,0.055,1.0000000000000002,1.0000000000000002,78.0,78.0,0.945,0.055
grid-3005572-m3,lol,grid,ok,True,0.965,0.961,0.40000000000000036,0.40000000000000036,77.0,79.0,0.961,0.039
grid-3005912-m1,dota,grid,ok,False,0.43,0.875,44.5,-44.5,97.0,97.0,0.125,0.875
grid-3005912-m2,dota,grid,no_model_prior,,,,,,,,,
grid-3005966-m1,dota,grid,ok,True,0.36453201970443344,0.375,1.046798029556656,-1.046798029556656,40.0,53.0,0.375,0.625
grid-3005966-m2,dota,grid,ok,False,0.52,0.495,2.500000000000002,2.500000000000002,73.0,73.0,0.505,0.495
grid-3005967-m1,dota,grid,ok,False,0.365,0.335,2.9999999999999973,2.9999999999999973,58.0,62.0,0.665,0.335
grid-3005967-m2,dota,grid,ok,False,0.395,0.395,0.0,0.0,50.0,50.0,0.605,0.395
grid-3005968-m1,dota,grid,ok,False,0.615,0.635,2.0000000000000018,-2.0000000000000018,60.0,60.0,0.365,0.635
grid-3005968-m2,dota,grid,ok,False,0.705,0.67,3.499999999999992,3.499999999999992,43.0,52.0,0.33,0.67
grid-3005969-m1,dota,grid,ok,False,0.275,0.335,6.0,-6.0,68.0,68.0,0.665,0.335
grid-3005969-m2,dota,grid,ok,True,0.645,0.665,2.0000000000000018,-2.0000000000000018,62.0,62.0,0.665,0.335
grid-3005970-m1,dota,grid,ok,False,0.57,0.645,7.500000000000007,-7.500000000000007,68.0,68.0,0.355,0.645
grid-3005970-m2,dota,grid,ok,True,0.345,0.33999999999999997,0.5000000000000004,0.5000000000000004,50.0,50.0,0.33999999999999997,0.66
grid-3005971-m1,dota,grid,ok,True,0.7114427860696518,0.805,9.355721393034822,-9.355721393034822,86.0,86.0,0.805,0.195
grid-3005971-m2,dota,grid,ok,False,0.235,0.255,2.0000000000000018,-2.0000000000000018,61.0,61.0,0.745,0.255
grid-3005973-m1,dota,grid,ok,True,0.575,0.485,8.999999999999996,8.999999999999996,56.0,56.0,0.485,0.515
grid-3005973-m2,dota,grid,ok,True,0.57,0.595,2.500000000000002,-2.500000000000002,62.0,62.0,0.595,0.405
grid-3005974-m1,dota,grid,ok,True,0.7,0.74,4.0000000000000036,-4.0000000000000036,65.0,70.0,0.74,0.26
grid-3005974-m2,dota,grid,ok,False,0.38,0.35000000000000003,2.9999999999999973,2.9999999999999973,75.0,75.0,0.6499999999999999,0.35
grid-3005974-m3,dota,grid,ok,False,0.335,0.30000000000000004,3.4999999999999973,3.4999999999999973,-36.0,68.0,0.7,0.30000000000000004
grid-3005975-m1,dota,grid,ok,True,0.355,0.385,3.0000000000000027,-3.0000000000000027,49.0,49.0,0.385,0.615
grid-3005975-m2,dota,grid,ok,True,0.47,0.45,1.9999999999999962,1.9999999999999962,72.0,72.0,0.45,0.55
grid-3005975-m3,dota,grid,ok,True,0.4362745098039216,0.47,3.37254901960784,-3.37254901960784,63.0,63.0,0.47,0.53
grid-3005976-m1,dota,grid,ok,True,0.585,0.495,8.999999999999996,8.999999999999996,53.0,68.0,0.495,0.505
grid-3005976-m2,dota,grid,ok,True,0.58,0.525,5.499999999999994,5.499999999999994,-23.0,-11.0,0.525,0.475
grid-3006421-m1,dota,grid,no_model_prior,,,,,,,,,
grid-3006421-m2,dota,grid,no_model_prior,,,,,,,,,
grid-3006423-m1,dota,grid,ok,True,0.7,0.095,60.5,60.5,2195.0,2195.0,0.095,0.905
grid-3006423-m2,dota,grid,ok,True,0.616504854368932,0.69,7.349514563106796,-7.349514563106796,60.0,60.0,0.69,0.31
grid-3006669-m1,dota,grid,ok,True,0.6616915422885572,0.595,6.669154228855723,6.669154228855723,61.0,63.0,0.595,0.405
grid-3006669-m2,dota,grid,ok,True,0.605,0.565,4.0000000000000036,4.0000000000000036,35.0,48.0,0.565,0.435
grid-3006669-m3,dota,grid,ok,True,0.7227722772277227,0.635,8.777227722772274,8.777227722772274,108.0,108.0,0.635,0.365
grid-3007236-m1,dota,grid,ok,False,0.7,0.7050000000000001,0.5000000000000115,-0.5000000000000115,57.0,63.0,0.29500000000000004,0.7050000000000001
grid-3007236-m2,dota,grid,ok,True,0.295,0.435,14.000000000000002,-14.000000000000002,71.0,71.0,0.435,0.565
grid-3007237-m1,dota,grid,ok,False,0.225,0.29000000000000004,6.500000000000003,-6.500000000000003,59.0,65.0,0.71,0.29000000000000004
grid-3007237-m2,dota,grid,ok,True,0.74,0.7945,5.449999999999999,-5.449999999999999,44.0,44.0,0.7945,0.20550000000000002
grid-3007237-m3,dota,grid,no_model_prior,,,,,,,,,
grid-3007239-m1,dota,grid,ok,True,0.5,0.615,11.5,-11.5,61.0,69.0,0.615,0.385
grid-3007239-m2,dota,grid,ok,True,0.6,0.525,7.499999999999996,7.499999999999996,-37.0,66.0,0.525,0.475
grid-3007240-m1,dota,grid,ok,True,0.43,0.505,7.500000000000001,-7.500000000000001,61.0,61.0,0.505,0.495
grid-3007240-m2,dota,grid,ok,True,0.45,0.46499999999999997,1.4999999999999958,-1.4999999999999958,62.0,62.0,0.46499999999999997,0.535
grid-3007240-m3,dota,grid,ok,True,0.535,0.55,1.5000000000000013,-1.5000000000000013,18.0,18.0,0.55,0.45
grid-3007243-m1,dota,grid,ok,False,0.385,0.33499999999999996,5.000000000000004,5.000000000000004,57.0,57.0,0.665,0.33499999999999996
grid-3007243-m2,dota,grid,ok,False,0.27,0.29500000000000004,2.500000000000002,-2.500000000000002,51.0,51.0,0.7050000000000001,0.29500000000000004
grid-3007245-m1,dota,grid,ok,True,0.715,0.825,10.999999999999998,-10.999999999999998,73.0,73.0,0.825,0.175
grid-3007245-m2,dota,grid,ok,True,0.865,0.81,5.499999999999994,5.499999999999994,58.0,58.0,0.81,0.19
grid-3007246-m1,dota,grid,ok,False,0.47,0.485,1.5000000000000013,-1.5000000000000013,45.0,58.0,0.515,0.485
grid-3007246-m2,dota,grid,ok,True,0.43,0.535,10.500000000000004,-10.500000000000004,9.0,19.0,0.5349999999999999,0.46499999999999997
grid-3007246-m3,dota,grid,ok,True,0.4801980198019802,0.405,7.519801980198015,7.519801980198015,64.0,64.0,0.405,0.595
grid-3007247-m1,dota,grid,ok,True,0.82,0.795,2.499999999999991,2.499999999999991,38.0,52.0,0.795,0.20500000000000002
grid-3007247-m2,dota,grid,ok,False,0.185,0.22999999999999998,4.499999999999998,-4.499999999999998,54.0,64.0,0.77,0.22999999999999998
grid-3007249-m1,dota,grid,ok,True,0.785,0.795,1.0000000000000009,-1.0000000000000009,67.0,67.0,0.795,0.20500000000000002
grid-3007249-m2,dota,grid,ok,False,0.305,0.265,3.9999999999999982,3.9999999999999982,9.0,21.0,0.735,0.265
grid-3007249-m3,dota,grid,ok,True,0.76,0.78,2.0000000000000018,-2.0000000000000018,52.0,52.0,0.78,0.22
grid-3007250-m1,dota,grid,ok,True,0.815,0.77,4.499999999999993,4.499999999999993,15.0,61.0,0.77,0.22999999999999998
grid-3007250-m2,dota,grid,ok,False,0.235,0.275,4.0000000000000036,-4.0000000000000036,-14.0,62.0,0.725,0.275
grid-3007250-m3,dota,grid,ok,True,0.7295,0.7375,0.8000000000000007,-0.8000000000000007,7.0,7.0,0.7375,0.26249999999999996
grid-3007254-m1,dota,grid,ok,False,0.49253731343283585,0.545,5.246268656716419,-5.246268656716419,67.0,67.0,0.455,0.545
grid-3007254-m2,dota,grid,ok,True,0.465,0.415,5.000000000000004,5.000000000000004,11.0,11.0,0.415,0.585
grid-3007254-m3,dota,grid,ok,True,0.45,0.41500000000000004,3.4999999999999973,3.4999999999999973,55.0,63.0,0.41500000000000004,0.585
grid-3007261-m1,dota,grid,ok,True,0.425,0.365,6.0,6.0,8.0,8.0,0.365,0.635
grid-3007261-m2,dota,grid,ok,False,0.665,0.65,1.5000000000000013,1.5000000000000013,-43.0,-43.0,0.35,0.65
grid-3007262-m1,dota,grid,ok,False,0.735,0.775,4.0000000000000036,-4.0000000000000036,55.0,55.0,0.225,0.775
grid-3007262-m2,dota,grid,ok,False,0.745,0.785,4.0000000000000036,-4.0000000000000036,51.0,54.0,0.21500000000000002,0.785
grid-3007263-m1,dota,grid,ok,True,0.38,0.45,7.000000000000001,-7.000000000000001,53.0,64.0,0.45,0.55
grid-3007263-m2,dota,grid,ok,False,0.645,0.505,14.000000000000002,14.000000000000002,46.0,58.0,0.495,0.505
grid-3007265-m1,dota,grid,ok,True,0.785,0.775,1.0000000000000009,1.0000000000000009,62.0,62.0,0.775,0.225
grid-3007265-m2,dota,grid,ok,False,0.44,0.39,4.999999999999999,4.999999999999999,56.0,56.0,0.61,0.39
grid-3007265-m3,dota,grid,ok,False,0.29,0.28,0.9999999999999953,0.9999999999999953,-11.0,30.0,0.72,0.28
grid-3007266-m1,dota,grid,ok,False,0.545,0.61,6.499999999999995,-6.499999999999995,37.0,37.0,0.39,0.61
grid-3007266-m2,dota,grid,ok,False,0.6,0.625,2.500000000000002,-2.500000000000002,53.0,53.0,0.375,0.625
grid-3007266-m3,dota,grid,ok,False,0.575,0.485,8.999999999999996,8.999999999999996,49.0,74.0,0.515,0.485
grid-3007267-m1,dota,grid,ok,False,0.615,0.5700000000000001,4.499999999999993,4.499999999999993,-27.0,20.0,0.43,0.5700000000000001
grid-3007267-m2,dota,grid,ok,True,0.66,0.655,0.5000000000000004,0.5000000000000004,51.0,62.0,0.655,0.345
grid-3007267-m3,dota,grid,ok,False,0.365,0.24,12.5,12.5,42.0,55.0,0.76,0.24
grid-3007273-m1,dota,grid,ok,False,0.42,0.345,7.500000000000001,7.500000000000001,28.0,28.0,0.655,0.345
grid-3007273-m2,dota,grid,ok,False,0.407035175879397,0.38,2.703517587939702,2.703517587939702,65.0,65.0,0.62,0.38
grid-3007274-m1,dota,grid,ok,False,0.305,0.25,5.499999999999999,5.499999999999999,46.0,72.0,0.75,0.25
grid-3007274-m2,dota,grid,ok,False,0.32,0.28500000000000003,3.4999999999999973,3.4999999999999973,74.0,74.0,0.715,0.28500000000000003
grid-3007275-m1,dota,grid,ok,True,0.68,0.545,13.5,13.5,59.0,77.0,0.545,0.45499999999999996
grid-3007275-m2,dota,grid,ok,True,0.73,0.725,0.5000000000000004,0.5000000000000004,55.0,55.0,0.725,0.275
grid-3007276-m1,dota,grid,ok,False,0.27,0.27,0.0,0.0,44.0,54.0,0.73,0.27
grid-3007276-m2,dota,grid,ok,True,0.655,0.665,1.0000000000000009,-1.0000000000000009,18.0,18.0,0.665,0.335
grid-3007276-m3,dota,grid,ok,True,0.6125,0.5965,1.6000000000000014,1.6000000000000014,76.0,76.0,0.5965,0.40349999999999997
grid-3007921-m1,dota,grid,ok,True,0.27,0.27,0.0,0.0,46.0,62.0,0.27,0.73
grid-3007921-m2,dota,grid,ok,False,0.84,0.79,4.999999999999993,4.999999999999993,24.0,24.0,0.21000000000000002,0.79
grid-3007922-m1,dota,grid,ok,False,0.34,0.415,7.499999999999996,-7.499999999999996,26.0,26.0,0.585,0.415
grid-3007922-m2,dota,grid,ok,False,0.32,0.46499999999999997,14.499999999999996,-14.499999999999996,74.0,74.0,0.535,0.46499999999999997
grid-3007986-m1,dota,grid,ok,True,0.235,0.26,2.500000000000002,-2.500000000000002,47.0,70.0,0.26,0.74
grid-3007986-m2,dota,grid,ok,True,0.2613065326633166,0.28500000000000003,2.3693467336683427,-2.3693467336683427,67.0,67.0,0.28500000000000003,0.7150000000000001
grid-3007986-m3,dota,grid,ok,True,0.36,0.515,15.500000000000004,-15.500000000000004,43.0,43.0,0.515,0.485
grid-3007987-m1,dota,grid,ok,True,0.145,0.14,0.49999999999999767,0.49999999999999767,11.0,11.0,0.14,0.86
grid-3007987-m2,dota,grid,ok,False,0.925,0.9299999999999999,0.49999999999998934,-0.49999999999998934,51.0,56.0,0.07,0.9299999999999999
grid-3007988-m1,dota,grid,ok,True,0.515,0.56,4.5000000000000036,-4.5000000000000036,64.0,64.0,0.56,0.44
grid-3007988-m2,dota,grid,ok,True,0.47,0.425,4.499999999999998,4.499999999999998,23.0,23.0,0.425,0.575
grid-3007988-m3,dota,grid,ok,True,0.49756097560975615,0.45999999999999996,3.7560975609756184,3.7560975609756184,54.0,54.0,0.45999999999999996,0.54
grid-3007990-m1,dota,grid,ok,False,0.29,0.28,0.9999999999999953,0.9999999999999953,71.0,71.0,0.72,0.28
grid-3007990-m2,dota,grid,ok,True,0.61,0.585,2.500000000000002,2.500000000000002,76.0,76.0,0.585,0.415
grid-3008205-m1,lol,grid,ok,True,0.855,0.86,0.5000000000000004,-0.5000000000000004,84.0,84.0,0.86,0.14
grid-3008205-m2,lol,grid,ok,True,0.895,0.905,1.0000000000000009,-1.0000000000000009,76.0,76.0,0.905,0.095
grid-3008205-m3,lol,grid,ok,True,0.835,0.801,3.399999999999992,3.399999999999992,90.0,90.0,0.801,0.199
grid-3008206-m1,lol,grid,ok,True,0.915,0.9,1.5000000000000013,1.5000000000000013,84.0,84.0,0.9,0.1
grid-3008206-m2,lol,grid,ok,True,0.905,0.895,1.0000000000000009,1.0000000000000009,73.0,73.0,0.895,0.10500000000000001
grid-3008208-m1,lol,grid,ok,False,0.2,0.1,10.0,10.0,82.0,82.0,0.9,0.1
grid-3008208-m2,lol,grid,ok,False,0.09,0.09,0.0,0.0,74.0,74.0,0.91,0.09
grid-3008208-m3,lol,grid,ok,True,0.8175,0.875,5.75,-5.75,79.0,79.0,0.875,0.125
grid-3008209-m1,lol,grid,ok,True,0.255,0.225,3.0,3.0,73.0,75.0,0.225,0.775
grid-3008209-m2,lol,grid,ok,False,0.84,0.825,1.5000000000000013,1.5000000000000013,78.0,78.0,0.175,0.825
grid-3008211-m1,lol,grid,ok,True,0.905,0.905,0.0,0.0,76.0,93.0,0.905,0.095
grid-3008211-m2,lol,grid,ok,True,0.915,0.935,2.0000000000000018,-2.0000000000000018,74.0,74.0,0.935,0.065
grid-3008213-m1,lol,grid,ok,False,0.225,0.245,1.9999999999999991,-1.9999999999999991,90.0,90.0,0.755,0.245
grid-3008213-m2,lol,grid,ok,False,0.325,0.28500000000000003,3.9999999999999982,3.9999999999999982,75.0,79.0,0.715,0.28500000000000003
grid-3008213-m3,lol,grid,ok,True,0.695,0.625,6.999999999999995,6.999999999999995,75.0,80.0,0.625,0.375
grid-3008214-m1,lol,grid,ok,False,0.08,0.08,0.0,0.0,91.0,91.0,0.92,0.08
grid-3008214-m2,lol,grid,ok,True,0.905,0.915,1.0000000000000009,-1.0000000000000009,83.0,83.0,0.915,0.08499999999999999
grid-3008217-m1,lol,grid,ok,True,0.65,0.655,0.5000000000000004,-0.5000000000000004,76.0,79.0,0.655,0.345
grid-3008217-m2,lol,grid,ok,True,0.645,0.665,2.0000000000000018,-2.0000000000000018,81.0,81.0,0.665,0.335
grid-3008217-m3,lol,grid,ok,False,0.265,0.295,2.9999999999999973,-2.9999999999999973,80.0,80.0,0.705,0.295
grid-3008219-m1,lol,grid,ok,False,0.115,0.215,10.0,-10.0,74.0,74.0,0.785,0.215
grid-3008219-m2,lol,grid,ok,False,0.125,0.11499999999999999,1.0000000000000009,1.0000000000000009,82.0,82.0,0.885,0.11499999999999999
grid-3008657-m1,dota,oddin,ok,True,0.515,0.535,2.0000000000000018,-2.0000000000000018,-83.0,-59.0,0.535,0.46499999999999997
grid-3008657-m2,dota,grid,ok,True,0.53,0.5800000000000001,5.000000000000004,-5.000000000000004,9.0,9.0,0.5800000000000001,0.42000000000000004
grid-3008657-m3,dota,grid,ok,True,0.5505050505050505,0.64,8.949494949494952,-8.949494949494952,20.0,20.0,0.64,0.36
grid-3008658-m1,dota,grid,ok,False,0.56,0.525,3.500000000000003,3.500000000000003,55.0,55.0,0.475,0.525
grid-3008658-m2,dota,grid,ok,False,0.59,0.515,7.499999999999996,7.499999999999996,57.0,57.0,0.485,0.515
grid-3008659-m1,dota,grid,ok,False,0.6080402010050251,0.545,6.304020100502505,6.304020100502505,76.0,76.0,0.45499999999999996,0.545
grid-3008659-m2,dota,grid,ok,False,0.605,0.675,7.000000000000006,-7.000000000000006,52.0,52.0,0.325,0.675
grid-3008660-m1,dota,grid,ok,False,0.35,0.445,9.500000000000004,-9.500000000000004,69.0,69.0,0.555,0.445
grid-3008660-m2,dota,grid,ok,True,0.47029702970297027,0.43999999999999995,3.0297029702970324,3.0297029702970324,13.0,23.0,0.43999999999999995,0.56
grid-3008660-m3,dota,grid,ok,False,0.415,0.475,6.0,-6.0,89.0,89.0,0.525,0.475
grid-3008839-m1,dota,grid,no_model_prior,,,,,,,,,
grid-3008839-m2,dota,grid,ok,False,0.665,0.72,5.499999999999994,-5.499999999999994,70.0,70.0,0.28,0.72
grid-3009247-m1,dota,grid,ok,True,0.21,0.15500000000000003,5.4999999999999964,5.4999999999999964,59.0,59.0,0.15500000000000003,0.845
grid-3009247-m2,dota,grid,ok,True,0.2,0.245,4.499999999999998,-4.499999999999998,62.0,62.0,0.245,0.755
grid-3009714-m1,dota,grid,ok,False,0.5,0.195,30.5,30.5,68.0,68.0,0.8049999999999999,0.195
grid-3009714-m2,dota,grid,ok,True,0.885,0.865,2.0000000000000018,2.0000000000000018,60.0,60.0,0.865,0.135
grid-3010154-m1,dota,grid,ok,False,0.2,0.16999999999999998,3.0000000000000027,3.0000000000000027,75.0,75.0,0.8300000000000001,0.16999999999999998
grid-3010154-m2,dota,grid,ok,False,0.175,0.16,1.4999999999999987,1.4999999999999987,40.0,60.0,0.84,0.16
