name,s,pessimistic,pnl,bought,c_per_$,median_map,worst,neg,fills,peak_p95,p0_8,p8_20,p20
h1 flat (control),20,False,11.828340615920645,42688.641109355616,0.027708402770704157,3.552019344326535,-54.319945,0.36666666666666664,4980,101.97464035940177,88.31602173035098,-5.7014939742643165,-199.8937056108231
h3 flat (control),20,False,342.96596391972923,12465.182106761635,2.751391523864623,6.678878750000001,-54.06364500000001,0.23333333333333334,1491,72.93533275985709,52.688731959373634,88.59193075765467,160.02777286638417
phase 1/2/3,20,False,420.23686893915254,21051.80483011156,1.9962035195104249,9.042871877712962,-49.72554000000001,0.3,2534,70.90442704248413,92.13173137306953,94.85325086377667,163.79930545605356
phase 1/3/3,20,False,394.2543845505247,18260.474521474836,2.159058813542169,7.356998658347198,-48.92610999999999,0.26666666666666666,2190,68.91002258205384,99.73919863263652,89.51841634491745,144.42428596327673
phase 2/2/3,20,False,356.24838408844676,16605.32584262192,2.145386290307185,7.972389182739262,-51.80422055607724,0.3333333333333333,1989,72.02477133941635,82.44687177623234,77.13282259570767,142.62127691852908
h1 + jump+2,20,False,463.47230560144624,20710.826257806417,2.2378262452312936,7.8934000529167765,-54.06364500000001,0.23333333333333334,2511,71.05733844947808,74.29189290324632,107.77446905876465,212.528738236768
h2 + jump+1,20,False,408.67420415803434,14693.14270732969,2.7813940985829175,6.61228807569886,-54.06364500000001,0.26666666666666666,1772,62.935330851554745,57.53788220645564,110.84947400474266,189.745928213643
phase 1/2/3 + jump+1,20,False,460.5144347604854,14568.5449978441,3.1610187210090905,7.692705432739253,-48.808015556077244,0.16666666666666666,1752,71.62494505405425,98.90987537914077,103.84654353965179,206.75562298200543
h1 flat (control),20,True,-87.07484999999966,34770.799999999996,-0.25042521310984983,-3.472747499999983,-61.18612500000002,0.6,3484,99.91000000000051,74.99999999999997,-22.533333333333363,-244.86666666666687
h3 flat (control),20,True,219.48386499999995,10914.2,2.010993613824192,3.481367499999995,-54.06364500000001,0.3,1134,61.03999999999999,43.099999999999994,71.59999999999997,68.49999999999986
phase 1/2/3,20,True,259.91946,17094.8,1.5204592039684584,4.590597500000003,-56.790925000000016,0.36666666666666664,1754,62.849999999999916,75.09999999999998,63.53333333333329,64.96666666666654
phase 1/3/3,20,True,265.7341800000001,15142.8,1.754854980584833,2.483005000000004,-56.190190000000015,0.4,1561,61.529999999999994,80.59999999999997,81.79999999999998,53.19999999999986
phase 2/2/3,20,True,227.89257999999998,13995.999999999998,1.6282693626750502,1.9259850000000025,-55.664935000000014,0.4,1442,65.96999999999997,63.60000000000001,55.13333333333327,65.06666666666653
h1 + jump+2,20,True,295.03563,16575.199999999997,1.7799823229885616,3.328760000000007,-54.06364500000001,0.3,1704,64.99999999999993,72.79999999999998,70.29999999999998,94.99999999999987
h2 + jump+1,20,True,260.407875,12437.4,2.0937484924501906,4.228984999999997,-54.06364500000001,0.3333333333333333,1282,60.76999999999998,48.3,78.79999999999997,90.89999999999989
phase 1/2/3 + jump+1,20,True,321.1713950000001,11977.800000000001,2.6813888610596273,6.1184375000000015,-53.466300000000004,0.3,1249,58.91999999999999,88.19999999999999,90.3333333333333,100.26666666666664
h1 flat (control),50,False,96.13041931096325,102051.5589110643,0.09419789402211758,0.6501453359541891,-87.24401250000005,0.4666666666666667,5331,173.64878550443794,123.80204031293619,-11.256929904083796,-316.597883776226
h3 flat (control),50,False,813.2282546149851,32319.111296392086,2.5162457196209136,21.864073190702193,-86.40001249999996,0.16666666666666666,1744,124.9249999999999,114.13228982246467,158.60767730246607,434.4614676139035
phase 1/2/3,50,False,924.2867376252389,53526.007272821065,1.7267993349740558,22.4079624434886,-93.21821250000004,0.26666666666666666,2875,130.24999999999991,133.92157908542129,180.03084698920026,443.3186525967735
phase 1/3/3,50,False,901.6265945016751,46870.968180879354,1.9236355242806498,21.01422927271034,-91.71622499999997,0.23333333333333334,2511,129.425,129.22906252960522,176.42212345251534,449.68006845284185
phase 2/2/3,50,False,998.6177806825268,43103.459975702164,2.316792622321868,21.202470123475088,-57.50977805607724,0.26666666666666666,2376,115.25689342212718,190.14189731148306,179.65317207721876,490.579129769435
h1 + jump+2,50,False,1001.6996071870731,53034.482113885286,1.8887704136264432,21.635302014705196,-86.40001249999996,0.16666666666666666,2883,135.41791731184733,145.73488674777587,198.6222007987149,488.9398606672647
h2 + jump+1,50,False,1045.5759513939195,38092.11840298519,2.7448616544045508,23.26910883292055,-86.40001249999996,0.2,2109,130.50167872142785,156.84137540677403,237.84408415771597,523.7330686504362
phase 1/2/3 + jump+1,50,False,1173.3457944694503,37185.07214157641,3.155421589615633,18.334583861840017,-65.48412805607727,0.16666666666666666,1966,119.428978924155,180.0184153690328,226.3795942179546,644.8173148011384
h1 flat (control),50,True,-160.5740625000001,86718.5,-0.1851670203013199,-2.300650000000008,-99.71892500000004,0.6,3466,183.72499999999994,114.3333333333333,-55.20833333333327,-477.7500000000001
h3 flat (control),50,True,693.8401249999998,28895.0,2.4012463228932335,15.279731250000019,-86.40001250000002,0.23333333333333334,1190,134.14999999999998,89.37499999999999,116.13749999999999,395.3624999999999
phase 1/2/3,50,True,750.8698250000001,45795.0,1.639632765585763,17.318725000000022,-93.21821249999998,0.2,1865,141.12499999999997,117.69999999999997,125.71666666666664,361.4166666666666
phase 1/3/3,50,True,765.9135500000001,40112.0,1.9094374501396094,19.12560625,-91.71622500000002,0.2,1640,133.02499999999998,115.61666666666665,130.17499999999995,391.9999999999999
phase 2/2/3,50,True,737.13375,38032.0,1.9381934949516197,12.783568749999986,-90.40331250000001,0.26666666666666666,1555,143.775,131.22500000000002,122.99791666666667,364.0687499999999
h1 + jump+2,50,True,816.2840749999999,45270.0,1.8031457366909651,15.815781250000022,-86.40001250000002,0.23333333333333334,1850,133.92499999999995,154.375,130.55416666666662,382.9458333333332
h2 + jump+1,50,True,834.9271124999998,33316.5,2.5060468911800453,15.931025000000002,-86.40001250000002,0.23333333333333334,1371,135.49999999999997,123.79166666666667,178.9708333333333,424.7791666666665
phase 1/2/3 + jump+1,50,True,998.352275,32557.0,3.0664750284117086,17.312875,-86.40263750000001,0.16666666666666666,1346,130.24999999999994,160.36666666666667,185.38124999999997,543.0854166666666
