match,game,joined,teams,status,fills,episodes,excluded_open_episodes,buy_usdc,gross_cash_error,model
grid-2965527-m1,lol,2026-09-08T16:09:00.656444Z,mCon esports vs Frites Esports Club,included,6,1,0,15.0027,4.440892098500626e-16,20260904T193238Z
grid-2965527-m2,lol,2026-09-08T17:02:53.971749Z,Frites Esports Club vs mCon esports,included,4,1,0,4.9987,3.3306690738754696e-16,20260904T193238Z
grid-2965527-m3,lol,2026-09-08T17:55:24.726441Z,Frites Esports Club vs mCon esports,included,6,1,0,14.9963,6.661338147750939e-16,20260904T193238Z
grid-2965528-m2,lol,2026-09-10T16:57:59.883497Z,Senshi Esports Club vs The Bandits,included,13,3,0,155.6257,0.0,20260904T193238Z
grid-2965528-m3,lol,2026-09-10T17:47:13.190273Z,Senshi Esports Club vs The Bandits,included,13,2,0,121.64914499999999,0.0,20260904T193238Z
grid-2967262-m1,lol,2026-09-07T23:09:07.687049Z,Zeu5 Esports vs Fuego,included,8,2,0,58.5638,-5.329070518200751e-15,20260904T193238Z
grid-2967262-m2,lol,2026-09-07T23:56:41.603168Z,Zeu5 Esports vs Fuego,included,6,2,0,39.9975,0.0,20260904T193238Z
grid-2967262-m3,lol,2026-09-08T01:07:01.072795Z,Zeu5 Esports vs Fuego,included,3,1,0,19.9998,0.0,20260904T193238Z
grid-2968612-m1,lol,2026-09-07T18:17:13.818194Z,Otter Side vs Bubliki,included,10,2,0,63.150783,-3.552713678800501e-15,20260904T193238Z
grid-2968612-m2,lol,2026-09-07T19:09:55.077331Z,Bubliki vs Otter Side,included,5,1,0,70.0001,3.552713678800501e-15,20260904T193238Z
grid-2968612-m3,lol,2026-09-07T20:01:02.224495Z,Otter Side vs Bubliki,included,15,1,0,46.788177,0.0,20260904T193238Z
grid-2968612-m4,lol,2026-09-07T20:49:01.907677Z,Otter Side vs Bubliki,included,3,1,0,19.9938,-1.7763568394002505e-15,20260904T193238Z
grid-2968613-m1,lol,2026-09-08T18:21:52.170938Z,White Dragons vs Dominion Goblins,included,2,1,0,5.0,0.0,20260904T193238Z
grid-2968613-m2,lol,2026-09-08T19:10:33.035675Z,White Dragons vs Dominion Goblins,included,5,1,0,14.9926,0.0,20260904T193238Z
grid-2968613-m3,lol,2026-09-08T19:56:54.656612Z,White Dragons vs Dominion Goblins,included,5,1,0,15.0027,0.0,20260904T193238Z
grid-2971825-m1,lol,2026-09-07T16:03:42.686429Z,Ruddy Corporation vs Arctic Pandas,included,5,1,0,9.998099999999999,4.440892098500626e-16,20260904T193238Z
grid-2971825-m2,lol,2026-09-07T16:58:58.266806Z,Arctic Pandas vs Ruddy Corporation,included,6,2,0,40.0022,-1.7763568394002505e-15,20260904T193238Z
grid-2975627-m1,lol,2026-09-09T21:08:31.101709Z,NRG Esports vs Maryville University,included,6,1,0,15.002399999999998,-8.881784197001252e-16,20260904T193238Z
grid-2975627-m2,lol,2026-09-09T22:07:33.331431Z,NRG Esports vs Maryville University,trace_resets:1,4,0,0,0.0,0.0,20260904T193238Z
grid-2975627-m3,lol,2026-09-09T22:58:36.071189Z,NRG Esports vs Maryville University,included,21,2,0,312.194133,-8.881784197001252e-16,20260904T193238Z
grid-2975627-m4,lol,2026-09-09T23:50:09.667344Z,NRG Esports vs Maryville University,included,12,1,0,150.0005,-1.4210854715202004e-14,20260904T193238Z
grid-2975628-m1,lol,2026-09-10T21:08:07.896678Z,Winthrop University vs Maryville University,included,5,1,0,30.0012,0.0,20260904T193238Z
grid-2975628-m2,lol,2026-09-10T22:00:39.966552Z,Winthrop University vs Maryville University,included,2,1,0,4.692308,0.0,20260904T193238Z
grid-2975628-m3,lol,2026-09-10T22:48:42.468055Z,Winthrop University vs Maryville University,included,30,5,0,107.385742,1.7763568394002505e-15,20260904T193238Z
grid-2975628-m4,lol,2026-09-10T23:41:59.480942Z,Winthrop University vs Maryville University,included,7,2,0,39.996700000000004,-1.7763568394002505e-15,20260904T193238Z
grid-2975628-m5,lol,2026-09-11T00:33:03.271038Z,Winthrop University vs Maryville University,included,12,3,0,69.9945,0.0,20260904T193238Z
grid-2975629-m1,lol,2026-09-11T21:05:14.943524Z,Cupid Esports vs Maryville University,included,11,2,0,49.997,-1.7763568394002505e-15,20260904T193238Z
grid-2975629-m2,lol,2026-09-11T22:03:35.538622Z,Cupid Esports vs Maryville University,trace_resets:1,18,0,0,0.0,0.0,20260904T193238Z
grid-2975629-m3,lol,2026-09-11T23:01:00.168074Z,Cupid Esports vs Maryville University,included,9,3,0,30.0003,8.881784197001252e-16,20260904T193238Z
grid-2987005-m1,lol,2026-09-12T05:21:34.546304Z,Hanwha Life Esports vs T1,included,15,4,0,49.995,1.7763568394002505e-15,20260904T193238Z
grid-2987005-m2,lol,2026-09-12T06:33:58.239178Z,T1 vs Hanwha Life Esports,included,21,7,0,59.984234,2.4424906541753444e-15,20260904T193238Z
grid-2987005-m3,lol,2026-09-12T07:28:05.758624Z,Hanwha Life Esports vs T1,included,10,2,0,29.9952,8.881784197001252e-16,20260904T193238Z
grid-2987005-m4,lol,2026-09-12T08:21:40.242218Z,T1 vs Hanwha Life Esports,included,5,2,0,14.9949,8.881784197001252e-16,20260904T193238Z
grid-2996026-m1,dota,2026-09-07T09:16:27.274863Z,_PowerRangers vs Natus Vincere,missing_trace,6,0,0,0.0,0.0,20260904T222047Z
grid-2996027-m1,dota,2026-09-07T12:14:04.600892Z,Klim Sani4 vs HULIGANI,unreconciled:missing_receipts=2;[],2,0,0,10.001100000000001,0.0,20260904T222047Z
grid-2996027-m2,dota,2026-09-07T13:17:41.746316Z,HULIGANI vs Klim Sani4,trace_resets:1,4,0,0,0.0,0.0,20260904T222047Z
grid-2996028-m2,dota,2026-09-07T17:02:27.644809Z,Team Synapse vs MOUZ,included,4,2,0,20.0009,0.0,20260904T222047Z
grid-2996028-m3,dota,2026-09-07T18:06:38.245798Z,Team Synapse vs MOUZ,included,9,1,0,211.5965,-2.4868995751603507e-14,20260904T222047Z
grid-2996029-m1,dota,2026-09-07T19:34:09.403421Z,GamerLegion vs Pipsqueak + 4,trace_resets:1,7,0,0,0.0,0.0,20260904T222047Z
grid-2996030-m1,dota,2026-09-08T09:17:15.630816Z,_PowerRangers vs HULIGANI,included,7,2,0,139.9981,3.552713678800501e-15,20260904T222047Z
grid-2996030-m2,dota,2026-09-08T10:40:24.070317Z,HULIGANI vs _PowerRangers,included,3,1,0,70.0,0.0,20260904T222047Z
grid-2996031-m1,dota,2026-09-08T12:51:27.383225Z,Pipsqueak + 4 vs Team Synapse,included,7,1,0,139.9985,-1.9539925233402755e-14,20260904T222047Z
grid-2996031-m2,dota,2026-09-08T14:06:12.326393Z,Team Synapse vs Pipsqueak + 4,trace_resets:1,12,0,0,0.0,0.0,20260904T222047Z
grid-2996031-m3,dota,2026-09-08T15:34:24.199549Z,Team Synapse vs Pipsqueak + 4,included,4,1,0,185.876778,1.4210854715202004e-14,20260904T222047Z
grid-2996032-m1,dota,2026-09-08T16:49:17.583786Z,Klim Sani4 vs Natus Vincere,included,15,1,0,379.28450000000004,-1.4210854715202004e-14,20260904T222047Z
grid-2996032-m2,dota,2026-09-08T18:15:41.346975Z,Klim Sani4 vs Natus Vincere,included,8,2,0,174.440125,0.0,20260904T222047Z
grid-2996033-m1,dota,2026-09-08T20:46:55.836816Z,MOUZ vs GamerLegion,trace_resets:1,5,0,0,0.0,0.0,20260904T222047Z
grid-2996033-m3,dota,2026-09-08T23:41:09.357835Z,MOUZ vs GamerLegion,included,28,2,0,580.198811,-9.947598300641403e-14,20260904T222047Z
grid-2996035-m1,dota,2026-09-09T12:16:50.798677Z,MOUZ vs HULIGANI,included,25,2,0,365.34567000000004,-2.042810365310288e-14,20260904T222047Z
grid-2996035-m2,dota,2026-09-09T13:17:05.679085Z,HULIGANI vs MOUZ,included,23,1,0,470.3041,-2.842170943040401e-14,20260904T222047Z
grid-2996035-m3,dota,2026-09-09T14:05:58.637843Z,MOUZ vs HULIGANI,included,13,3,0,443.364827,-1.4210854715202004e-14,20260904T222047Z
grid-2996036-m1,dota,2026-09-09T17:37:34.534591Z,Team Synapse vs Klim Sani4,included,12,2,0,364.806041,-3.197442310920451e-14,20260904T222047Z
grid-2996036-m2,dota,2026-09-09T18:47:41.471757Z,Team Synapse vs Klim Sani4,included,6,1,0,100.00200000000001,2.220446049250313e-16,20260904T222047Z
grid-2996036-m3,dota,2026-09-09T19:52:32.699025Z,Team Synapse vs Klim Sani4,included,13,2,0,400.006767,-1.4210854715202004e-14,20260904T222047Z
grid-2996037-m1,dota,2026-09-09T21:02:34.027686Z,MOUZ vs Klim Sani4,included,6,1,0,200.00080000000003,1.3322676295501878e-14,20260904T222047Z
grid-2996037-m2,dota,2026-09-09T22:18:37.776029Z,MOUZ vs Klim Sani4,trace_resets:1,17,0,0,0.0,0.0,20260904T222047Z
grid-2996037-m3,dota,2026-09-09T23:35:35.722109Z,MOUZ vs Klim Sani4,included,11,1,0,393.926803,-7.105427357601002e-15,20260904T222047Z
grid-2999024-m1,lol,2026-09-10T18:16:29.661881Z,Bubliki vs Dominion Goblins,trace_resets:1,12,0,0,0.0,0.0,20260904T193238Z
grid-2999024-m2,lol,2026-09-10T19:06:30.531222Z,Dominion Goblins vs Bubliki,included,4,1,0,9.9968,0.0,20260904T193238Z
grid-2999024-m3,lol,2026-09-10T19:52:49.935877Z,Bubliki vs Dominion Goblins,included,7,2,0,22.6436,0.0,20260904T193238Z
grid-2999024-m4,lol,2026-09-10T21:01:24.830624Z,Dominion Goblins vs Bubliki,included,5,1,0,26.316200000000002,1.7763568394002505e-15,20260904T193238Z
grid-2999024-m5,lol,2026-09-10T21:47:08.568499Z,Bubliki vs Dominion Goblins,included,6,1,0,29.9996,-1.7763568394002505e-15,20260904T193238Z
grid-3002600-m1,lol,2026-09-11T15:11:39.732035Z,GIANTX vs Natus Vincere,included,6,2,0,28.005740000000003,1.9984014443252818e-15,20260904T193238Z
grid-3002600-m2,lol,2026-09-11T15:57:27.527666Z,GIANTX vs Natus Vincere,included,17,5,0,110.0094,7.105427357601002e-15,20260904T193238Z
grid-3002600-m3,lol,2026-09-11T16:54:17.534870Z,Natus Vincere vs GIANTX,included,13,4,0,80.00099999999999,-8.881784197001252e-16,20260904T193238Z
grid-3002600-m4,lol,2026-09-11T17:53:44.784047Z,GIANTX vs Natus Vincere,included,11,3,0,50.001400000000004,5.10702591327572e-15,20260904T193238Z
grid-3002600-m5,lol,2026-09-11T18:53:01.152585Z,Natus Vincere vs GIANTX,included,7,3,0,30.0015,0.0,20260904T193238Z
grid-3003935-m1,dota,2026-09-12T08:18:55.520471Z,Natus Vincere vs Zero Tenacity,included,3,1,0,9.9952,0.0,20260904T222047Z
grid-3003935-m2,dota,2026-09-12T09:32:12.730265Z,Zero Tenacity vs Natus Vincere,included,5,1,0,11.339631,-2.220446049250313e-16,20260904T222047Z
grid-3003938-m1,dota,2026-09-12T08:12:11.301987Z,Execration vs Yangon Galacticos,included,1,0,1,4.998,0.0,20260904T222047Z
grid-3003938-m2,dota,2026-09-12T09:09:43.858745Z,Yangon Galacticos vs Execration,included,4,1,0,6.683556,0.0,20260904T222047Z
grid-3003938-m3,dota,2026-09-12T10:09:50.580936Z,Yangon Galacticos vs Execration,included,4,1,0,14.997900000000001,-8.881784197001252e-16,20260904T222047Z
grid-3004386-m2,lol,2026-09-08T16:51:51.165608Z,Lenovo Legion Honvéd vs MAGAZA,included,16,2,0,29.9969,1.7763568394002505e-15,20260904T193238Z
grid-3004386-m3,lol,2026-09-08T17:40:32.104235Z,Lenovo Legion Honvéd vs MAGAZA,included,3,1,0,5.000800000000001,3.3306690738754696e-16,20260904T193238Z
grid-3004388-m2,lol,2026-09-10T17:01:37.856787Z,The Secret Club Esport vs MAGAZA,included,5,1,0,75.3983,3.552713678800501e-15,20260904T193238Z
grid-3004388-m3,lol,2026-09-10T17:46:52.755534Z,MAGAZA vs The Secret Club Esport,included,11,1,0,118.4388,2.6645352591003757e-14,20260904T193238Z
grid-3004388-m5,lol,2026-09-10T19:22:45.768553Z,The Secret Club Esport vs MAGAZA,included,18,3,0,44.416032,2.220446049250313e-15,20260904T193238Z
grid-3004578-m1,dota,2026-09-07T09:12:27.711078Z,Carstensz Esports vs Yangon Galacticos,missing_trace,4,0,0,0.0,0.0,20260904T222047Z
grid-3004578-m2,dota,2026-09-07T10:08:32.443388Z,Carstensz Esports vs Yangon Galacticos,missing_trace,2,0,0,0.0,0.0,20260904T222047Z
grid-3004583-m1,dota,2026-09-11T03:24:44.547221Z,InterActive Philippines vs Team Nemesis,included,4,1,0,197.740682,0.0,20260904T222047Z
grid-3004583-m2,dota,2026-09-11T04:41:50.420098Z,Team Nemesis vs InterActive Philippines,included,8,1,0,44.7825,-2.220446049250313e-15,20260904T222047Z
grid-3004583-m3,dota,2026-09-11T05:53:28.188470Z,InterActive Philippines vs Team Nemesis,included,5,1,0,103.785871,1.5987211554602254e-14,20260904T222047Z
grid-3005559-m1,lol,2026-09-08T14:18:01.242279Z,EXILE esports vs NightBirds,included,3,1,0,5.0016,-1.1102230246251565e-16,20260904T193238Z
grid-3005560-m2,lol,2026-09-09T15:09:13.264194Z,CITA Kaizen vs Meavedron,included,6,2,0,35.3439,-2.6645352591003757e-15,20260904T193238Z
grid-3005971-m1,dota,2026-09-12T02:18:10.287089Z,Team Nemesis vs InterActive Philippines,included,6,1,0,15.0006,6.661338147750939e-16,20260904T222047Z
grid-3005971-m2,dota,2026-09-12T03:31:19.037066Z,InterActive Philippines vs Team Nemesis,included,7,2,0,23.9908,-8.881784197001252e-16,20260904T222047Z
grid-3005973-m1,dota,2026-09-12T11:21:24.741958Z,Xipto Esports vs Team Bored,included,4,1,0,60.0007,0.0,20260912T100229Z
grid-3006423-m2,dota,2026-09-10T14:05:37.000511Z,GamerLegion vs Klim Sani4,included,13,1,0,483.253394,8.526512829121202e-14,20260904T222047Z
grid-3006669-m1,dota,2026-09-10T16:18:35.369095Z,Natus Vincere vs Klim Sani4,included,7,1,0,299.9993,-1.4210854715202004e-14,20260904T222047Z
grid-3006669-m2,dota,2026-09-10T17:43:02.217431Z,Natus Vincere vs Klim Sani4,included,17,3,0,611.359183,-6.039613253960852e-14,20260904T222047Z
